# Blender 4.2.2 LTS
# www.blender.org
mtllib SM_Croissant_NN_02a.mtl
o SM_Croissant_NN_02a
v 0.003973 0.047554 -0.055761
v 0.003741 0.045873 -0.056382
v 0.004032 0.045770 -0.054497
v 0.005326 0.043381 -0.059823
v 0.005739 0.046712 -0.060542
v 0.003999 0.043180 -0.059081
v 0.004987 0.048660 -0.061453
v 0.003557 0.049908 -0.055950
v 0.005090 0.050515 -0.059377
v 0.004640 0.047650 -0.053548
v 0.006093 0.064388 -0.047020
v 0.003116 0.046902 -0.057765
v 0.004291 0.048828 -0.058620
v 0.004944 0.047847 -0.059716
v 0.004208 0.049004 -0.054385
v 0.005035 0.059735 -0.052194
v 0.004458 0.052220 -0.056434
v 0.006047 0.055791 -0.055386
v 0.004266 0.055710 -0.053263
v 0.004187 0.058608 -0.058188
v 0.004803 0.056970 -0.054256
v 0.005531 0.056310 -0.050521
v 0.005313 0.059725 -0.054409
v 0.004823 0.051161 -0.053100
v 0.005594 0.060359 -0.056346
v 0.005823 0.058173 -0.057078
v 0.004113 0.054273 -0.054347
v 0.007304 0.055677 -0.049115
v 0.006207 0.065503 -0.046064
v 0.005568 0.061873 -0.052873
v 0.005426 0.062656 -0.049366
v 0.007669 0.052263 -0.056727
v 0.006904 0.054741 -0.057060
v 0.007147 0.053515 -0.058368
v 0.004974 0.045493 -0.059550
v 0.005107 0.058214 -0.050876
v 0.005120 0.053285 -0.056064
v 0.007189 0.052400 -0.056514
v 0.006899 0.051876 -0.056709
v 0.007827 0.051151 -0.057395
v 0.006547 0.053399 -0.059561
v 0.005846 0.052283 -0.057088
v 0.008179 0.047419 -0.053215
v 0.007324 0.053292 -0.056550
v 0.005834 0.042411 -0.061130
v 0.004752 0.053891 -0.060140
v 0.001448 0.045225 -0.063107
v 0.003820 0.047026 -0.062745
v 0.007848 0.051778 -0.057646
v 0.007352 0.050854 -0.057443
v 0.007038 0.050716 -0.059213
v 0.004665 0.052615 -0.060527
v 0.006331 0.057295 -0.048580
v 0.007264 0.053271 -0.059008
v 0.007646 0.052332 -0.058964
v 0.006329 0.051365 -0.057335
v 0.007412 0.052821 -0.057684
v -0.007876 0.071190 0.035262
v -0.005362 0.075449 0.030052
v -0.009225 0.074139 0.030912
v -0.026529 0.003323 -0.029755
v -0.028589 0.003026 -0.032075
v -0.015301 0.050549 0.047307
v -0.017234 0.042026 0.048682
v -0.014724 0.045817 0.048238
v -0.021474 0.009216 -0.042752
v -0.020475 0.013699 -0.046013
v -0.016465 0.011775 -0.045653
v -0.031191 0.065322 0.030846
v -0.028508 0.067502 0.027911
v -0.033324 0.065726 0.030661
v -0.013646 0.073250 0.027546
v -0.008914 0.010511 -0.046367
v -0.011408 0.011949 -0.047799
v -0.034149 0.063568 0.031815
v -0.034903 0.061923 0.032443
v -0.033361 0.063572 0.032720
v -0.013617 0.009048 -0.044298
v -0.035205 0.060011 0.035118
v -0.030807 0.058452 0.036867
v -0.048340 0.006602 -0.033671
v -0.047041 0.003770 -0.029943
v -0.011441 0.051542 0.048419
v -0.012760 0.055422 0.045503
v -0.013009 0.044764 0.050226
v -0.005896 0.054947 0.049610
v -0.007067 0.057844 0.047852
v -0.026552 0.000514 -0.011392
v -0.028297 0.000718 -0.014678
v -0.027731 0.063523 0.032488
v -0.006933 0.012121 -0.047973
v -0.008040 0.048898 0.050934
v -0.050845 -0.000383 -0.008459
v -0.052766 0.000369 -0.009980
v -0.036587 0.061786 0.031586
v -0.055341 0.006580 -0.031053
v -0.054877 0.004324 -0.027520
v -0.058876 0.006210 -0.028466
v -0.025916 0.065597 0.028745
v -0.023114 0.065939 0.030540
v -0.025793 0.063335 0.032791
v -0.012602 0.070196 0.033173
v -0.024396 0.015453 -0.046218
v -0.024960 0.012695 -0.043963
v -0.033434 0.000508 -0.011622
v -0.023213 0.016930 -0.047095
v -0.059805 0.004141 -0.029017
v -0.058877 0.005139 -0.027606
v -0.037961 0.058826 0.033377
v -0.039201 0.056009 0.033852
v -0.037036 0.057678 0.035878
v -0.023405 0.002914 -0.030078
v -0.039510 0.003631 -0.031547
v -0.038106 0.006498 -0.034414
v -0.036836 0.003252 -0.031299
v -0.068749 0.010734 -0.032467
v -0.068790 0.015265 -0.032164
v -0.017206 0.005376 -0.038739
v -0.020751 0.004042 -0.035834
v -0.020503 0.005650 -0.039627
v -0.031760 0.005431 -0.036017
v -0.042019 0.003360 -0.029654
v -0.047656 0.002082 -0.025715
v -0.040707 0.057426 0.031936
v -0.026810 0.060375 0.035825
v -0.025410 0.058122 0.037786
v -0.023221 0.063764 0.035113
v -0.013730 0.006136 -0.040337
v -0.034113 0.005336 -0.033623
v -0.033332 0.003905 -0.030933
v -0.009293 0.046451 0.051450
v -0.008122 0.059424 0.046091
v -0.037712 0.065037 0.027281
v -0.018444 0.048047 0.046986
v -0.039763 0.059808 0.028789
v -0.020637 0.001500 -0.024891
v -0.021393 0.002087 -0.029896
v -0.035184 0.065759 0.028384
v -0.009922 -0.000013 -0.008509
v -0.006370 0.047771 0.052071
v -0.005276 0.043950 0.053505
v -0.008347 0.044200 0.052364
v -0.007540 0.076181 0.028892
v -0.008273 0.076901 0.025687
v -0.010147 0.076636 0.025841
v -0.028764 0.058669 0.036127
v -0.041555 0.056657 0.029661
v -0.042085 0.006415 -0.034045
v -0.015347 0.017515 -0.050079
v -0.013765 0.014803 -0.049397
v -0.056972 0.019808 -0.038248
v -0.057407 0.017250 -0.036083
v -0.057808 0.019025 -0.037351
v -0.023893 0.001002 -0.019508
v -0.038822 0.061992 0.028513
v -0.021567 0.003829 -0.034035
v -0.022530 0.006485 -0.038632
v -0.030453 0.002966 -0.029356
v -0.026200 0.005973 -0.036758
v -0.061531 0.012850 -0.032378
v -0.056261 0.010630 -0.033425
v -0.058145 0.009298 -0.031471
v -0.048835 0.000045 -0.006721
v -0.045402 -0.000078 -0.008693
v -0.045043 0.008433 -0.035423
v -0.028185 0.021778 -0.047188
v -0.022485 0.022105 -0.049659
v -0.027046 0.019523 -0.046058
v -0.012445 0.059920 0.042858
v -0.014727 0.056635 0.043793
v -0.016505 0.066777 0.032657
v -0.021975 0.065805 0.033982
v -0.025885 0.049926 0.040997
v -0.025056 0.054179 0.040272
v -0.025661 0.054726 0.038657
v -0.017073 0.021229 -0.051297
v -0.010473 0.067433 0.036919
v -0.008998 0.066768 0.039619
v -0.017650 0.064267 0.035539
v -0.014281 0.003622 -0.035183
v -0.018849 0.058883 0.039420
v -0.017784 0.061137 0.037645
v -0.007485 0.061832 0.044080
v -0.011442 0.066389 0.037941
v -0.020326 0.058054 0.039991
v -0.020003 0.070058 0.028904
v -0.020912 0.068477 0.030677
v -0.014802 0.069066 0.033321
v -0.014974 0.065541 0.036983
v -0.015510 0.063497 0.038657
v -0.030848 0.053024 0.039700
v -0.030772 0.054750 0.038426
v -0.020396 0.071190 0.026362
v -0.026876 0.047681 0.042332
v -0.021621 0.068635 0.027655
v -0.013874 0.011421 -0.046959
v -0.029820 0.047743 0.041720
v -0.023453 0.061059 0.037320
v -0.023959 0.055666 0.040980
v -0.021757 0.066590 0.030318
v -0.050603 -0.000410 -0.003366
v -0.018482 0.058682 0.040694
v -0.034988 0.049479 0.041008
v -0.026893 0.001749 -0.027054
v -0.022099 0.066517 0.031786
v -0.017935 0.000722 -0.000603
v -0.014664 0.000328 -0.004723
v -0.052372 0.006548 -0.032209
v -0.006373 0.066403 0.041610
v -0.006710 0.070478 0.037244
v -0.040942 0.051161 0.034989
v -0.015171 0.070353 0.029540
v -0.032445 0.042777 0.043598
v -0.042546 0.052650 0.031676
v -0.037918 0.046025 0.040538
v -0.033979 0.002951 -0.027852
v -0.009729 0.059303 0.045711
v -0.012291 0.062515 0.040375
v -0.015150 -0.000298 -0.020525
v -0.012578 0.063565 0.038709
v -0.015843 0.070083 0.028446
v -0.021625 0.062413 0.035907
v -0.014262 0.061395 0.039767
v -0.037469 0.051466 0.037235
v -0.035339 0.052259 0.038332
v -0.015401 0.059205 0.041254
v -0.046309 0.049886 0.030037
v -0.035354 0.040316 0.041689
v -0.006462 0.062455 0.045057
v -0.032369 0.002590 -0.026260
v -0.023365 0.000030 -0.009043
v -0.024241 0.000031 -0.013872
v -0.017054 -0.000992 -0.013204
v -0.013022 0.060036 0.040996
v -0.014276 0.001542 -0.003622
v -0.038760 0.047877 0.039227
v -0.005450 0.064947 0.044141
v -0.052290 0.008598 -0.034161
v -0.015830 0.057289 0.042323
v -0.037614 0.053667 0.036698
v -0.037907 0.040751 0.040776
v -0.017428 0.057383 0.040989
v -0.025117 0.047942 0.043420
v -0.016769 0.051847 0.046268
v -0.042079 0.043506 0.037242
v -0.041857 0.048683 0.035911
v -0.026454 0.041254 0.044101
v -0.039049 0.050796 0.037100
v -0.046183 0.008467 -0.035582
v -0.046230 0.044625 0.032791
v -0.011573 0.023408 -0.052903
v -0.028219 0.075562 0.014693
v -0.028639 0.074036 0.018150
v -0.042182 0.057922 0.026558
v -0.020634 0.055915 0.041623
v -0.032487 0.070757 0.019024
v -0.031475 0.074064 0.014806
v -0.020605 0.046393 0.046065
v -0.048157 0.044990 0.030173
v -0.016238 -0.000959 -0.018236
v -0.050255 0.003772 -0.029355
v -0.043089 0.045684 0.035023
v -0.005950 0.080723 0.021652
v -0.035735 0.069967 0.020164
v -0.033030 0.070229 0.021316
v -0.034342 0.070679 0.017561
v -0.018542 -0.000241 -0.008284
v -0.033108 0.073127 0.013341
v -0.014927 0.070955 0.026693
v -0.017607 0.071481 0.025158
v -0.036138 -0.000478 -0.015708
v -0.039986 0.000329 -0.011870
v -0.046687 0.040060 0.033238
v -0.014669 0.073392 0.025661
v -0.017529 0.072776 0.024440
v -0.018393 0.073269 0.020547
v -0.019599 0.073447 0.022046
v -0.044775 0.039691 0.034814
v -0.021102 0.071963 0.021128
v -0.025027 0.000933 -0.000615
v -0.037607 0.068735 0.020682
v -0.036146 0.070479 0.016590
v -0.011261 0.000620 -0.007249
v -0.013541 -0.000563 -0.010256
v -0.019319 0.074534 0.019382
v -0.014826 0.077134 0.017157
v -0.012934 0.078061 0.017094
v -0.013019 0.079268 0.014700
v -0.049481 0.012306 -0.037196
v -0.018408 0.075553 0.017875
v -0.019122 0.072152 0.025580
v -0.009080 0.080223 0.019427
v -0.013853 0.077960 0.014348
v -0.014482 0.079862 0.010710
v -0.016083 0.078933 0.011994
v -0.021275 0.073797 0.016424
v -0.036115 0.072269 0.011132
v -0.010911 0.077652 0.020690
v -0.020519 0.070296 0.025715
v -0.022661 0.072096 0.018102
v -0.016641 0.080052 0.010412
v -0.016977 0.077837 0.012437
v -0.023642 0.069344 0.025082
v -0.037435 0.069812 0.013371
v -0.008610 0.081872 0.014923
v -0.040220 0.002443 -0.027166
v -0.013050 0.080456 0.012365
v -0.010460 0.081146 0.011684
v -0.018879 0.074639 0.016897
v -0.010689 0.079842 0.015434
v -0.013329 0.076553 0.019279
v -0.012207 0.080950 0.010231
v -0.016665 0.073518 0.022812
v -0.014980 0.074708 0.023044
v -0.018067 0.076458 0.012179
v -0.016032 0.077452 0.010713
v -0.014415 0.000594 -0.025975
v -0.014062 0.002067 -0.030497
v -0.024311 0.072064 0.015807
v -0.006656 0.084728 0.010266
v -0.005970 0.081967 0.017911
v -0.019466 0.049413 0.045094
v -0.028267 0.004521 -0.033426
v -0.060934 0.018289 -0.034067
v -0.050685 0.009489 -0.035568
v -0.027893 0.006709 -0.036747
v -0.022699 0.073440 0.011856
v -0.014614 0.074692 0.020149
v -0.019521 0.052726 0.043290
v -0.065305 0.005979 -0.030916
v -0.018553 0.076793 0.007634
v -0.042679 0.000261 -0.008449
v -0.027739 0.025891 -0.048621
v -0.024070 0.027815 -0.050571
v -0.009863 0.083136 0.008866
v -0.025191 0.001330 -0.023624
v -0.024614 0.073330 0.013143
v -0.007969 0.085323 0.002404
v -0.006848 0.085299 0.005158
v -0.021945 0.074762 0.009725
v -0.012122 0.082761 0.005337
v -0.023339 0.045762 0.045470
v -0.008980 -0.000196 -0.019359
v -0.048156 0.000241 -0.001627
v -0.029213 0.071688 0.022540
v -0.006824 0.086991 -0.004534
v -0.038295 0.070069 0.006169
v -0.036018 0.071043 0.003243
v -0.037015 0.070947 0.000742
v -0.026686 0.078456 -0.001221
v -0.028684 0.076359 -0.006905
v -0.027846 0.078388 0.003945
v -0.029933 0.075653 0.009602
v -0.026730 0.078168 0.007769
v -0.025889 0.076210 0.011610
v -0.032427 0.075785 0.007328
v -0.033446 0.075364 0.004413
v -0.034417 0.073801 0.008282
v -0.010303 0.083870 -0.001399
v -0.011777 0.082519 -0.000578
v -0.008236 0.000663 -0.029773
v -0.006918 0.000791 -0.024576
v -0.059473 0.015074 -0.034217
v -0.062715 0.016098 -0.033578
v -0.034751 0.072632 -0.000424
v -0.033875 0.074301 0.002939
v -0.032699 0.074601 -0.003905
v -0.006340 0.086820 0.004883
v -0.033360 0.000201 -0.007326
v -0.030166 0.076652 0.000196
v -0.035556 0.072593 0.006673
v -0.008720 0.084800 -0.004949
v -0.017026 0.051866 0.044600
v -0.010499 0.000031 -0.026268
v -0.024196 0.078495 -0.007697
v -0.033387 0.072412 -0.006504
v -0.036334 0.071640 -0.003463
v -0.026738 0.068507 0.024162
v -0.035077 0.007264 -0.036113
v -0.034342 0.000801 -0.025755
v -0.024091 0.077223 0.007119
v -0.038403 0.070159 0.001606
v -0.038431 0.069124 -0.000184
v -0.010405 0.083491 -0.004396
v -0.038276 0.070266 -0.003413
v -0.039726 0.069098 -0.005290
v -0.010527 0.082698 -0.003015
v -0.035388 0.071640 -0.006638
v -0.065473 0.017506 -0.031963
v -0.039128 0.067577 -0.003223
v -0.036807 0.070682 0.006710
v -0.007260 0.005261 -0.041037
v -0.007714 0.003503 -0.037948
v -0.040556 0.008699 -0.036730
v 0.005604 0.046035 -0.054182
v -0.037008 0.011166 -0.038700
v -0.037610 0.068581 0.010727
v -0.013771 0.080332 0.008605
v -0.031786 0.074081 -0.007029
v -0.023833 0.078860 0.003283
v -0.043796 0.001219 -0.025315
v -0.021627 0.075301 0.007453
v -0.016998 0.080316 0.006603
v 0.004143 0.044897 -0.062948
v 0.004175 0.042124 -0.059218
v -0.016726 0.009003 -0.043614
v -0.009845 0.084115 -0.008025
v -0.019657 0.077552 0.003832
v -0.016626 0.081310 0.005129
v -0.016704 0.078525 0.006628
v -0.012576 0.082658 -0.004462
v -0.023519 0.075051 0.009548
v -0.014749 0.080240 -0.002200
v -0.014268 0.082171 0.001032
v 0.005904 0.064322 -0.050342
v -0.021660 0.078364 -0.005657
v -0.019096 0.080193 -0.006114
v -0.020164 0.078501 -0.006883
v -0.039263 0.068757 -0.000585
v -0.015279 0.079305 0.000487
v -0.053589 0.056172 0.011044
v -0.056067 0.050839 0.012737
v -0.054354 0.054690 0.015636
v -0.014714 0.082037 0.005675
v -0.068650 0.045028 0.013709
v -0.070391 0.043885 0.012829
v -0.016582 0.079263 -0.000709
v -0.059026 0.044907 0.019762
v -0.056282 0.041600 0.021541
v -0.056218 0.046158 0.018194
v -0.053044 0.046248 0.025927
v -0.053957 0.049220 0.023002
v -0.058477 0.041085 0.021372
v -0.013155 0.081740 0.005347
v -0.055781 0.043477 0.024308
v -0.055748 0.050209 0.019673
v -0.056717 0.050676 0.015692
v -0.023237 0.079273 -0.000886
v -0.013180 0.080391 -0.004950
v -0.054082 0.053842 0.018156
v -0.017310 0.079874 -0.007627
v -0.019596 0.079722 -0.001622
v -0.068759 0.042356 0.017074
v -0.013065 0.080392 -0.008426
v -0.054448 0.040025 0.027301
v -0.037817 0.070447 -0.007463
v -0.062359 0.044351 0.018987
v -0.062546 0.042702 0.020977
v -0.057303 0.047577 0.015809
v -0.061002 0.047882 0.015248
v -0.052682 0.052264 0.022131
v -0.053674 0.052947 0.021519
v -0.062239 0.045514 0.016233
v -0.011556 0.082609 -0.008771
v -0.057238 0.055949 0.001568
v -0.053963 0.057033 0.001129
v -0.058594 0.049658 0.012574
v -0.056613 0.048068 0.016663
v -0.053999 0.057753 0.004697
v -0.053361 0.060054 0.000513
v -0.063296 0.046951 0.013574
v -0.026063 0.045694 0.044336
v -0.066617 0.044735 0.016106
v -0.066025 0.042083 0.019677
v -0.052112 0.055124 0.019337
v -0.062000 0.049299 0.011765
v -0.061265 0.054963 -0.005476
v -0.059017 0.055402 -0.001277
v 0.005907 0.062437 -0.047595
v -0.054547 0.055240 0.004022
v -0.066830 0.045772 0.012121
v -0.055212 0.057532 -0.003605
v -0.065584 0.049793 0.010343
v -0.060374 0.053367 0.007110
v -0.052863 0.056840 0.013214
v -0.058850 0.057008 -0.003957
v -0.057388 0.053406 0.007926
v -0.053196 0.058382 -0.001168
v -0.056484 0.052000 0.009988
v -0.067731 0.051374 0.005583
v -0.069148 0.047497 0.007672
v -0.068953 0.045847 0.010346
v -0.054859 0.053471 0.009342
v -0.071072 0.045160 0.008352
v -0.076454 0.039091 0.008621
v -0.074517 0.040304 0.010589
v -0.073029 0.043771 0.008133
v -0.061170 0.054387 0.001462
v -0.073647 0.045865 0.004570
v -0.073950 0.045504 0.002390
v -0.076985 0.041193 0.003738
v -0.064197 0.054396 -0.000002
v -0.065444 0.053556 -0.004857
v -0.069426 0.049899 -0.001261
v -0.068078 0.052096 0.002730
v -0.073226 0.043244 0.010750
v -0.063046 0.051765 0.006243
v -0.064449 0.053608 0.003075
v -0.073308 0.047412 -0.000302
v -0.027277 0.010349 -0.041669
v -0.052873 0.058886 -0.005495
v -0.067747 0.052743 -0.005661
v -0.071630 0.048621 0.004388
v -0.060609 0.054381 0.003848
v -0.024883 0.002721 -0.025026
v -0.036101 0.001411 -0.025548
v -0.035100 0.000277 -0.023388
v -0.073555 0.041549 0.013225
v -0.016649 0.055024 0.042633
v -0.071025 0.049125 0.000686
v -0.073111 0.047929 -0.005308
v -0.074674 0.046133 -0.005466
v -0.070435 0.049107 -0.004339
v -0.076449 0.042943 -0.002530
v -0.075617 0.044268 -0.000006
v -0.018209 0.044628 0.047621
v -0.021584 0.042870 0.046053
v -0.074760 0.045109 -0.004737
v -0.037208 0.068001 0.023322
v -0.031870 0.069534 0.024813
v -0.038992 0.066700 0.018381
v -0.025739 0.042491 0.045403
v -0.040066 0.066595 0.012953
v -0.037278 0.068155 0.012184
v -0.043267 0.062911 0.018425
v -0.043608 0.063470 0.014721
v -0.044923 0.062429 0.013745
v -0.049889 0.058735 0.016816
v -0.043382 0.059671 0.023602
v -0.046609 0.054831 0.026149
v -0.046231 0.059211 0.016831
v -0.039806 0.063314 0.023129
v -0.039332 0.064799 0.023914
v -0.040805 0.063306 0.021038
v -0.050050 0.060762 0.011841
v -0.041644 0.067193 0.008255
v -0.048569 0.054768 0.021676
v -0.045579 0.059618 0.019991
v -0.051376 0.059036 0.014758
v -0.025367 0.068451 0.024331
v -0.043029 0.063076 0.012853
v -0.046109 0.057307 0.019005
v -0.043360 0.063578 0.009803
v -0.046985 0.061810 0.011299
v -0.048382 0.052894 0.024102
v -0.048871 0.048029 0.026950
v -0.051897 0.052705 0.022763
v -0.051828 0.050286 0.024122
v -0.048785 0.050774 0.024074
v -0.041649 0.066050 0.007342
v -0.048507 0.048341 0.025288
v -0.050215 0.048042 0.025273
v -0.041681 0.065114 0.005797
v -0.028524 0.008297 -0.039378
v -0.041731 0.066678 0.002085
v -0.042700 0.065601 0.002453
v -0.044719 0.063735 0.009561
v -0.004410 0.004678 -0.039301
v -0.004787 0.001793 -0.033580
v -0.050074 0.061577 0.006853
v -0.047323 0.062358 0.008360
v -0.042071 0.067452 0.003691
v -0.046339 0.064533 0.008987
v -0.047306 0.063557 -0.001671
v -0.047872 0.063496 0.003164
v -0.045801 0.063942 0.001765
v -0.050864 0.061494 0.003115
v -0.050189 0.062742 0.000088
v -0.040228 0.068168 0.007856
v -0.039926 0.067762 0.005865
v -0.043936 0.064470 -0.003592
v -0.041734 0.065805 0.000609
v -0.041922 0.065952 -0.005188
v -0.051796 0.061387 -0.003842
v -0.051231 0.061529 -0.001690
v -0.045440 0.065821 0.004994
v -0.045747 0.065283 0.002339
v -0.045827 0.064383 -0.001933
v -0.040002 0.067331 -0.006651
v -0.040071 0.067330 0.000423
v -0.041650 0.066572 -0.006260
v -0.044848 0.064497 0.005692
v -0.044348 0.063987 -0.006454
v -0.036743 -0.000241 -0.021264
v -0.045718 0.063902 -0.008414
v -0.049324 0.046072 0.026794
v -0.049374 0.063036 -0.006288
v -0.018350 0.038212 0.047906
v -0.016930 0.038162 0.048295
v -0.030953 0.008409 -0.038451
v -0.031076 0.012587 -0.041932
v -0.014876 0.039419 0.050547
v -0.011410 0.039120 0.051890
v -0.016658 0.035123 0.050450
v -0.015046 0.035039 0.051546
v -0.009657 0.038308 0.053340
v -0.037955 0.015153 -0.040810
v -0.011283 0.035744 0.052052
v -0.033210 0.008624 -0.039173
v -0.005736 0.028623 -0.056291
v -0.006032 0.032132 -0.057060
v -0.010224 0.031414 -0.055006
v -0.019682 0.025512 0.048893
v -0.017076 0.024533 0.050624
v -0.008831 0.035958 0.054065
v -0.008537 0.029007 0.054160
v -0.006783 0.030885 0.054605
v -0.093323 0.001374 -0.002066
v -0.091702 0.001178 -0.004111
v -0.090451 0.001644 -0.002711
v -0.019662 0.032287 0.048753
v -0.012024 0.030589 0.052738
v -0.005072 0.019730 -0.053716
v -0.007869 0.016122 -0.050329
v -0.011510 0.027857 0.053193
v -0.017167 0.030166 0.050854
v -0.092012 0.002293 -0.004920
v -0.030182 0.031024 -0.048766
v -0.025690 0.034858 -0.050577
v -0.093703 0.002418 -0.003074
v -0.011805 0.017512 -0.051295
v -0.015488 0.026336 0.051328
v -0.010014 0.018543 -0.051543
v -0.067314 0.022493 -0.032751
v -0.043674 0.009238 -0.036651
v -0.005435 0.025992 0.053687
v -0.012580 0.021361 0.051342
v -0.034552 0.014771 -0.041431
v -0.006652 0.020772 0.051574
v -0.030176 0.002430 -0.025318
v -0.029153 0.040227 0.043782
v -0.018518 0.021991 0.049067
v -0.029514 0.034702 0.042943
v -0.027283 0.037425 0.044189
v -0.026459 0.034611 0.045031
v -0.038236 0.033293 0.040875
v -0.040960 0.037205 0.040456
v -0.040863 0.034837 0.040516
v -0.027365 0.030553 0.042388
v -0.032754 0.032165 0.043564
v -0.028714 0.036598 -0.049225
v -0.029318 0.029671 0.041811
v -0.042939 0.032861 0.038825
v -0.047369 0.036724 0.033944
v -0.026630 0.031068 0.044246
v -0.043818 0.037927 0.036683
v -0.024225 0.034991 0.046464
v -0.011772 0.017435 0.050158
v -0.045928 0.036405 0.034717
v -0.033371 0.037895 0.043580
v -0.043975 0.032532 0.036564
v -0.045734 0.033180 0.035299
v -0.035165 0.035356 0.043127
v -0.026369 0.037904 0.045492
v -0.024876 0.039485 0.045339
v -0.036383 0.027962 0.041927
v -0.048760 0.034055 0.032978
v -0.016399 0.018938 0.048888
v -0.042921 0.030028 0.038421
v -0.049861 0.042457 0.028984
v -0.040569 0.027694 0.040402
v -0.050646 0.035374 0.030906
v -0.009503 0.026168 -0.054035
v -0.050229 0.030169 0.031770
v -0.048366 0.026596 0.033109
v -0.005254 0.016613 0.050413
v -0.014448 0.015960 0.048878
v -0.051316 0.032314 0.029623
v -0.023730 0.042073 0.046423
v -0.041735 0.024403 0.039457
v -0.033018 0.028347 0.043059
v -0.023592 0.031657 0.045788
v -0.021454 0.032934 0.046219
v -0.035747 0.022623 0.041502
v -0.035377 0.020139 0.040504
v -0.044094 0.026805 0.037248
v -0.044015 0.026491 0.036540
v -0.026021 0.028749 0.044631
v -0.023332 0.029690 0.045924
v -0.026883 0.024996 0.042812
v -0.020409 0.038358 0.046202
v -0.025156 0.024227 0.042955
v -0.019142 0.043009 0.046280
v -0.043311 0.024448 0.038316
v -0.031690 0.021968 0.041915
v -0.047244 0.020434 0.031532
v -0.045956 0.025495 0.034306
v -0.028192 0.026428 0.041502
v -0.027761 0.018006 0.040228
v -0.024005 0.019877 0.042957
v -0.042234 0.014093 0.031088
v -0.042121 0.015105 0.032577
v -0.042698 0.018776 0.035124
v -0.028191 0.020532 0.041396
v -0.043496 0.027652 0.038655
v -0.028965 0.018175 0.040466
v -0.044000 0.018513 0.033305
v -0.044219 0.021971 0.034455
v -0.020801 0.029213 0.047238
v -0.046185 0.018592 0.032023
v -0.040915 0.017591 0.034963
v -0.024733 0.015898 0.041331
v -0.040431 0.017824 0.036106
v -0.040228 0.019622 0.037902
v -0.021291 0.024877 0.046776
v -0.023253 0.025626 0.045218
v -0.050536 0.023240 0.029970
v -0.034856 0.015820 0.036782
v -0.032992 0.015515 0.037264
v -0.022773 0.017950 0.043670
v -0.021559 0.019864 0.045910
v -0.018783 0.018775 0.047559
v -0.038740 0.016218 0.034236
v -0.024882 0.014058 0.039626
v -0.026458 0.012139 0.036383
v -0.028182 0.013520 0.036621
v -0.016284 0.014655 0.047283
v -0.027303 0.014671 0.037314
v 0.004034 0.050601 -0.061388
v -0.021595 0.014769 0.041935
v -0.013537 0.014849 0.048099
v -0.027520 0.011398 0.034274
v -0.024924 0.009575 0.032971
v -0.018598 0.015000 0.045391
v -0.017069 0.009501 0.043029
v -0.014883 0.010515 0.045016
v -0.015961 0.012369 0.045433
v -0.020504 0.012768 0.042203
v -0.022693 0.011103 0.038814
v -0.006940 0.012735 0.048019
v -0.032833 0.012556 0.032558
v -0.020660 0.010362 0.039776
v -0.017323 0.008460 0.040876
v -0.038480 0.012701 0.030549
v -0.022385 0.009136 0.034212
v -0.013944 0.006924 0.040498
v -0.008440 0.008448 0.042709
v -0.005409 0.008111 0.042959
v -0.005554 0.011182 0.047230
v -0.051583 0.002710 -0.026282
v -0.053248 0.003804 -0.028356
v -0.032570 0.009735 0.028887
v -0.051919 0.043345 0.027064
v -0.035867 0.011387 0.030476
v -0.092918 0.000898 -0.000663
v -0.011026 0.006069 0.038595
v -0.016930 0.005333 0.038733
v -0.019304 0.006955 0.037535
v -0.022117 0.009064 0.035650
v -0.026493 0.000786 -0.020779
v -0.029164 0.000742 -0.021836
v -0.015569 0.002827 0.035094
v -0.006407 0.004452 0.036888
v -0.044035 0.013268 -0.039070
v -0.007760 0.001825 0.030870
v -0.005193 0.003490 0.034433
v -0.012492 0.002512 0.032407
v -0.022598 0.032230 -0.052252
v -0.024013 0.036623 -0.052097
v -0.007752 0.038401 -0.056293
v -0.006232 0.035886 -0.056770
v -0.004195 0.007105 0.040735
v -0.046743 0.012934 -0.037773
v -0.018473 0.004308 0.034493
v -0.017448 0.003158 0.034813
v -0.020384 0.004777 0.032770
v -0.062544 0.038214 0.023035
v -0.061136 0.040104 0.022852
v 0.002483 0.046145 -0.063101
v -0.018168 0.002620 0.031430
v -0.022805 0.007395 0.032441
v -0.065570 0.035300 0.022795
v -0.063177 0.035602 0.024166
v -0.030914 0.033001 -0.047167
v -0.030885 0.035671 -0.048099
v -0.066268 0.037818 0.020241
v -0.051590 0.036947 0.029095
v -0.026586 0.016912 -0.045617
v -0.060721 0.036404 0.024319
v -0.068771 0.029326 0.022299
v -0.066291 0.027780 0.024422
v -0.066868 0.031052 0.023693
v -0.029918 -0.000049 -0.018230
v -0.030588 -0.000237 -0.021807
v -0.053901 0.034876 0.028685
v -0.055749 0.031162 0.027747
v -0.056319 0.038279 0.025186
v -0.055356 0.017198 -0.038291
v -0.053783 0.013390 -0.036543
v -0.033480 0.000142 -0.024204
v -0.032338 0.030012 -0.047235
v -0.057262 0.030677 0.025601
v -0.058202 0.037315 0.023976
v -0.056665 0.034600 0.024985
v -0.062786 0.030688 0.024596
v -0.069818 0.039041 0.018456
v -0.056005 0.037743 0.024019
v -0.073413 0.033793 0.017690
v -0.072720 0.038493 0.016403
v -0.070169 0.029503 0.021556
v -0.070002 0.033509 0.019696
v -0.071298 0.038902 0.016777
v -0.076010 0.026703 0.017633
v -0.076395 0.029916 0.015480
v -0.073899 0.032509 0.015982
v -0.073165 0.027210 0.019246
v -0.053667 0.029961 0.028782
v -0.053224 0.032005 0.029190
v -0.072907 0.031176 0.018078
v -0.070269 0.024931 0.022026
v -0.073644 0.037214 0.014540
v -0.061365 0.024524 0.025422
v -0.059374 0.025082 0.026094
v -0.055092 0.027207 0.027089
v -0.053457 0.021024 0.027103
v -0.051164 0.023236 0.029064
v -0.056321 0.030443 0.026156
v -0.077337 0.034405 0.012297
v -0.067626 0.026563 0.023397
v -0.065138 0.023602 0.024372
v -0.079578 0.031334 0.012429
v -0.058345 0.028538 0.026048
v -0.074488 0.036098 0.013907
v -0.069301 0.021635 0.023228
v -0.078518 0.026480 0.015687
v -0.067371 0.034315 0.020884
v -0.061929 0.019637 0.024740
v -0.055919 0.017674 0.024193
v -0.054150 0.019825 0.025011
v -0.052205 0.019174 0.027216
v -0.056025 0.024308 0.025773
v -0.058362 0.019341 0.024735
v -0.073054 0.023173 0.020235
v -0.055788 0.026562 0.025544
v -0.078757 0.025605 0.014535
v -0.053440 0.027972 0.029240
v -0.053179 0.014789 0.023460
v -0.022409 0.038419 -0.051692
v -0.047587 0.016590 -0.039291
v -0.041750 0.016400 -0.040935
v -0.074438 0.020526 0.019731
v -0.066835 0.014304 0.023553
v -0.064567 0.017682 0.024530
v -0.077655 0.013214 0.015970
v -0.080271 0.016969 0.014363
v -0.082758 0.028840 0.008813
v -0.082375 0.030927 0.004770
v -0.083152 0.027327 0.007650
v -0.080793 0.023618 0.014305
v -0.077198 0.017653 0.017219
v -0.069864 0.017917 0.021441
v -0.084682 0.028870 0.003906
v -0.095069 0.002962 -0.001498
v -0.095314 0.003194 -0.004349
v -0.063207 0.014700 0.024434
v -0.085471 0.029184 -0.002498
v -0.081342 0.035160 -0.002807
v -0.083016 0.032901 -0.003377
v -0.077655 0.038071 0.007081
v -0.031244 0.026317 -0.047773
v -0.034746 0.022950 -0.045280
v -0.081499 0.033092 0.000155
v -0.081029 0.036155 -0.005637
v -0.079400 0.033827 0.010060
v -0.067914 0.013663 0.021362
v -0.073622 0.014764 0.019533
v -0.081237 0.031856 0.003074
v -0.081513 0.034108 0.004409
v -0.035428 0.026952 -0.045507
v -0.085315 0.028065 0.000636
v -0.084148 0.030714 0.000466
v -0.081566 0.030147 0.009589
v -0.079534 0.030478 0.010404
v -0.078367 0.038502 0.004612
v -0.032122 0.016956 -0.044000
v -0.035251 0.019212 -0.042941
v -0.033110 0.019074 -0.043982
v -0.080074 0.028001 0.012484
v -0.080490 0.034833 0.005786
v -0.079610 0.036641 -0.000893
v -0.079662 0.038429 -0.000006
v -0.085452 0.028357 -0.003601
v -0.085744 0.026710 -0.001381
v -0.079888 0.037531 -0.002207
v -0.072343 0.010452 0.018492
v -0.081898 0.026117 0.012045
v -0.083463 0.025240 0.009776
v -0.086012 0.025456 0.002804
v -0.086321 0.019403 0.005108
v -0.088976 0.021233 -0.001138
v -0.092087 0.019401 -0.001699
v -0.084967 0.024539 0.005865
v -0.084046 0.020746 0.010421
v -0.082137 0.014334 0.013048
v -0.091272 0.020558 -0.002913
v -0.086048 0.017494 0.007467
v -0.085259 0.024015 0.001137
v -0.085582 0.017591 0.005919
v -0.085197 0.014677 0.009115
v -0.085061 0.019499 0.002352
v -0.083680 0.024535 -0.001688
v -0.085055 0.021162 0.007895
v -0.079415 0.039112 -0.007480
v -0.087018 0.017474 0.002546
v -0.088781 0.014193 0.005532
v -0.085927 0.017222 0.004489
v -0.093981 0.016817 -0.001709
v -0.092743 0.018190 -0.003385
v -0.087848 0.018687 -0.000299
v -0.084761 0.019300 0.000371
v -0.082058 0.013084 0.012553
v -0.085728 0.015124 0.006431
v -0.091077 0.014456 0.001313
v -0.089782 0.016315 0.000569
v -0.093015 0.014731 -0.000797
v -0.085452 0.022499 -0.002023
v -0.084528 0.025594 -0.002703
v -0.088653 0.013686 0.004004
v -0.047638 0.015732 0.028400
v -0.051305 0.026761 0.029831
v -0.088145 0.014931 0.002106
v -0.050862 0.020087 0.028619
v -0.094111 0.013303 -0.000427
v -0.095178 0.015070 -0.001705
v -0.053184 0.012348 0.021701
v -0.071304 0.006048 0.016299
v -0.070247 0.007856 0.018013
v -0.059499 0.012061 0.023924
v -0.066287 0.008580 0.019783
v -0.049486 0.016901 0.026423
v -0.072095 0.005338 0.014552
v -0.074773 0.008332 0.015599
v -0.064062 0.010198 0.022837
v -0.076187 0.011038 0.016233
v -0.080936 0.011779 0.014113
v -0.049604 0.016894 0.027743
v -0.058322 0.008384 0.021666
v -0.068116 0.002511 0.014630
v -0.067205 0.005336 0.017311
v -0.065034 0.003854 0.016664
v -0.064311 0.005753 0.018145
v -0.062616 0.008618 0.021836
v -0.060805 0.004949 0.018004
v -0.060904 0.006580 0.019233
v -0.063321 0.003315 0.017502
v -0.049425 0.015448 0.025273
v -0.065610 0.002651 0.016986
v -0.067738 0.002698 0.016006
v -0.068117 0.000839 0.015536
v -0.066439 0.000351 0.016711
v -0.053827 0.008372 0.019908
v -0.052754 0.005290 0.016254
v -0.048602 0.014676 0.026368
v -0.059438 0.002480 0.018122
v -0.084426 0.013175 0.009125
v -0.059770 0.001393 0.018867
v -0.055815 0.000806 0.018553
v -0.056833 0.002252 0.017688
v -0.062539 0.000639 0.018181
v -0.056869 0.005302 0.017577
v -0.083812 0.012148 0.010540
v -0.053493 0.001697 0.017012
v -0.056148 0.001401 0.016811
v -0.055045 0.000482 0.016016
v -0.086559 0.010851 0.009462
v -0.054577 0.004658 0.016104
v -0.052452 0.000867 0.018794
v -0.085565 0.009905 0.010981
v -0.063752 0.000433 0.016614
v -0.076425 0.007178 0.014820
v -0.067137 0.000049 0.013973
v -0.063553 -0.000133 0.013572
v -0.048469 0.001129 0.016337
v -0.061172 0.001671 0.016759
v -0.060978 0.000986 0.016265
v -0.090813 0.002970 0.007473
v -0.087954 0.000677 0.006358
v -0.087793 0.001703 0.008199
v -0.084507 0.013977 0.007690
v -0.059497 0.001046 0.015108
v -0.082000 0.009888 0.010690
v -0.090389 0.013019 0.004370
v -0.089638 0.011529 0.005712
v -0.087344 0.007381 0.010772
v -0.088201 0.009143 0.009331
v -0.084017 0.004710 0.009609
v -0.089210 0.010902 0.004718
v -0.090007 0.008215 0.007340
v -0.092951 0.011485 -0.000024
v -0.085439 0.010773 0.006324
v -0.094201 0.009068 0.001091
v -0.094953 0.009417 -0.000300
v -0.080885 0.007779 0.009970
v -0.084289 0.010044 0.008324
v -0.092066 0.004790 0.008068
v -0.078812 0.007278 0.013547
v -0.090501 0.009253 0.004197
v -0.089204 0.003380 0.009296
v -0.096105 0.011618 -0.001726
v -0.096393 0.006489 -0.001700
v -0.090998 0.012051 0.003793
v -0.088585 0.009986 0.007427
v -0.086455 0.010025 0.008464
v -0.079897 0.004232 0.008050
v -0.081637 0.001217 0.008304
v -0.092629 0.006499 0.001696
v -0.091063 0.007448 0.003400
v -0.094709 0.006386 -0.001796
v -0.094544 0.003062 0.005711
v -0.091627 0.001725 0.006281
v -0.094678 0.003853 0.002126
v -0.094302 0.004554 0.002283
v -0.090528 0.006984 0.004443
v -0.087750 0.009804 0.006192
v -0.094577 0.003969 0.004328
v -0.090412 0.000490 0.001789
v -0.090603 0.000525 0.004833
v -0.094395 0.001371 0.003445
v -0.093033 0.000567 0.001703
v -0.082944 0.000292 0.006992
v -0.095222 0.006567 0.000256
v -0.094561 0.004536 -0.000777
v -0.086635 0.012108 0.005410
v -0.076571 0.004486 0.011785
v -0.090050 0.001019 0.000140
v -0.090255 0.000895 -0.001200
v -0.056474 0.000613 0.014097
v -0.095391 0.003129 -0.000074
v -0.070632 0.001662 0.011567
v -0.073105 0.004308 0.013288
v -0.095467 0.004364 -0.001773
v -0.052641 0.001159 0.000178
v -0.055792 0.001374 0.000854
v -0.053818 0.000877 -0.003489
v -0.076072 0.001421 0.007343
v -0.077087 0.003113 0.009736
v -0.092527 0.006068 0.005333
v -0.056941 0.000681 0.004592
v -0.065099 0.001282 0.000954
v -0.067541 0.000230 0.000979
v -0.080268 -0.000135 0.003741
v -0.079454 0.005892 0.008641
v -0.078058 0.002172 0.007605
v -0.083857 0.000766 -0.000887
v -0.078884 -0.000111 0.000893
v -0.079247 0.000636 0.006605
v -0.070836 0.000137 0.013086
v -0.063481 0.000572 -0.000173
v -0.066657 0.000215 -0.003501
v -0.068816 0.000018 0.010867
v -0.070256 0.000562 0.008909
v -0.066444 0.000037 0.008302
v -0.060931 0.000405 0.000964
v -0.073088 -0.000139 0.009576
v -0.072885 0.001240 0.010148
v -0.064031 0.000700 0.009817
v -0.059024 0.000300 0.013613
v -0.058095 0.000210 -0.006127
v -0.049874 0.001087 0.013268
v -0.055055 0.000250 0.009889
v -0.061320 0.000448 0.008948
v -0.051195 0.000829 0.006423
v -0.050860 0.001541 0.009192
v -0.071935 -0.000069 0.003468
v -0.075924 -0.000163 0.007015
v -0.073050 -0.000195 -0.003592
v -0.079387 0.000285 -0.003166
v -0.065027 0.000207 0.003374
v -0.062408 0.000999 0.005750
v -0.061001 0.000257 0.004616
v -0.044181 0.012078 0.028414
v -0.046457 0.011165 0.024869
v -0.062336 0.000112 -0.005187
v -0.041153 0.010901 0.028639
v -0.040975 0.008993 0.025941
v -0.029276 0.007382 0.029205
v -0.027269 0.006509 0.028053
v -0.025615 0.007009 0.026952
v -0.025787 0.008009 0.029912
v -0.051199 0.013598 0.024076
v -0.038370 0.009252 0.027400
v -0.062816 0.000527 0.003428
v -0.039225 0.007806 0.024752
v -0.040777 0.007683 0.022250
v -0.035376 0.008352 0.025669
v -0.035212 0.006579 0.024177
v -0.031689 0.006531 0.025845
v -0.031749 0.004713 0.022546
v -0.030358 0.005538 0.023792
v -0.028512 0.004482 0.023680
v -0.026566 0.005912 0.025981
v -0.048531 0.008149 0.019625
v -0.049078 0.010053 0.021717
v -0.052733 0.009942 0.019715
v -0.051170 0.007176 0.015934
v -0.025830 0.003994 0.024067
v -0.049462 0.005164 0.015139
v -0.024598 0.004681 0.023166
v -0.024610 0.005309 0.025725
v -0.042883 0.005159 0.017832
v -0.043739 0.008521 0.022503
v -0.046476 0.007937 0.020499
v -0.037788 0.005339 0.022145
v -0.025968 0.002026 0.019145
v -0.046872 0.006358 0.017224
v -0.040931 0.005061 0.019612
v -0.029899 0.003723 0.020061
v -0.028980 0.003261 0.021013
v -0.045575 0.003520 0.012820
v -0.047717 0.012103 0.023545
v -0.047137 0.009813 0.021598
v -0.039003 0.002621 0.015897
v -0.033446 0.002643 0.017409
v -0.031228 0.003196 0.017669
v -0.033380 0.003957 0.019942
v -0.024752 0.002040 0.015297
v -0.023455 0.002978 0.018155
v -0.021386 0.003072 0.023416
v -0.049515 0.001830 0.015180
v -0.050330 0.003349 0.014632
v -0.022108 0.001505 0.018111
v -0.023416 0.001846 0.014688
v -0.027568 0.001919 0.016449
v -0.043039 0.001251 0.011341
v -0.016301 0.001950 0.027736
v -0.014156 0.000342 0.024945
v -0.007078 0.000428 0.027094
v -0.021471 0.001403 0.021528
v -0.017871 0.000685 0.022021
v -0.037574 0.001773 0.013451
v -0.010904 0.000703 0.026523
v -0.034695 0.001011 0.013635
v -0.009138 0.000230 0.021157
v -0.020058 0.001371 0.019510
v -0.041179 0.000036 -0.022292
v -0.045785 0.019358 -0.040687
v -0.012025 0.000818 0.016907
v -0.015055 0.000176 0.017212
v -0.007981 0.000868 0.016411
v -0.048893 0.000820 0.014596
v -0.004905 0.000184 0.022481
v -0.044961 0.020563 -0.042472
v -0.028358 0.014491 -0.044317
v -0.019700 0.000657 0.015605
v -0.005355 0.000427 0.016945
v -0.032010 0.000765 -0.022593
v -0.048149 0.000772 0.009636
v -0.051392 0.002034 -0.023660
v -0.044896 0.002275 0.010038
v -0.046237 0.002053 0.011699
v -0.046940 0.001286 0.008622
v -0.046861 0.000989 0.013099
v -0.014668 0.002223 0.002077
v -0.012028 0.002090 0.002328
v -0.044864 0.002172 0.011368
v -0.010223 0.002005 -0.000139
v -0.012796 0.000725 0.005387
v -0.008329 0.000958 0.000189
v -0.038445 0.000508 0.003542
v -0.037292 0.000938 0.000546
v -0.011373 0.000271 0.012992
v -0.035405 0.000871 0.000499
v -0.021745 0.001036 0.014297
v -0.042444 0.001456 0.008745
v -0.043809 0.001179 0.008929
v -0.037683 0.000292 0.009026
v -0.049262 -0.000306 0.005848
v -0.032220 0.001505 0.000822
v -0.039088 0.023848 -0.043202
v -0.036403 0.024490 -0.044105
v -0.037453 0.021637 -0.043554
v -0.028348 0.000442 0.011689
v -0.021822 0.003080 0.020448
v -0.043971 0.000911 0.007124
v -0.030748 0.000579 0.011288
v -0.033685 0.001148 -0.002913
v -0.026185 0.000960 0.007000
v -0.018565 0.025018 -0.052075
v -0.041633 0.001214 0.010550
v -0.028637 0.028318 -0.048583
v -0.011456 0.002159 -0.003233
v -0.035531 0.000086 0.006988
v -0.031916 0.000057 0.006346
v -0.027630 0.000418 0.005195
v -0.044458 0.000522 0.004133
v -0.040895 0.000701 0.002105
v -0.029660 -0.000431 0.007005
v -0.047812 0.000140 0.002781
v -0.038241 0.019830 -0.042150
v -0.041984 0.000850 -0.000825
v -0.041220 0.000447 0.006766
v -0.027942 -0.000401 0.001057
v -0.029154 0.000177 0.000422
v -0.025989 0.000626 0.001725
v -0.043526 0.001268 0.005101
v -0.019667 0.000374 0.008284
v -0.014141 0.000292 0.009701
v -0.029581 0.000493 -0.002666
v -0.012289 0.000868 0.010786
v -0.028918 -0.000353 -0.003345
v -0.019572 0.000211 0.005291
v -0.078794 0.023259 -0.029025
v -0.083677 0.026295 -0.023734
v -0.050535 0.015538 -0.038837
v -0.006287 0.000987 0.009649
v -0.009919 0.000757 0.007891
v -0.018904 0.000742 0.003385
v -0.070935 -0.000240 -0.019630
v -0.016677 0.000856 0.009979
v -0.032094 -0.000334 -0.020243
v -0.029754 0.015050 -0.043534
v -0.042310 0.026276 -0.043039
v -0.040339 0.028116 -0.043371
v -0.068118 0.000535 -0.018678
v -0.042956 0.023364 -0.042252
v -0.073787 0.003457 -0.028305
v -0.072422 0.001296 -0.025445
v -0.075850 0.001858 -0.024805
v -0.046901 0.025282 -0.042931
v -0.068968 0.000436 -0.024193
v -0.066925 0.001357 -0.025630
v -0.047718 0.024398 -0.040796
v -0.021526 0.032967 -0.051996
v -0.020529 0.029204 -0.051592
v -0.053323 0.025011 -0.039894
v -0.053152 0.021670 -0.040252
v -0.047987 0.028505 -0.042180
v -0.049935 0.019311 -0.039708
v -0.004210 0.001079 -0.000732
v -0.008908 0.082497 -0.017259
v -0.010237 0.082764 -0.013369
v -0.006482 0.085979 -0.014847
v -0.013874 0.031589 -0.053987
v -0.008081 0.084675 -0.009673
v -0.006877 0.086211 -0.007821
v -0.006644 0.087666 -0.009963
v -0.017892 0.037931 -0.052858
v -0.010102 0.081308 -0.015697
v -0.009572 0.080472 -0.020575
v -0.007606 0.080786 -0.023966
v -0.075059 0.000209 -0.022694
v -0.005516 0.085838 -0.020813
v -0.077425 -0.000270 -0.020394
v -0.079505 0.000833 -0.023530
v -0.028698 0.075310 -0.009538
v -0.026254 0.076691 -0.009767
v -0.028575 0.074854 -0.013824
v -0.026170 0.076112 -0.013555
v -0.074130 -0.000238 -0.015199
v -0.049149 0.000715 -0.020669
v -0.050495 0.001882 -0.020948
v -0.044036 -0.000823 -0.021453
v -0.012148 0.040218 -0.054093
v -0.028540 0.074377 -0.015993
v -0.031272 0.072055 -0.016531
v -0.027346 0.073849 -0.017737
v -0.035755 0.070586 -0.013788
v -0.032366 0.070803 -0.016986
v -0.032276 0.068944 -0.022096
v -0.033006 0.072341 -0.012348
v -0.038126 0.068211 -0.014381
v -0.038117 0.069233 -0.011711
v -0.036206 0.068428 -0.019098
v -0.036442 0.066775 -0.021044
v -0.034974 0.067163 -0.023573
v -0.037078 0.030736 -0.044854
v -0.014393 0.080566 -0.011582
v -0.029872 0.070809 -0.021759
v -0.026653 0.038863 -0.050053
v -0.013509 0.080232 -0.014374
v -0.011181 0.080748 -0.013347
v -0.023745 0.076503 -0.011803
v -0.018433 0.079858 -0.008854
v -0.017500 0.077515 -0.013013
v -0.014236 0.078364 -0.018008
v -0.015987 0.078713 -0.016069
v -0.014642 0.078728 -0.014554
v -0.023396 0.074723 -0.018159
v -0.021221 0.077220 -0.008768
v -0.016071 0.076628 -0.016660
v -0.017782 0.080087 -0.011001
v -0.025989 0.072380 -0.026202
v -0.016410 0.079550 -0.011818
v -0.019072 0.076241 -0.015788
v -0.020067 0.075922 -0.019626
v -0.019402 0.074449 -0.025713
v -0.021573 0.073207 -0.025458
v -0.009777 0.080001 -0.016593
v -0.012678 0.078086 -0.020686
v -0.016660 0.079040 -0.013474
v -0.011352 0.079245 -0.019108
v -0.012680 0.079791 -0.017027
v -0.024690 0.073928 -0.022838
v -0.038840 0.067408 -0.010388
v -0.014832 0.079075 -0.012382
v -0.029405 0.070503 -0.023926
v -0.013763 0.075140 -0.022770
v -0.035041 0.031243 -0.045880
v -0.020843 0.076207 -0.016083
v -0.011662 0.078391 -0.022597
v -0.047998 0.031008 -0.042208
v -0.049035 0.031781 -0.040373
v -0.046186 0.030347 -0.041585
v -0.013139 0.076983 -0.023329
v -0.036069 0.030116 -0.046058
v -0.005889 0.083662 -0.026980
v -0.046820 0.031403 -0.043159
v -0.047725 0.029576 -0.043379
v -0.028410 0.066641 -0.032893
v -0.027194 0.068594 -0.030452
v -0.006884 0.079764 -0.029543
v -0.030179 0.066762 -0.028190
v -0.009366 0.079266 -0.023765
v -0.065242 0.038872 -0.031155
v -0.063028 0.039020 -0.033036
v -0.065670 0.036559 -0.032703
v -0.050028 0.029420 -0.041214
v -0.049678 0.033225 -0.041318
v -0.015524 0.074854 -0.026935
v -0.039049 0.034605 -0.043634
v -0.038678 0.037455 -0.044331
v -0.007031 0.079339 -0.025016
v -0.007351 0.079331 -0.027059
v -0.011740 0.074455 -0.027409
v -0.013535 0.074880 -0.026439
v -0.011062 0.078289 -0.024429
v -0.014179 0.074163 -0.031222
v -0.029021 0.043515 -0.048212
v -0.053267 0.001944 -0.022616
v -0.008509 0.076338 -0.031749
v -0.024224 0.072421 -0.027287
v -0.009937 0.076764 -0.028655
v -0.011865 0.073965 -0.029737
v -0.016423 0.072765 -0.029774
v -0.006968 0.077606 -0.033201
v -0.010607 0.072984 -0.031364
v -0.019770 0.072570 -0.029465
v -0.046421 0.038429 -0.039889
v -0.041155 0.033789 -0.042915
v -0.046354 0.030229 -0.043881
v -0.022358 0.071312 -0.028709
v -0.067127 0.038388 -0.030126
v -0.066533 0.035399 -0.031459
v -0.066938 0.033458 -0.032127
v -0.081922 0.000197 -0.021651
v -0.012401 0.073947 -0.032253
v -0.008605 0.000852 -0.004611
v -0.010117 0.075557 -0.026642
v -0.091971 0.003948 -0.017527
v -0.090756 0.001723 -0.014256
v -0.007913 0.072253 -0.037607
v -0.007659 0.073475 -0.035642
v -0.052301 0.033901 -0.039120
v -0.025285 0.068113 -0.032822
v -0.014287 0.070777 -0.033376
v -0.010250 0.070537 -0.035496
v -0.011548 0.072008 -0.032716
v -0.010033 0.071721 -0.033526
v -0.010724 0.074516 -0.029373
v -0.010084 0.073657 -0.032682
v -0.009017 0.071716 -0.037300
v -0.019817 0.067102 -0.037208
v -0.013928 0.073034 -0.032731
v -0.011322 0.068885 -0.039824
v -0.055395 0.058031 -0.008291
v -0.013260 0.067834 -0.038226
v -0.023160 0.067954 -0.033642
v -0.059710 0.056309 -0.008598
v -0.059658 0.056745 -0.006872
v -0.060984 0.055247 -0.013448
v -0.063507 0.055150 -0.012493
v -0.044199 0.031265 -0.042533
v -0.063159 0.055718 -0.008149
v -0.052103 0.057200 -0.018447
v -0.058585 0.052836 -0.022794
v -0.057204 0.056783 -0.016127
v -0.031511 0.039569 -0.047748
v -0.046881 0.033347 -0.040649
v -0.037060 0.035978 -0.045618
v -0.033146 0.037119 -0.046351
v -0.010073 0.069787 -0.038759
v -0.069157 0.050015 -0.007444
v -0.061530 0.052457 -0.020762
v -0.051893 0.059343 -0.010357
v -0.071417 0.049057 -0.006752
v -0.052920 0.058342 -0.014787
v -0.070405 0.047829 -0.015068
v -0.052550 0.054097 -0.022922
v -0.008421 0.069652 -0.040372
v -0.076145 0.044249 -0.005617
v -0.073801 0.045327 -0.008879
v -0.067804 0.052736 -0.010775
v -0.076841 0.041943 -0.007468
v -0.075700 0.042955 -0.010344
v -0.076364 0.041373 -0.011627
v -0.074442 0.044534 -0.012323
v -0.011140 -0.000711 -0.013752
v -0.068320 0.051208 -0.014720
v -0.068476 0.048411 -0.020285
v -0.072984 0.046225 -0.011708
v -0.063285 0.054278 -0.016449
v -0.078437 0.040131 -0.009200
v -0.071528 0.046533 -0.015221
v -0.077828 0.039254 -0.014322
v -0.071949 0.043580 -0.019084
v -0.072549 0.045057 -0.016395
v -0.074518 0.041426 -0.016496
v -0.064138 0.052180 -0.020794
v -0.068903 0.045505 -0.021325
v -0.070587 0.044768 -0.018019
v -0.065762 0.048183 -0.023756
v -0.062374 0.051131 -0.023625
v -0.056987 0.051005 -0.026480
v -0.052060 0.052116 -0.027363
v -0.059824 0.049866 -0.026397
v -0.067060 0.046768 -0.024519
v -0.055886 0.050074 -0.028326
v -0.073888 0.041992 -0.019617
v -0.071377 0.042278 -0.021587
v -0.073730 0.040356 -0.019624
v -0.052960 0.049709 -0.030040
v -0.055668 0.047801 -0.032381
v -0.059870 0.044967 -0.031437
v -0.058482 0.045824 -0.031689
v -0.069379 0.039835 -0.026559
v -0.065447 0.045022 -0.027242
v -0.062786 0.045447 -0.028189
v -0.064196 0.042012 -0.030501
v -0.068582 0.041917 -0.026607
v -0.070952 0.039035 -0.025391
v -0.067519 0.043668 -0.025754
v -0.055755 0.045240 -0.034753
v -0.056433 0.044227 -0.033474
v -0.065704 0.040599 -0.028947
v -0.061621 0.041578 -0.032610
v -0.058674 0.041797 -0.033521
v -0.054255 0.045712 -0.035324
v -0.050834 0.047739 -0.033088
v -0.054646 0.044484 -0.035176
v -0.047515 0.062341 -0.011418
v -0.049419 0.062018 -0.010912
v -0.059439 0.038592 -0.034740
v -0.042192 0.064378 -0.008058
v -0.054062 0.042790 -0.034818
v -0.054858 0.041250 -0.036381
v -0.042955 0.063717 -0.012091
v -0.041253 0.064927 -0.012443
v -0.053485 0.043039 -0.036936
v -0.041870 0.063596 -0.014897
v -0.050944 0.059091 -0.016181
v -0.041932 0.062932 -0.020421
v -0.046050 0.062745 -0.015605
v -0.038313 0.066392 -0.019597
v -0.051082 0.061396 -0.011403
v -0.050888 0.060691 -0.013930
v -0.049668 0.054853 -0.024725
v -0.040570 0.066724 -0.011316
v -0.045506 0.061335 -0.019646
v -0.047188 0.061398 -0.015707
v -0.048047 0.057467 -0.019931
v -0.047107 0.056550 -0.022960
v -0.038905 0.066269 -0.015250
v -0.053190 0.041226 -0.036153
v -0.037966 0.063867 -0.025121
v -0.034777 0.065574 -0.025386
v -0.035546 0.063717 -0.026499
v -0.038850 0.063691 -0.019716
v -0.040309 0.063319 -0.016555
v -0.035440 0.063161 -0.028777
v -0.032758 0.064443 -0.029106
v -0.047695 0.059616 -0.019638
v -0.047992 0.061233 -0.016314
v -0.045757 0.059469 -0.022518
v -0.056576 0.037761 -0.037704
v -0.031650 0.066050 -0.028599
v -0.032116 0.066799 -0.025534
v -0.042692 0.058021 -0.028964
v -0.044133 0.059796 -0.024612
v -0.040748 0.058937 -0.027268
v -0.038354 0.059415 -0.028969
v -0.037876 0.060743 -0.026289
v -0.037118 0.061548 -0.028692
v -0.037251 0.060181 -0.031013
v -0.035703 0.060766 -0.031606
v -0.044332 0.055254 -0.029855
v -0.042826 0.054962 -0.031603
v -0.041604 0.055449 -0.033130
v -0.041066 0.060792 -0.023272
v -0.039329 0.064940 -0.014230
v -0.042648 0.060141 -0.023743
v -0.029974 0.062246 -0.036201
v -0.028784 0.063209 -0.035968
v -0.027356 0.061204 -0.039846
v -0.041592 0.052939 -0.034069
v -0.041223 0.053680 -0.035542
v -0.025611 0.065249 -0.035668
v -0.038135 0.057440 -0.031422
v -0.024524 0.063997 -0.039161
v -0.032517 0.060468 -0.035570
v -0.031088 0.057485 -0.039990
v -0.045652 0.057170 -0.026167
v -0.035076 0.055698 -0.038069
v -0.040876 0.051887 -0.037405
v -0.037125 0.053100 -0.036777
v -0.036761 0.055482 -0.034661
v -0.035556 0.054548 -0.037481
v -0.050105 0.052144 -0.029688
v -0.047007 0.052114 -0.029250
v -0.045254 0.050705 -0.033091
v -0.046999 0.049566 -0.034278
v -0.046499 0.055011 -0.026348
v -0.033458 0.055785 -0.039255
v -0.044291 0.053263 -0.032424
v -0.041752 0.050930 -0.036809
v -0.044950 0.052867 -0.029982
v -0.044916 0.045121 -0.037905
v -0.043207 0.046055 -0.037544
v -0.051427 0.043302 -0.037343
v -0.042335 0.043282 -0.039184
v -0.042694 0.047752 -0.038249
v -0.043816 0.050640 -0.034927
v -0.047031 0.043180 -0.037407
v -0.051210 0.041747 -0.038018
v -0.035367 0.052134 -0.038989
v -0.022737 0.063247 -0.040833
v -0.009358 -0.000707 -0.018593
v -0.013020 -0.001012 -0.018008
v -0.038833 0.047836 -0.041198
v -0.040127 0.049789 -0.039722
v -0.011166 0.066509 -0.043039
v -0.036200 0.049833 -0.040328
v -0.051970 0.033976 -0.040411
v -0.007502 0.065433 -0.045574
v -0.005975 0.067377 -0.043930
v -0.028285 0.057948 -0.041209
v -0.046272 0.033218 -0.042198
v -0.046523 0.035329 -0.040215
v -0.056228 0.028379 -0.039716
v -0.025690 0.056642 -0.044106
v -0.027100 0.052886 -0.046088
v -0.016026 0.063148 -0.042353
v -0.016659 0.063536 -0.043043
v -0.030879 0.054036 -0.042799
v -0.035096 0.052026 -0.041254
v -0.047932 0.038072 -0.038762
v -0.024971 0.061739 -0.040550
v -0.024597 0.060302 -0.041236
v -0.022847 0.060873 -0.044265
v -0.018765 0.060070 -0.046698
v -0.018173 0.062666 -0.044350
v -0.030996 0.030647 -0.047380
v -0.016152 0.061786 -0.044440
v -0.014937 0.061685 -0.044366
v -0.011472 0.062050 -0.047932
v -0.010033 0.061416 -0.047754
v -0.023208 0.054453 -0.049023
v -0.054776 0.035797 -0.038087
v -0.008942 0.062796 -0.047313
v -0.034794 0.034128 -0.045497
v -0.060937 0.025641 -0.037158
v -0.063293 0.022718 -0.035174
v -0.032225 0.050135 -0.043608
v -0.058578 0.025133 -0.038924
v -0.056704 0.022164 -0.039472
v -0.035688 0.040536 -0.045449
v -0.020271 0.055435 -0.049033
v -0.041068 0.039696 -0.041312
v -0.017131 0.057852 -0.046878
v -0.017132 0.059489 -0.045363
v -0.013336 0.059232 -0.048465
v -0.008585 0.052617 -0.052678
v -0.007680 0.056142 -0.051700
v -0.004406 0.054845 -0.054909
v -0.024988 -0.000164 -0.018233
v -0.021666 0.050587 -0.050732
v -0.096072 0.003908 -0.011444
v -0.060591 0.027963 -0.037928
v -0.058325 0.031038 -0.038430
v -0.017087 0.053291 -0.049751
v -0.029371 0.048881 -0.046564
v -0.034815 0.047354 -0.042379
v -0.036057 0.047425 -0.041237
v -0.036415 0.046789 -0.042231
v -0.037952 0.045548 -0.041781
v -0.040009 0.000647 -0.005571
v -0.039463 0.045561 -0.042204
v -0.005360 0.052540 -0.055181
v -0.032360 0.043703 -0.046308
v -0.027564 -0.000137 -0.006959
v -0.049660 0.040548 -0.036694
v -0.042018 0.041570 -0.040885
v -0.039298 0.042673 -0.043190
v -0.040802 0.043064 -0.042273
v -0.010616 0.057423 -0.050728
v -0.012805 0.056918 -0.049923
v -0.030389 0.042484 -0.047515
v -0.036502 0.043993 -0.043254
v -0.027092 0.045658 -0.048564
v -0.033359 0.040739 -0.046966
v -0.048401 0.040593 -0.039187
v -0.036719 0.038974 -0.044724
v -0.014065 0.051329 -0.050920
v -0.059787 0.026026 -0.037487
v -0.008387 0.058137 -0.049695
v -0.037662 0.040140 -0.044405
v -0.037663 0.043148 -0.044010
v -0.007673 0.048819 -0.054515
v -0.007466 0.050675 -0.053295
v -0.006983 0.059546 -0.050782
v -0.016125 0.047909 -0.052151
v -0.024987 0.049622 -0.049396
v -0.022534 0.046467 -0.050891
v -0.025398 0.041996 -0.050969
v -0.007200 0.042246 -0.055953
v -0.014758 0.041669 -0.053717
v -0.041813 -0.000675 -0.018648
v -0.056551 0.030600 -0.038967
v -0.009921 0.045626 -0.054311
v -0.024354 0.002484 -0.022081
v -0.045496 0.032552 -0.041425
v -0.057750 0.036630 -0.037207
v -0.026475 0.046749 -0.049884
v -0.005917 0.040349 -0.056986
v -0.006771 0.045576 -0.055157
v -0.062171 0.029906 -0.036686
v -0.050495 0.000728 -0.016746
v -0.090119 0.019577 -0.019992
v -0.090370 0.022653 -0.018442
v -0.089196 0.021924 -0.021058
v -0.045086 -0.000968 -0.018062
v -0.005170 0.001382 -0.029181
v -0.006764 0.001834 -0.032824
v -0.089213 0.025101 -0.017159
v -0.010711 0.001326 -0.031129
v -0.084355 0.024045 -0.025529
v -0.088945 0.020408 -0.023271
v -0.016677 0.000269 -0.007811
v -0.086253 0.025113 -0.020690
v -0.006194 -0.000516 -0.019904
v -0.062790 0.032794 -0.035964
v -0.065147 0.033458 -0.034046
v -0.007043 0.000447 -0.028642
v -0.081850 0.033432 -0.005794
v -0.081804 0.034793 -0.007098
v -0.083386 0.032894 -0.006083
v -0.084139 0.031128 -0.007786
v -0.083733 0.029568 -0.014224
v -0.082209 0.029871 -0.010197
v -0.081055 0.030156 -0.012729
v -0.086181 0.028229 -0.010795
v -0.086616 0.027233 -0.005706
v -0.083028 0.011456 -0.027961
v -0.082863 0.014645 -0.028361
v -0.081158 0.010827 -0.028925
v -0.083315 0.028564 -0.006426
v -0.080777 0.030330 -0.014892
v -0.083172 0.029025 -0.016997
v -0.090006 0.025872 -0.013724
v -0.084601 0.027389 -0.004890
v -0.088721 0.026803 -0.008851
v -0.084450 0.027792 -0.016907
v -0.083340 0.028447 -0.020267
v -0.081135 0.036174 -0.009059
v -0.083233 0.033047 -0.010229
v -0.084944 0.015714 -0.027565
v -0.080968 0.019026 -0.028931
v -0.082065 0.034198 -0.014043
v -0.078528 0.037920 -0.010876
v -0.081348 0.034292 -0.015164
v -0.074944 0.038113 -0.019122
v -0.073337 0.038144 -0.022610
v -0.080044 0.036592 -0.012990
v -0.077950 0.037360 -0.013467
v -0.080796 0.029706 -0.020047
v -0.074807 0.036607 -0.020407
v -0.075402 0.037571 -0.017575
v -0.080880 0.031699 -0.014989
v -0.088358 0.025869 -0.005030
v -0.079515 0.030651 -0.017014
v -0.078279 0.030717 -0.017629
v -0.089908 0.025211 -0.007637
v -0.088494 0.022997 -0.004405
v -0.090433 0.021800 -0.004628
v -0.080175 0.034352 -0.017849
v -0.076703 0.031945 -0.023161
v -0.077079 0.034508 -0.021513
v -0.078186 0.031722 -0.019713
v -0.092846 0.020118 -0.005486
v -0.094026 0.018240 -0.004713
v -0.095578 0.015023 -0.009426
v -0.096402 0.014807 -0.008415
v -0.094999 0.017486 -0.008291
v -0.092394 0.023549 -0.010414
v -0.091505 0.023457 -0.013225
v -0.093788 0.021701 -0.010099
v -0.095042 0.015552 -0.004950
v -0.091953 0.022831 -0.009060
v -0.077375 0.030467 -0.020502
v -0.090784 0.023071 -0.006531
v -0.090414 0.021547 -0.005665
v -0.095430 0.013686 -0.003953
v -0.094759 0.016701 -0.009322
v -0.084128 0.026513 -0.004247
v -0.096851 0.015605 -0.010414
v -0.094584 0.019398 -0.009883
v -0.093694 0.020546 -0.007118
v -0.093444 0.018551 -0.006343
v -0.095710 0.018055 -0.010653
v -0.093656 0.016617 -0.018160
v -0.094375 0.019989 -0.013266
v -0.091764 0.019004 -0.018774
v -0.095805 0.015763 -0.015220
v -0.096935 0.013746 -0.014834
v -0.092941 0.013818 -0.019848
v -0.098306 0.010577 -0.010382
v -0.095786 0.011668 -0.016996
v -0.081961 0.027905 -0.021980
v -0.080148 0.027990 -0.024359
v -0.073061 0.035366 -0.024199
v -0.071613 0.036072 -0.026328
v -0.074292 0.035770 -0.023003
v -0.073963 0.033840 -0.025006
v -0.072577 0.029950 -0.028024
v -0.069282 0.036719 -0.028510
v -0.070627 0.033400 -0.028384
v -0.097071 0.005896 -0.014481
v -0.094985 0.005151 -0.016829
v -0.072307 0.033007 -0.026199
v -0.073877 0.029930 -0.026594
v -0.074564 0.027959 -0.023653
v -0.060882 0.036103 -0.035733
v -0.079158 0.029228 -0.022878
v -0.078474 0.027076 -0.026272
v -0.067579 0.032658 -0.031189
v -0.076650 0.029478 -0.022198
v -0.075593 0.026443 -0.027422
v -0.063797 0.029064 -0.035579
v -0.064604 0.026907 -0.034788
v -0.068189 0.028959 -0.032215
v -0.068191 0.026580 -0.032216
v -0.069523 0.025141 -0.031361
v -0.072714 0.026338 -0.027383
v -0.090085 0.020203 -0.021613
v -0.085354 0.019877 -0.026129
v -0.004286 0.000339 -0.023213
v -0.061831 0.028547 -0.036310
v -0.090505 0.015400 -0.022034
v -0.089123 0.014158 -0.024241
v -0.070125 0.022810 -0.029156
v -0.073847 0.023280 -0.029966
v -0.087124 0.017902 -0.024931
v -0.085552 0.014531 -0.026451
v -0.091163 0.012353 -0.022313
v -0.074158 0.021014 -0.031077
v -0.078673 0.018597 -0.030680
v -0.066296 0.026043 -0.033761
v -0.085141 0.011008 -0.025833
v -0.072204 0.018026 -0.031795
v -0.075089 0.015732 -0.031050
v -0.078275 0.014157 -0.030802
v -0.084147 0.009213 -0.026017
v -0.067279 0.018680 -0.030285
v -0.068445 0.020910 -0.029685
v -0.077673 0.012504 -0.031045
v -0.064836 0.021513 -0.034101
v -0.089608 0.009907 -0.023423
v -0.065943 0.016151 -0.030127
v -0.063739 0.013256 -0.031159
v -0.066239 0.024372 -0.033006
v -0.093423 0.011499 -0.019352
v -0.073939 0.014077 -0.032360
v -0.064610 0.024211 -0.033996
v -0.063669 0.009371 -0.031718
v -0.056245 0.015041 -0.035401
v -0.096710 0.011997 -0.007034
v -0.097294 0.011620 -0.005108
v -0.097874 0.010693 -0.007541
v -0.098216 0.011013 -0.005513
v -0.096303 0.009897 -0.003823
v -0.026504 0.000378 -0.016622
v -0.097731 0.008739 -0.006011
v -0.096499 0.007052 -0.004935
v -0.097107 0.003562 -0.002309
v -0.094902 0.003261 -0.006238
v -0.098608 0.007217 -0.006353
v -0.099285 0.008305 -0.010608
v -0.097921 0.004678 -0.003725
v -0.098175 0.003587 -0.003404
v -0.099515 0.005234 -0.008846
v -0.091093 0.001473 -0.005900
v -0.054664 0.001897 -0.021257
v -0.086651 0.000152 -0.009108
v -0.005413 0.068149 -0.041793
v -0.098518 0.004213 -0.009321
v -0.088599 0.001081 -0.003883
v -0.083808 0.000139 -0.006049
v -0.096955 0.002410 -0.004000
v -0.097693 0.003659 -0.005869
v -0.090082 0.001247 -0.007661
v -0.095997 0.002477 -0.006626
v -0.096274 0.003161 -0.009188
v -0.092654 0.002024 -0.009862
v -0.084124 0.000358 -0.003266
v -0.082074 0.000892 -0.005067
v -0.091274 0.001024 -0.008239
v -0.089040 0.001297 -0.010763
v -0.095664 0.004862 -0.002244
v -0.092059 0.002539 -0.006623
v -0.094920 0.001752 -0.007595
v -0.092963 0.001705 -0.007067
v -0.098169 0.008402 -0.014137
v -0.098494 0.005799 -0.011589
v -0.095567 0.007671 -0.017413
v -0.092863 0.009881 -0.019243
v -0.097287 0.004697 -0.012674
v -0.094163 0.005996 -0.018368
v -0.093225 0.008301 -0.019921
v -0.081232 0.000049 -0.010075
v -0.087792 0.001493 -0.015074
v -0.091635 0.001673 -0.012121
v -0.088051 0.000514 -0.012844
v -0.084999 0.000521 -0.014703
v -0.085918 0.000514 -0.012455
v -0.084119 0.000628 -0.011645
v -0.085851 0.001308 -0.018202
v -0.089956 0.003573 -0.019705
v -0.092991 0.002800 -0.012441
v -0.078698 0.000309 -0.005390
v -0.073816 -0.000062 -0.007330
v -0.076307 0.000237 -0.009442
v -0.082906 0.001068 -0.018046
v -0.083940 0.000533 -0.016846
v -0.075412 -0.000212 -0.011467
v -0.081491 -0.000238 -0.016156
v -0.069242 0.000033 -0.006497
v -0.071093 0.000383 -0.005466
v -0.068360 -0.000377 -0.013956
v -0.079659 -0.000227 -0.018454
v -0.068899 0.000554 -0.008361
v -0.071826 0.000062 -0.009296
v -0.065083 -0.000204 -0.008981
v -0.053306 -0.000255 -0.015319
v -0.063686 0.000178 -0.016382
v -0.057458 0.000320 -0.012697
v -0.060924 -0.000132 -0.011369
v -0.057108 0.001171 -0.017753
v -0.059823 0.001396 -0.017859
v -0.064638 0.001354 -0.021266
v -0.069811 0.000053 -0.002944
v -0.054963 -0.000068 -0.019495
v -0.052293 0.000448 -0.015015
v -0.091881 0.008853 -0.021181
v -0.064805 0.000409 -0.006490
v -0.081548 0.009641 -0.028837
v -0.091198 0.007982 -0.022397
v -0.082311 0.008435 -0.026490
v -0.081793 0.006522 -0.026274
v -0.086155 0.007418 -0.023994
v -0.085508 0.003715 -0.022879
v -0.091668 0.006681 -0.019982
v -0.088051 0.006163 -0.022247
v -0.085247 0.001894 -0.021894
v -0.086666 0.005363 -0.024251
v -0.083921 0.005732 -0.025421
v -0.084128 0.004147 -0.024288
v -0.080381 0.002537 -0.025220
v -0.087395 0.002127 -0.020418
v -0.069387 0.004598 -0.030126
v -0.078043 0.003998 -0.026294
v -0.077294 0.005764 -0.028335
v -0.057967 0.001744 -0.021022
v -0.073700 0.008309 -0.031296
v -0.061798 0.001317 -0.022567
v -0.058191 0.002243 -0.026469
v -0.079159 0.008565 -0.029002
v -0.061660 0.007667 -0.030811
v -0.057151 0.000765 -0.022804
v -0.069903 0.006603 -0.031175
v -0.060720 0.009457 -0.030554
v -0.063859 0.001776 -0.026301
v -0.060326 0.003163 -0.027975
v -0.066123 0.002461 -0.028231
v -0.040691 0.001450 -0.008260
v -0.042050 0.001119 -0.011932
v -0.029497 0.001027 -0.006895
v -0.031277 0.001035 -0.004023
v -0.042381 -0.000057 -0.013591
v -0.048441 0.000087 -0.013527
v -0.005118 0.001528 -0.003611
v -0.004037 -0.000186 -0.015356
v -0.004747 0.058704 -0.052959
v -0.004595 0.010307 -0.046686
v -0.000418 0.050486 0.050998
v 0.000979 0.048192 0.052712
v 0.002062 0.050614 0.051713
v 0.039244 0.035380 -0.046545
v 0.041017 0.031578 -0.046874
v 0.037075 0.031000 -0.046828
v -0.002442 0.049941 0.051669
v -0.003942 0.078865 0.029036
v -0.002116 0.077746 0.032250
v -0.000054 0.079438 0.030735
v 0.080771 0.006715 -0.027735
v 0.080051 0.002263 -0.022534
v 0.079241 0.004619 -0.026087
v -0.004277 0.067461 0.041853
v 0.036997 0.028308 -0.046681
v 0.032388 0.026702 -0.047343
v 0.035922 0.032786 -0.046467
v -0.004745 0.072930 0.037484
v 0.004001 0.047198 0.051225
v 0.005718 0.049917 0.051160
v -0.004682 0.075242 0.034889
v -0.000715 0.074560 0.036134
v 0.006159 0.033202 -0.061541
v 0.006465 0.033844 -0.059769
v 0.006297 0.031667 -0.058712
v 0.001552 0.060891 0.046874
v 0.002328 0.055778 0.047766
v -0.000334 0.047910 0.052250
v 0.005252 0.059248 0.047147
v 0.004108 0.052451 0.050319
v -0.002583 0.060127 0.047166
v -0.004822 0.076743 0.031699
v 0.033330 0.033309 -0.046904
v 0.002538 0.076491 0.033446
v 0.002087 0.046186 0.051946
v 0.004061 0.074469 0.036448
v 0.053293 0.041119 -0.038930
v 0.058974 0.036326 -0.036660
v -0.003035 0.054683 0.049306
v 0.050098 0.034726 -0.042986
v 0.050611 0.038306 -0.041770
v -0.002472 0.072131 0.038847
v 0.001094 0.054222 0.048830
v 0.007455 0.007757 -0.045544
v 0.015112 0.009535 -0.044607
v 0.008463 0.007012 -0.043751
v -0.005736 0.077468 0.027114
v 0.004068 0.009857 -0.047396
v 0.077853 0.005742 -0.026901
v 0.087890 0.013682 -0.027719
v 0.088092 0.016234 -0.028463
v 0.090330 0.014148 -0.025298
v -0.002476 0.045279 0.053486
v 0.089659 0.016437 -0.026861
v 0.068028 0.002132 -0.020335
v 0.063890 0.000886 -0.022086
v 0.078296 0.000534 -0.005059
v 0.079262 0.000829 -0.006477
v 0.004803 0.037242 -0.063452
v 0.003659 0.034305 -0.062442
v 0.033477 0.038610 -0.045758
v 0.031761 0.039323 -0.046716
v 0.068442 0.008999 -0.026890
v 0.067043 0.006173 -0.026073
v 0.066096 0.008027 -0.030545
v 0.001823 0.043515 0.053199
v 0.072469 0.001164 -0.021065
v 0.075248 0.002021 -0.023781
v 0.089870 0.016686 -0.027496
v 0.039176 0.040099 -0.045055
v 0.037587 0.040528 -0.043959
v 0.000622 0.069331 0.040861
v 0.055486 0.042765 -0.037585
v 0.001332 0.073660 0.037436
v 0.001247 0.071468 0.037528
v 0.003537 0.072558 0.037691
v 0.043008 0.039181 -0.041903
v 0.042602 0.037779 -0.043238
v -0.000592 0.072837 0.037118
v 0.080635 0.000928 -0.005738
v 0.079833 0.001729 -0.004958
v 0.086956 0.007506 -0.026775
v 0.084780 0.005931 -0.026958
v 0.034388 0.018150 -0.043750
v 0.030907 0.018616 -0.046139
v 0.002091 0.064137 0.045048
v 0.055875 0.030582 -0.040659
v 0.057246 0.028848 -0.040567
v 0.052926 0.030668 -0.041484
v 0.088906 0.024137 -0.026431
v 0.088705 0.027413 -0.023034
v 0.080156 0.000626 -0.003719
v 0.007881 0.003080 -0.030698
v 0.013243 0.002318 -0.028714
v 0.006759 0.062128 0.045388
v -0.002211 0.063089 0.045347
v 0.069839 0.002731 -0.024871
v 0.035918 0.015871 -0.042653
v 0.005592 0.036908 -0.059958
v 0.059543 0.031132 -0.038341
v 0.059756 0.028766 -0.038521
v 0.043772 0.008248 -0.037206
v 0.048301 0.011113 -0.038510
v -0.000613 0.081963 0.026251
v 0.072149 0.004705 -0.025922
v 0.072735 0.002959 -0.025475
v 0.004265 0.069952 0.040092
v 0.047021 0.038983 -0.041025
v 0.042953 0.009533 -0.037914
v 0.080817 0.001111 -0.019981
v 0.082576 0.002566 -0.022886
v 0.009240 0.002521 -0.031122
v 0.006663 0.002044 -0.031793
v 0.038377 0.020344 -0.044162
v 0.092634 0.020768 -0.023698
v 0.091997 0.023431 -0.023228
v -0.001127 0.085884 0.016851
v 0.002042 0.086314 0.017290
v -0.000278 0.087615 0.014364
v 0.005764 0.003661 -0.031504
v 0.025306 0.003382 -0.029885
v 0.054624 0.026451 -0.041506
v 0.051469 0.026139 -0.043048
v -0.000725 0.083867 0.021270
v 0.094861 0.021319 -0.019244
v 0.006034 0.082809 0.022861
v 0.003314 0.083679 0.021403
v 0.045635 0.012955 -0.040278
v -0.000646 0.088516 0.011616
v -0.002939 0.088318 0.009299
v 0.074970 0.012251 -0.030059
v 0.074298 0.010355 -0.026639
v 0.073066 0.011128 -0.027901
v -0.003433 0.086882 0.012750
v -0.004080 0.083820 0.019555
v -0.004570 0.083727 0.016451
v -0.003817 0.082305 0.022761
v 0.062765 0.000893 -0.018208
v 0.061336 0.001042 -0.022964
v 0.029704 0.032675 -0.048218
v 0.023227 0.004775 -0.033448
v 0.092806 0.025288 -0.019629
v 0.032963 0.001049 -0.024127
v 0.031391 0.003230 -0.027585
v 0.038784 0.007559 -0.036416
v 0.036477 0.009264 -0.038238
v -0.004840 0.080202 0.025674
v 0.043953 0.035173 -0.045101
v 0.034725 0.009538 -0.037383
v 0.026060 0.002741 -0.022880
v 0.021213 0.006153 -0.036087
v 0.023419 0.008371 -0.039323
v 0.030831 0.009395 -0.037032
v 0.032516 0.011069 -0.038652
v 0.023484 0.002783 -0.027590
v 0.017756 0.006034 -0.037780
v 0.009937 0.010604 -0.047095
v 0.013898 0.015143 -0.049322
v 0.017474 0.012614 -0.046421
v 0.017286 0.003522 -0.032807
v 0.005137 0.002836 -0.029548
v 0.002654 0.003464 -0.031870
v 0.004919 0.002342 -0.031800
v 0.088596 0.004950 -0.022407
v 0.071020 0.003895 -0.026523
v 0.033664 0.012249 -0.040658
v 0.072022 0.000341 -0.010849
v 0.073526 0.001027 -0.017848
v 0.074339 0.000381 -0.003293
v 0.018178 0.009386 -0.042139
v 0.052268 0.011790 -0.037866
v -0.004515 0.087792 0.005593
v -0.000004 0.089452 0.006968
v 0.072731 0.009641 -0.026359
v 0.073560 0.007053 -0.026233
v 0.005421 0.003921 -0.038001
v 0.004119 0.005622 -0.042487
v 0.004202 0.088552 0.010757
v 0.035263 0.005964 -0.032637
v 0.000898 0.003597 -0.036204
v -0.001608 0.090543 -0.002614
v -0.001576 0.090441 0.000451
v 0.004266 0.002898 -0.035223
v 0.024379 0.001032 -0.017607
v 0.051530 0.016214 -0.040715
v 0.004424 0.086407 0.014926
v 0.034515 0.000962 0.003407
v 0.030176 0.010042 -0.038116
v 0.028645 0.009544 -0.040300
v 0.031880 0.012029 -0.040416
v 0.001867 0.090015 0.001969
v 0.066754 0.004964 -0.024531
v 0.064072 0.003237 -0.024297
v 0.021908 0.010223 -0.040934
v 0.024459 0.015551 -0.045192
v 0.041652 0.014179 -0.042075
v 0.064496 0.005248 -0.028322
v 0.008399 0.001871 -0.024619
v 0.070028 0.005819 -0.027078
v 0.031871 0.000118 -0.018881
v -0.004272 0.088367 -0.000643
v 0.055218 0.014377 -0.038353
v 0.008774 0.004795 -0.037652
v 0.026478 0.009796 -0.041187
v -0.003274 0.088971 -0.006952
v -0.004678 0.088852 -0.005470
v 0.003327 0.003033 -0.033537
v 0.018330 0.011443 -0.043504
v 0.003669 0.089854 0.005807
v 0.063177 0.005779 -0.029170
v 0.001236 0.091508 -0.009344
v -0.000677 0.091339 -0.006712
v 0.005634 0.089996 -0.007512
v 0.031110 0.012120 -0.041813
v 0.006337 0.075353 0.033673
v 0.031476 0.013320 -0.040715
v 0.007099 0.073867 0.037336
v -0.005967 0.087683 -0.001729
v 0.080022 0.000552 -0.018203
v 0.007943 0.075538 0.034029
v 0.059615 0.002602 -0.024983
v 0.007460 0.077842 0.029737
v 0.006555 0.078970 0.028069
v 0.004595 0.077981 0.030415
v 0.008151 0.071706 0.038455
v 0.004370 0.073348 0.036721
v 0.080393 0.016016 -0.032363
v 0.076920 0.019123 -0.032537
v 0.009901 0.003536 -0.035435
v 0.088345 0.003743 -0.020148
v 0.028650 0.008031 -0.037837
v 0.060729 0.016834 -0.036524
v 0.057496 0.019150 -0.039214
v 0.061045 0.023189 -0.037757
v 0.016751 0.005167 -0.037521
v 0.012106 0.005892 -0.040599
v 0.010441 0.073551 0.036269
v 0.022346 0.015624 -0.045756
v 0.003230 0.006494 -0.043985
v 0.002147 0.008070 -0.044973
v 0.068412 0.006669 -0.026159
v 0.070588 0.010166 -0.026424
v 0.006819 0.077307 0.032187
v 0.004925 0.014238 -0.050579
v 0.091620 0.000678 -0.007721
v 0.091547 0.001138 -0.004797
v 0.088057 0.000294 -0.003455
v 0.006660 0.053155 0.049306
v 0.010409 0.072128 0.038024
v 0.066086 0.001898 -0.023650
v 0.005365 0.061105 0.045625
v 0.025508 0.006821 -0.037146
v 0.013839 0.053726 0.047063
v 0.014534 0.049174 0.048398
v 0.009809 0.070203 0.038227
v 0.012572 0.074409 0.029598
v 0.009178 0.051048 0.048803
v 0.009241 0.046786 0.051472
v 0.007379 0.050906 0.051319
v 0.006321 0.045369 0.052250
v 0.012059 0.069870 0.037835
v 0.010546 0.014936 -0.049456
v 0.010646 0.050718 0.048827
v 0.059292 0.004501 -0.026663
v 0.006227 0.024259 -0.054479
v 0.004282 0.024786 -0.057448
v 0.011872 0.049070 0.050234
v 0.013847 0.047671 0.050159
v 0.013480 0.057336 0.045201
v 0.013156 0.061704 0.042980
v 0.007482 0.056542 0.047586
v 0.017002 0.060967 0.038671
v 0.019112 0.057115 0.039454
v 0.019982 0.059138 0.038381
v 0.013646 0.068055 0.036507
v 0.015319 0.070031 0.029490
v 0.013008 0.074640 0.026101
v 0.016476 0.067884 0.031168
v 0.012237 0.052047 0.049404
v 0.031588 0.063354 0.030077
v 0.029807 0.065869 0.027903
v 0.027899 0.063532 0.030474
v 0.009820 0.063367 0.042915
v 0.016236 0.064876 0.035391
v 0.013449 0.064470 0.040718
v 0.022425 0.057379 0.035723
v 0.023876 0.060529 0.033834
v 0.010875 0.053700 0.048294
v 0.027046 0.056770 0.035619
v 0.005849 0.028704 -0.059115
v 0.003915 0.030159 -0.061031
v 0.012280 0.055816 0.045955
v 0.009435 0.060509 0.045423
v 0.030302 0.059667 0.034782
v 0.014395 0.043072 0.050288
v 0.011252 0.068115 0.039405
v 0.009490 0.067426 0.039440
v 0.013534 0.066319 0.040273
v 0.064850 0.025719 -0.035715
v 0.033314 0.060804 0.032204
v 0.025934 0.012912 -0.043343
v 0.020245 0.054338 0.040878
v 0.018098 0.065418 0.032439
v 0.017952 0.053910 0.042821
v 0.022304 0.051081 0.041486
v 0.013607 0.068423 0.037899
v 0.007305 0.069483 0.038939
v 0.020402 0.001559 -0.026902
v 0.015836 0.001554 -0.026861
v 0.036892 0.060025 0.029659
v 0.021082 0.050238 0.042528
v 0.030048 0.053935 0.038838
v 0.028520 0.049602 0.041889
v 0.030473 0.049206 0.041488
v 0.008234 0.066186 0.040743
v 0.026866 0.053859 0.037156
v 0.017879 0.064299 0.034537
v 0.020495 0.062454 0.034071
v 0.021262 0.046944 0.043459
v 0.017925 0.047375 0.046238
v 0.020499 0.046161 0.044986
v 0.018584 0.042600 0.046805
v 0.020880 0.065908 0.029177
v 0.020109 0.065765 0.030021
v 0.034447 0.058389 0.032275
v 0.005642 0.025958 -0.057936
v 0.006835 0.026824 -0.056571
v 0.021486 0.061080 0.033010
v 0.006392 0.029845 -0.057806
v 0.031495 0.057607 0.035808
v 0.018234 0.050210 0.044613
v 0.022722 0.048071 0.043506
v 0.025826 0.045484 0.042047
v 0.024782 0.049070 0.040483
v 0.002379 0.029273 -0.059013
v 0.002223 0.032012 -0.058415
v 0.023665 0.050023 0.041774
v 0.028925 0.056046 0.037451
v 0.022331 0.056248 0.038332
v 0.019754 0.067793 0.028323
v 0.024589 0.052070 0.038330
v 0.033833 0.052793 0.037085
v 0.028229 0.043995 0.044150
v 0.022083 0.045717 0.044686
v 0.020125 0.066356 0.028137
v 0.004956 0.036559 -0.056072
v 0.034270 0.042224 0.041975
v 0.037100 0.047293 0.038156
v 0.032418 0.048258 0.040373
v 0.038739 0.051719 0.035226
v 0.037862 0.055528 0.032960
v 0.035593 0.056698 0.033607
v 0.038850 0.047822 0.036547
v 0.041463 0.051532 0.029567
v 0.039763 0.053605 0.030287
v 0.040169 0.049622 0.033265
v 0.035487 0.053306 0.035271
v 0.041620 0.048425 0.032630
v 0.039503 0.053646 0.032284
v 0.021998 0.041689 0.045668
v 0.041638 0.045438 0.033895
v 0.039622 0.045712 0.037271
v 0.024248 0.042492 0.045083
v 0.028969 0.039438 0.045303
v 0.009390 0.083180 0.018311
v 0.006192 0.085055 0.018439
v 0.043573 0.045577 0.031962
v 0.011453 0.080970 0.020071
v 0.009432 0.079938 0.023905
v 0.023456 0.073290 0.018922
v 0.022110 0.071479 0.022217
v 0.015804 0.072857 0.023648
v 0.036546 0.058304 0.031258
v 0.006903 0.086837 0.012295
v 0.009045 0.084625 0.017180
v 0.010094 0.085151 0.012614
v 0.017404 0.071397 0.024900
v 0.010606 0.083804 0.016275
v 0.043336 0.051354 0.028338
v 0.018061 0.072902 0.020635
v 0.016461 0.072269 0.021598
v 0.019170 0.070956 0.024479
v 0.020386 0.070571 0.022823
v 0.016438 0.075304 0.016269
v 0.013785 0.076371 0.017626
v 0.016208 0.073919 0.019784
v 0.011901 0.080437 0.016508
v 0.045587 0.043324 0.030988
v 0.045376 0.047792 0.028200
v 0.009363 0.079249 0.026539
v 0.013596 0.078203 0.009092
v 0.014801 0.077630 0.009073
v 0.011871 0.078402 0.022872
v 0.020211 0.072523 0.019351
v 0.025451 0.074559 0.015042
v 0.028138 0.071965 0.016711
v 0.016068 0.077454 0.010812
v 0.011288 0.084021 0.011296
v 0.018421 0.076285 0.012045
v 0.012407 0.081605 0.012958
v 0.030114 0.072255 0.013788
v 0.031400 0.071159 0.018148
v 0.012383 0.080812 0.010329
v 0.011899 0.083323 0.007206
v 0.009856 0.086818 0.005417
v 0.006340 0.089813 0.002786
v 0.006437 0.089509 0.004622
v 0.033922 0.071761 0.012129
v 0.034994 0.070246 0.013013
v 0.015534 0.042512 0.049444
v 0.015836 0.043689 0.048276
v 0.008559 0.087895 0.002594
v 0.009052 0.089041 -0.004359
v 0.006686 0.087711 0.008026
v 0.012433 0.080633 0.002374
v 0.020977 0.076858 0.011497
v 0.017628 0.076896 0.008190
v 0.011541 0.083552 -0.002390
v 0.010950 0.085213 -0.001574
v 0.029634 0.068810 0.023349
v 0.013790 0.078933 0.000391
v 0.010469 0.086741 -0.005472
v 0.024515 0.077237 0.006980
v 0.026595 0.076303 0.005387
v 0.020070 0.079047 0.001353
v 0.028745 0.077389 -0.000039
v 0.025888 0.077168 -0.001809
v 0.024545 0.077621 -0.000073
v 0.009621 0.086846 -0.001874
v 0.016512 0.077288 0.004609
v 0.017497 0.078102 0.004049
v 0.029028 0.076273 -0.007047
v 0.025168 0.076844 -0.005611
v 0.039639 0.067892 0.003145
v 0.034758 0.071017 -0.004568
v 0.036277 0.069987 0.001333
v 0.032275 0.074269 0.002937
v 0.033392 0.071811 0.001369
v 0.013509 0.079006 -0.006558
v 0.015917 0.078190 -0.009590
v 0.016558 0.077987 -0.000785
v 0.029806 0.076571 -0.003328
v 0.011430 0.086034 0.001528
v 0.020315 0.067994 0.026586
v 0.034261 0.070511 0.005650
v 0.031922 0.072568 -0.004290
v 0.031700 0.074699 -0.002660
v 0.032076 0.073560 0.000466
v 0.035122 0.069673 0.009518
v 0.031253 0.074673 0.006012
v 0.030909 0.072567 -0.011536
v 0.021928 0.078754 -0.002394
v 0.018267 0.079132 -0.005372
v 0.012308 0.080287 -0.005363
v 0.035123 0.070059 0.002560
v 0.037338 0.064281 0.022619
v 0.037460 0.063760 0.020969
v 0.034497 0.068832 0.020424
v 0.030030 0.075135 -0.008373
v 0.034829 0.065776 0.025142
v 0.008264 0.089390 -0.006821
v 0.007163 0.089903 -0.002793
v 0.038413 0.059831 0.025194
v 0.037685 0.061759 0.026523
v 0.038804 0.059678 0.027659
v 0.038362 0.057522 0.028702
v 0.036568 0.067985 0.013729
v 0.035623 0.068842 0.016998
v 0.036143 0.069363 -0.009290
v 0.041884 0.063508 0.012840
v 0.041242 0.064217 0.013824
v 0.037906 0.068799 -0.005735
v 0.045873 0.053248 0.022817
v 0.043089 0.055456 0.021957
v 0.042968 0.062241 0.014133
v 0.042680 0.054652 0.025157
v 0.044519 0.051671 0.025387
v 0.047843 0.049317 0.024831
v 0.049553 0.044362 0.027300
v 0.046857 0.057670 0.015763
v 0.052505 0.044606 0.024776
v 0.048323 0.054553 0.018432
v 0.050113 0.057192 0.013024
v 0.043034 0.059154 0.017922
v 0.050667 0.054206 0.015702
v 0.047634 0.051695 0.021857
v 0.047271 0.061861 0.009178
v 0.040624 0.063432 0.016559
v 0.057262 0.047830 0.019855
v 0.054079 0.048914 0.017536
v 0.046143 0.044201 0.028872
v 0.052156 0.049957 0.020620
v 0.055095 0.051050 0.014981
v 0.053744 0.052182 0.014716
v 0.040749 0.064862 0.010045
v 0.040002 0.066361 0.010794
v 0.050190 0.054944 0.011459
v 0.047583 0.045355 0.028800
v 0.042295 0.066914 0.004033
v 0.040011 0.067145 0.007638
v 0.041748 0.061216 0.018963
v 0.051194 0.054666 0.010910
v 0.041259 0.065810 0.008723
v 0.055155 0.056085 0.010581
v 0.058936 0.050446 0.015610
v 0.042059 0.067936 0.000475
v 0.059311 0.054296 0.010322
v 0.053649 0.054819 0.011880
v 0.062458 0.053527 0.010960
v 0.042699 0.065640 0.002567
v 0.042359 0.057218 0.023197
v 0.053063 0.047029 0.020817
v 0.056213 0.044008 0.022295
v 0.051702 0.051022 0.016693
v 0.043291 0.064413 0.006247
v 0.044356 0.063684 0.007561
v 0.057934 0.055653 0.007402
v 0.057488 0.058384 0.002010
v 0.054811 0.059202 0.004137
v 0.059675 0.048156 0.018741
v 0.049662 0.060300 0.008241
v 0.049862 0.059475 0.005777
v 0.049176 0.060241 0.002714
v 0.048189 0.063871 0.002051
v 0.060417 0.045337 0.021965
v 0.058081 0.043626 0.023653
v 0.043650 0.064617 0.003611
v 0.046090 0.064775 0.003358
v 0.040750 0.067333 -0.003731
v 0.040998 0.066452 -0.004619
v 0.044057 0.066005 0.000256
v 0.038852 0.066758 -0.004724
v 0.039290 0.067039 -0.007420
v 0.054776 0.059724 -0.005917
v 0.052838 0.061565 -0.002534
v 0.049042 0.061491 -0.000204
v 0.047872 0.062412 -0.007944
v 0.047176 0.065317 -0.003842
v 0.056684 0.059429 -0.002235
v 0.043959 0.065934 -0.006855
v 0.052886 0.061413 0.001226
v 0.051563 0.059587 0.005094
v 0.039824 0.067941 -0.002896
v 0.052655 0.057871 0.006180
v 0.058625 0.058256 -0.006000
v 0.061901 0.054749 0.009257
v 0.066667 0.043396 0.020703
v 0.065642 0.045170 0.018921
v 0.063606 0.044983 0.021707
v 0.049957 0.060824 0.000006
v 0.061895 0.051250 0.013532
v 0.061328 0.057908 0.000310
v 0.061832 0.054782 0.006155
v 0.067036 0.048547 0.015312
v 0.068951 0.048308 0.013659
v 0.070295 0.049541 0.010077
v 0.066309 0.051174 0.009836
v 0.072586 0.046756 0.010158
v 0.070995 0.045550 0.015230
v 0.073240 0.043080 0.014825
v 0.062597 0.048960 0.018078
v 0.061279 0.058316 -0.006836
v 0.063801 0.057464 -0.002574
v 0.068109 0.046151 0.015387
v 0.049412 0.061378 -0.006276
v 0.065371 0.056318 -0.006879
v 0.062255 0.055464 0.003933
v 0.064286 0.053773 0.003911
v 0.065247 0.053665 0.006906
v 0.067482 0.053478 0.005040
v 0.063161 0.056273 0.002131
v 0.068029 0.054655 -0.005120
v 0.062849 0.044323 0.023464
v 0.074729 0.045052 0.007399
v 0.073019 0.047851 0.004394
v 0.069250 0.052033 0.007222
v 0.069948 0.052722 0.000162
v 0.070352 0.051989 0.004662
v 0.065020 0.055693 -0.000141
v 0.064838 0.054094 0.000374
v 0.075764 0.045404 0.000622
v 0.073916 0.047283 -0.005808
v 0.073332 0.046864 0.003070
v 0.067721 0.053350 -0.002238
v 0.069807 0.052661 -0.003759
v 0.071632 0.050142 -0.005633
v 0.075869 0.044351 -0.003899
v 0.067179 0.053803 0.001193
v 0.071523 0.042392 0.018493
v 0.076368 0.041581 0.009606
v 0.077134 0.042853 0.001020
v 0.077816 0.041625 -0.000662
v 0.066515 0.053843 -0.000564
v -0.001967 0.038466 0.054870
v -0.001026 0.037425 0.054066
v 0.001114 0.039523 0.053743
v 0.018498 0.013585 -0.045737
v -0.001327 0.035299 0.055825
v -0.003376 0.032839 0.056084
v 0.005829 0.039246 -0.060310
v 0.077146 0.042542 0.004245
v 0.005392 0.029177 -0.055670
v 0.068502 0.052698 -0.000428
v 0.002157 0.028474 -0.056296
v -0.001383 0.035376 0.054359
v -0.003403 0.032802 0.054678
v -0.001096 0.032873 0.053750
v 0.001400 0.036424 0.052950
v 0.000971 0.031564 0.053481
v 0.083680 0.001011 -0.017944
v 0.005560 0.032108 -0.057093
v -0.003728 0.028019 0.052687
v -0.005295 0.031461 0.054010
v 0.005207 0.037940 0.053500
v 0.026649 0.004479 -0.031869
v 0.030600 0.005507 -0.033206
v -0.002369 0.031734 0.054499
v 0.089696 0.003255 -0.017718
v 0.002223 0.025116 0.051261
v 0.004233 0.026703 0.051250
v 0.001050 0.028266 0.051916
v -0.000789 0.026261 0.052020
v -0.001317 0.024196 0.052160
v 0.007509 0.036384 -0.055674
v 0.005999 0.034150 -0.056312
v -0.002242 0.028946 0.053602
v -0.004529 0.031528 0.055094
v 0.006312 0.025773 -0.053967
v 0.003048 0.039131 -0.056235
v 0.003582 0.023409 -0.056720
v 0.004706 0.033044 0.053836
v 0.006924 0.027035 -0.054674
v -0.001552 0.028938 0.052356
v 0.002294 0.020461 0.051043
v 0.086417 0.010475 -0.028751
v 0.037701 0.022847 -0.045386
v 0.034211 0.024393 -0.047207
v 0.049329 0.016621 -0.041325
v 0.050858 0.021168 -0.042677
v 0.053457 0.019850 -0.041252
v 0.006431 0.030422 -0.055580
v 0.007324 0.032570 -0.055569
v 0.002744 0.028633 0.052967
v 0.005128 0.028922 0.053053
v 0.088732 0.010893 -0.026658
v 0.071605 0.000729 -0.018119
v -0.000644 0.012846 0.048085
v 0.003338 0.015698 0.048938
v 0.002969 0.027340 -0.060515
v 0.003854 0.017979 0.050297
v 0.005171 0.021545 0.051426
v 0.002695 0.022229 -0.053461
v 0.033218 0.014364 -0.042631
v 0.031350 0.015245 -0.044262
v 0.084414 0.000849 -0.016101
v 0.087572 0.000209 -0.009809
v 0.044424 0.018753 -0.044303
v 0.046311 0.020773 -0.044795
v 0.033057 0.020744 -0.046251
v 0.068470 0.009473 -0.029372
v 0.058084 0.000403 -0.019693
v 0.001422 0.011963 0.046069
v 0.080177 0.000465 -0.010299
v 0.001600 0.031609 -0.062630
v 0.004314 0.034928 -0.057393
v 0.047072 0.027145 -0.045661
v -0.003938 0.006121 0.037587
v -0.001690 0.008072 0.039016
v -0.000831 0.008633 0.040772
v 0.001847 0.011311 0.044094
v 0.003871 0.007137 0.035869
v -0.000730 0.005092 0.034995
v 0.002806 0.036639 -0.057954
v 0.002994 0.008657 0.040384
v 0.003158 0.002865 0.033169
v 0.003074 0.004720 0.033913
v -0.002385 0.002203 0.031406
v 0.000526 0.003169 0.033685
v 0.045128 0.015696 -0.042583
v -0.004185 0.004702 0.034400
v 0.078804 0.008096 -0.027484
v 0.081645 0.007730 -0.028795
v 0.044342 0.024532 -0.045227
v 0.029833 0.021751 -0.047247
v 0.011008 0.032528 -0.054927
v 0.055381 0.023415 -0.041112
v 0.001591 0.037802 -0.062550
v 0.003491 0.039939 -0.063546
v 0.004615 0.000662 0.027746
v -0.000295 0.000959 0.028100
v 0.001315 0.000362 0.023973
v 0.041143 0.027011 -0.046144
v 0.019394 0.018406 -0.048617
v -0.002332 0.001276 0.017137
v 0.067338 0.002788 -0.024973
v 0.072485 0.006568 -0.025587
v 0.087628 0.000685 -0.014011
v 0.003347 0.001717 0.015435
v 0.005738 0.001546 0.015557
v 0.026077 0.019654 -0.046926
v 0.027935 0.019588 -0.045957
v -0.000921 0.000993 0.008295
v 0.002193 0.001051 0.008641
v 0.028993 0.017543 -0.045660
v 0.003767 0.001690 0.011960
v -0.002985 0.001701 0.006535
v -0.002262 0.001071 0.001997
v 0.005721 0.001180 0.008399
v 0.007486 0.041725 0.053494
v 0.016581 0.015272 -0.049164
v 0.009094 0.039034 0.053274
v 0.013612 0.038421 0.050934
v 0.080923 0.018549 -0.031493
v 0.080544 0.018204 -0.030718
v 0.014047 0.040482 0.049970
v 0.056156 0.003265 -0.022707
v 0.019435 0.019486 -0.050916
v 0.015935 0.018747 -0.051467
v 0.006054 0.000810 -0.000704
v 0.096036 0.008308 -0.015407
v 0.098024 0.009010 -0.012427
v 0.011035 0.020900 -0.051639
v 0.055862 0.003064 -0.024743
v 0.095902 0.009427 -0.012932
v 0.065485 0.002996 -0.023967
v 0.012525 0.035827 0.051552
v 0.098696 0.007710 -0.013589
v 0.090862 0.001215 -0.009621
v 0.000569 0.000429 0.000138
v 0.010499 0.032342 0.051295
v 0.006609 0.033530 0.053471
v 0.013945 0.034576 0.049973
v 0.092955 0.002522 -0.011775
v 0.026845 0.026174 -0.048719
v 0.004877 0.022877 -0.052295
v 0.007721 0.019814 -0.051544
v 0.004281 0.018864 -0.052249
v 0.013524 0.029754 0.050141
v 0.017921 0.039292 0.047577
v 0.016098 0.034771 0.048292
v 0.010868 0.026784 0.051031
v 0.005662 0.016100 -0.051337
v 0.014732 0.031933 0.048610
v 0.008394 0.030744 0.052701
v 0.010435 0.029417 0.051305
v 0.015437 0.026710 0.047907
v 0.013834 0.026252 0.049025
v 0.011934 0.026035 0.049904
v 0.030178 0.013459 -0.043743
v 0.006960 0.020029 0.050023
v 0.025809 0.041685 0.043757
v 0.024241 0.037597 0.046253
v 0.025483 0.037024 0.044714
v 0.009047 0.019259 0.048221
v 0.023629 0.034214 0.045937
v 0.022215 0.035941 0.045409
v 0.006736 0.017728 0.047827
v 0.008607 0.024690 0.050601
v 0.012849 0.019523 0.047102
v 0.006258 0.026170 0.051522
v 0.027512 0.035473 0.045393
v 0.023160 0.027385 0.045358
v 0.019623 0.033842 0.046706
v 0.018966 0.031488 0.046007
v 0.024837 0.029302 0.044485
v 0.013344 0.022915 0.048761
v 0.021107 0.036524 0.046429
v 0.020042 0.040531 0.046520
v 0.021147 0.025819 -0.050329
v 0.030403 0.040401 0.043832
v 0.029834 0.033180 0.045239
v 0.039872 0.040573 0.038480
v 0.030531 0.035565 0.045051
v 0.055489 0.004381 -0.027056
v 0.033955 0.038018 0.042569
v 0.031466 0.032582 0.043959
v 0.090642 0.000321 -0.003000
v 0.092597 0.000967 -0.003477
v 0.093726 0.001424 -0.001470
v 0.035667 0.034337 0.041296
v 0.030093 0.027351 0.043667
v 0.033126 0.028854 0.042203
v 0.041222 0.039472 0.036573
v 0.039272 0.035948 0.039290
v 0.041333 0.034757 0.037235
v 0.040963 0.034649 0.038436
v 0.039059 0.030595 0.039411
v 0.046811 0.036606 0.032829
v 0.037320 0.032786 0.040785
v 0.036079 0.037407 0.042013
v 0.017277 0.030275 0.047407
v 0.042934 0.040902 0.034907
v 0.018736 0.036537 0.047580
v 0.048519 0.034452 0.031969
v 0.048624 0.029235 0.032421
v 0.043691 0.035617 0.035575
v 0.019279 0.024767 0.045451
v 0.050324 0.032375 0.032153
v 0.019131 0.035522 0.046896
v 0.019765 0.042859 0.045543
v 0.020438 0.022783 0.044501
v 0.011663 0.018001 0.046361
v 0.026614 0.026841 0.044333
v 0.043554 0.029805 0.035763
v 0.022624 0.022071 0.043166
v 0.030543 0.023367 0.042703
v 0.024446 0.023505 0.042566
v 0.022681 0.020183 0.042234
v 0.030266 0.017221 0.039260
v 0.032370 0.017330 0.037935
v 0.032042 0.021740 0.040104
v 0.024436 0.020078 0.041585
v 0.010350 0.016365 0.046171
v 0.025297 0.016080 0.037891
v 0.047018 0.027572 0.033573
v 0.032896 0.024628 0.040546
v 0.036658 0.027940 0.040648
v 0.013961 0.018807 0.045876
v 0.017910 0.019203 0.043500
v 0.040893 0.026358 0.036911
v 0.025679 0.022589 0.042573
v 0.037539 0.024601 0.039729
v 0.022012 0.017403 0.041113
v 0.051000 0.029006 0.032307
v 0.053812 0.030878 0.031443
v 0.019190 0.016105 0.041036
v 0.047919 0.042612 0.029780
v 0.043219 0.024190 0.035290
v 0.036820 0.020003 0.039087
v 0.024058 0.015767 0.038867
v 0.049344 0.024605 0.032504
v 0.053056 0.024952 0.031384
v 0.034798 0.016023 0.036747
v 0.038412 0.014382 0.033686
v 0.039528 0.019166 0.035839
v 0.040614 0.020854 0.035398
v 0.044976 0.021109 0.033257
v 0.006632 0.013391 0.044779
v 0.051048 0.019705 0.031004
v 0.012369 0.014917 0.044430
v 0.042314 0.020269 0.034549
v 0.010270 0.013648 0.043200
v 0.011145 0.011543 0.041780
v 0.010741 0.008696 0.039787
v 0.009050 0.010738 0.042134
v 0.012711 0.012481 0.042596
v 0.007684 0.009562 0.041713
v 0.020767 0.013703 0.038578
v 0.024387 0.010414 0.034651
v 0.025692 0.012910 0.035426
v 0.024262 0.013365 0.037042
v 0.018325 0.008909 0.035155
v 0.040170 0.016021 0.033242
v 0.022932 0.013228 0.038090
v 0.016261 0.011517 0.039458
v 0.021100 0.008713 0.034237
v 0.029761 0.012997 0.035853
v 0.031403 0.011558 0.033681
v 0.024661 0.014334 0.036408
v 0.032205 0.008150 0.029468
v 0.016996 0.011900 0.038779
v 0.010058 0.006043 0.036501
v 0.013054 0.009046 0.039809
v 0.045120 0.014669 0.030551
v 0.022403 0.008792 0.033425
v 0.006623 0.009580 0.040182
v 0.013408 0.005519 0.035067
v 0.007208 0.008081 0.036908
v 0.047288 0.018188 0.031618
v 0.007946 0.007508 0.039192
v 0.008943 0.005173 0.034327
v 0.007118 0.005900 0.034150
v 0.009021 0.003882 0.033831
v 0.012035 0.004286 0.032437
v 0.049058 0.020292 0.031152
v 0.006765 0.011179 0.042342
v 0.016646 0.010878 0.037375
v 0.006206 0.003346 0.033335
v 0.032364 0.013910 0.035020
v 0.018699 0.006761 0.032430
v 0.018758 0.008453 0.033090
v 0.035664 0.012415 0.033523
v 0.017478 0.004374 0.029049
v 0.036708 0.009592 0.030478
v 0.040159 0.011085 0.029704
v 0.053749 0.037700 0.027745
v 0.024702 0.010309 0.033174
v 0.014454 0.002694 0.027769
v 0.050520 0.039590 0.029628
v 0.016173 0.009457 0.037518
v 0.054784 0.042005 0.023979
v 0.058362 0.030650 0.028508
v 0.062352 0.033435 0.029526
v 0.023498 0.007472 0.031643
v 0.053255 0.037823 0.029260
v 0.057088 0.023195 0.029930
v 0.061971 0.027887 0.030648
v 0.058186 0.027167 0.029644
v 0.054626 0.031476 0.029826
v 0.055923 0.033110 0.029389
v 0.055157 0.037116 0.027812
v 0.025797 0.008424 0.031040
v 0.057607 0.033958 0.028749
v 0.056774 0.036493 0.028891
v 0.020375 0.007959 0.033119
v 0.057750 0.039734 0.027425
v 0.061947 0.042693 0.025349
v 0.055120 0.020309 0.029561
v 0.053706 0.018094 0.029103
v 0.041445 0.010588 0.029138
v 0.048650 0.019330 0.030386
v 0.054887 0.026075 0.029830
v 0.061461 0.038416 0.028240
v 0.048325 0.016576 0.029603
v 0.049596 0.015673 0.029363
v 0.064128 0.031720 0.029614
v 0.064988 0.035580 0.028089
v 0.066946 0.041258 0.022868
v 0.066356 0.030126 0.029438
v 0.071162 0.038751 0.021988
v 0.071687 0.034177 0.024490
v 0.073502 0.036895 0.021221
v 0.074161 0.031111 0.022248
v 0.067628 0.037918 0.025146
v 0.056378 0.019583 0.030038
v 0.068152 0.035391 0.026406
v 0.059733 0.018129 0.029668
v 0.060545 0.022786 0.029861
v 0.071713 0.031251 0.025026
v 0.070606 0.029311 0.026807
v 0.079915 0.029988 0.015201
v 0.079587 0.031388 0.013345
v 0.078207 0.033076 0.015866
v 0.040814 0.061990 0.015433
v 0.074771 0.036272 0.018760
v 0.056112 0.014534 0.028404
v 0.053985 0.016663 0.027803
v 0.073029 0.022003 0.024869
v 0.074061 0.026932 0.023254
v 0.071826 0.025327 0.026502
v 0.070913 0.022460 0.027016
v 0.075027 0.022299 0.023421
v 0.062666 0.025816 0.030843
v 0.068386 0.022157 0.028628
v 0.076382 0.035850 0.016912
v 0.070183 0.017453 0.026720
v 0.065281 0.017083 0.029204
v 0.076818 0.027021 0.020608
v 0.075748 0.028378 0.021882
v 0.075305 0.030710 0.020855
v 0.082957 0.025910 0.015575
v 0.080052 0.024506 0.017974
v 0.078744 0.037161 0.010838
v 0.067798 0.014949 0.027258
v 0.084281 0.028424 0.012937
v 0.075262 0.028629 0.020028
v 0.079459 0.021487 0.019254
v 0.075210 0.018269 0.023044
v 0.063137 0.021387 0.030327
v 0.077573 0.017893 0.020798
v 0.079868 0.033619 0.011620
v 0.076370 0.031838 0.018874
v 0.079085 0.025222 0.019090
v 0.077334 0.029315 0.019075
v 0.078704 0.016119 0.020091
v 0.082155 0.019047 0.018673
v 0.085696 0.015498 0.018296
v 0.083598 0.018073 0.018077
v 0.080141 0.015835 0.019079
v 0.073298 0.015919 0.023486
v 0.078425 0.039547 0.008074
v 0.078606 0.040713 0.004837
v 0.084040 0.032238 0.008526
v 0.061087 0.015007 0.028860
v 0.085834 0.023843 0.014745
v 0.087271 0.014809 0.017291
v 0.087016 0.018884 0.016432
v 0.078352 0.036790 0.004612
v 0.077331 0.038069 0.003529
v 0.084965 0.029098 0.005996
v 0.084351 0.033375 0.003302
v 0.077241 0.040811 -0.002869
v 0.076090 0.040478 -0.005174
v 0.085621 0.021596 0.016328
v 0.081302 0.036701 0.004513
v 0.080532 0.037645 0.001481
v 0.083566 0.034065 0.005649
v 0.078226 0.036780 0.006922
v 0.077894 0.039721 -0.003777
v 0.080274 0.036166 0.006822
v 0.083009 0.035524 0.000157
v 0.077047 0.039788 -0.000479
v 0.078224 0.038694 0.001413
v 0.077595 0.039982 0.001222
v 0.080739 0.038089 -0.002012
v 0.087867 0.018632 0.013569
v 0.081705 0.033866 0.008807
v 0.085734 0.029327 -0.000446
v 0.088319 0.028816 -0.002991
v 0.083813 0.030376 -0.001847
v 0.085033 0.021762 0.006606
v 0.084769 0.024130 0.007448
v 0.086611 0.021731 0.011190
v 0.082136 0.033880 -0.003475
v 0.081277 0.036480 -0.007953
v 0.079550 0.039152 -0.005146
v 0.086164 0.025339 0.010164
v 0.088114 0.020873 0.006438
v 0.083864 0.032594 -0.000201
v 0.077885 0.038298 0.005606
v 0.091141 0.014823 0.011116
v 0.090288 0.018762 0.009214
v 0.087269 0.016965 0.010427
v 0.083171 0.030921 -0.000989
v 0.081659 0.032352 -0.004527
v 0.094142 0.017903 0.008629
v 0.093953 0.015571 0.010574
v 0.087363 0.018735 0.009797
v 0.094758 0.021769 -0.002494
v 0.091825 0.024990 -0.002696
v 0.091890 0.024486 -0.000901
v 0.092222 0.019628 0.005393
v 0.084031 0.026490 0.004716
v 0.096797 0.016150 0.004710
v 0.093806 0.015616 0.002264
v 0.094431 0.018008 0.004693
v 0.087892 0.026772 -0.000367
v 0.083118 0.028723 0.001192
v 0.094358 0.018956 0.000629
v 0.089764 0.019775 0.003692
v 0.092317 0.019088 0.001835
v 0.013405 0.002568 0.029899
v 0.018767 0.006270 0.029561
v 0.011519 0.002257 0.028844
v 0.098361 0.014440 -0.000012
v 0.022867 0.006125 0.028765
v 0.026407 0.006569 0.028817
v 0.084635 0.025961 0.002743
v 0.090569 0.023382 0.001319
v 0.028890 0.006099 0.026715
v 0.085492 0.032145 -0.006230
v 0.094549 0.021645 -0.000948
v 0.096548 0.018286 -0.000949
v 0.096518 0.017275 0.000957
v 0.020113 0.005137 0.026536
v 0.023158 0.005165 0.026504
v 0.021041 0.005224 0.024942
v 0.023026 0.003758 0.021656
v 0.029618 0.003524 0.022510
v 0.025709 0.004911 0.023947
v 0.025440 0.003688 0.019400
v 0.020016 0.003166 0.019143
v 0.021584 0.004060 0.020013
v 0.020502 0.004155 0.020503
v 0.096334 0.013542 0.001920
v 0.084851 0.023657 0.003596
v 0.099259 0.014984 -0.000899
v 0.019887 0.003638 0.023325
v 0.092594 0.017965 0.003111
v 0.024860 0.003819 0.017352
v 0.044789 0.012140 0.028436
v 0.045413 0.011872 0.027022
v 0.058472 0.012896 0.027358
v 0.096854 0.019285 -0.003149
v 0.029243 0.002578 0.021038
v 0.017330 0.001526 0.019196
v 0.047180 0.013957 0.028400
v 0.020686 0.002452 0.015069
v 0.050192 0.012121 0.027321
v 0.035546 0.006311 0.027431
v 0.038074 0.008752 0.027938
v 0.053865 0.011068 0.026004
v 0.007010 0.002474 0.031673
v 0.008911 0.001922 0.030483
v 0.030603 0.001436 0.021477
v 0.053362 0.009513 0.024654
v 0.044548 0.007771 0.024422
v 0.043729 0.006489 0.023077
v 0.058752 0.009501 0.025099
v 0.046851 0.010711 0.026115
v 0.047996 0.005138 0.017027
v 0.046492 0.004388 0.018635
v 0.047836 0.003816 0.013985
v 0.036770 0.005654 0.025072
v 0.049986 0.008134 0.024636
v 0.042102 0.000995 0.016313
v 0.041155 0.002407 0.016436
v 0.035048 0.004057 0.025072
v 0.033338 0.002154 0.022766
v 0.027691 0.001162 0.015251
v 0.037655 0.002947 0.020446
v 0.035126 0.003898 0.022462
v 0.047904 0.009835 0.024583
v 0.046174 0.006065 0.022106
v 0.046824 0.005031 0.020436
v 0.052382 0.005957 0.020454
v 0.086602 0.022388 0.003984
v 0.039318 0.003219 0.018515
v 0.042948 0.004564 0.019114
v 0.024100 0.002688 0.013471
v 0.053666 0.006815 0.022439
v 0.048844 0.010063 0.025805
v 0.035724 0.002095 0.020016
v 0.033482 0.001681 0.021200
v 0.060290 0.003515 0.020964
v 0.054583 0.003076 0.018398
v 0.060085 0.010508 0.026218
v 0.050306 0.003516 0.015856
v 0.050618 0.005966 0.018868
v 0.059182 0.006338 0.023476
v 0.052328 0.003484 0.018612
v 0.009893 0.000728 0.025589
v 0.057555 0.001302 0.016029
v 0.052767 0.003266 0.014344
v 0.008086 0.000275 0.023088
v 0.012302 0.000547 0.017828
v 0.019438 0.001848 0.011878
v 0.036298 0.000301 0.017448
v 0.034418 0.000572 0.018207
v 0.032805 0.000515 0.020787
v 0.080852 0.032085 0.012076
v 0.010078 0.001853 0.006408
v 0.013145 0.001653 0.006960
v 0.039316 0.001428 0.014833
v 0.025897 0.002093 0.002812
v 0.022353 0.001387 0.004996
v 0.025269 0.002724 0.000458
v 0.060071 0.001539 0.017604
v 0.013408 0.001414 0.002745
v 0.027909 0.002323 -0.004548
v 0.017972 0.001641 -0.002454
v 0.017118 0.001844 0.004664
v 0.031894 0.000786 0.003205
v 0.041658 0.000456 0.014624
v 0.051105 0.003194 0.014290
v 0.049790 0.003795 0.010250
v 0.051869 0.002488 0.010956
v 0.024083 0.001925 0.002333
v 0.024172 0.001787 0.009539
v 0.054672 0.001325 0.010783
v 0.032114 0.000333 0.013550
v 0.014080 0.001451 0.012882
v 0.044856 0.001539 0.001376
v 0.044350 0.001875 -0.002270
v 0.013880 0.001112 0.011330
v 0.008136 0.001849 0.010863
v 0.042290 0.002000 0.001399
v 0.016324 0.001096 -0.003503
v 0.047127 0.002393 0.004603
v 0.047942 0.002270 0.006220
v 0.028256 0.001085 0.009196
v 0.025762 0.002065 0.006198
v 0.019758 0.001831 0.006363
v 0.008768 0.001158 0.003215
v 0.033295 0.000750 0.008943
v 0.046345 0.002242 0.001215
v 0.047612 0.002555 -0.000228
v 0.022817 0.001679 -0.003907
v 0.013224 0.000823 -0.000921
v 0.038392 0.000452 0.012045
v 0.040333 0.000722 0.013055
v 0.050417 0.001574 -0.002467
v 0.042654 0.000670 0.008805
v 0.040330 0.000716 0.009048
v 0.041817 0.001209 0.006435
v 0.008121 0.001002 -0.001990
v 0.039544 0.001095 0.005344
v 0.040798 0.002128 0.006814
v 0.046063 0.001777 0.009732
v 0.058444 0.000457 0.007830
v 0.054986 0.000729 0.008866
v 0.062816 0.000024 0.011177
v 0.045790 0.001777 0.003536
v 0.041161 0.001634 0.004257
v 0.049350 0.002817 0.009289
v 0.060766 0.000549 0.003599
v 0.049521 0.000698 0.004609
v 0.057842 0.001331 0.001194
v 0.052493 0.000811 0.004792
v 0.054766 0.000748 -0.001819
v 0.036892 0.001103 -0.001475
v 0.052630 0.000938 -0.000201
v 0.052526 0.000755 -0.003333
v 0.048751 0.001074 0.002957
v 0.073012 0.013425 0.023024
v 0.069265 0.014933 0.025461
v 0.065864 0.012061 0.026495
v 0.067877 0.009465 0.022712
v 0.065165 0.008571 0.024724
v 0.063862 0.011431 0.027250
v 0.069776 0.012520 0.023540
v 0.040525 0.001025 -0.004374
v 0.062392 0.007632 0.025199
v 0.070611 0.009339 0.021789
v 0.062287 0.006824 0.023838
v 0.072283 0.008606 0.021100
v 0.077143 0.013433 0.020093
v 0.076752 0.011248 0.020208
v 0.077749 0.008748 0.018256
v 0.088044 0.013099 0.015048
v 0.080420 0.012827 0.018419
v 0.057306 0.000844 -0.003854
v 0.065466 0.005959 0.021407
v 0.085977 0.005611 0.015934
v 0.085406 0.010664 0.017430
v 0.082220 0.008896 0.016426
v 0.063922 0.004032 0.020948
v 0.070951 0.006423 0.018704
v 0.069550 0.003097 0.015754
v 0.067856 0.005747 0.019556
v 0.060189 0.000668 -0.002706
v 0.063730 0.002091 0.017944
v 0.088770 0.008272 0.015550
v 0.086740 0.012125 0.016880
v 0.066985 0.007821 0.021229
v 0.077245 0.005476 0.015973
v 0.087216 0.006903 0.016422
v 0.073312 0.004078 0.016513
v 0.088344 0.012109 0.013690
v 0.074252 0.007793 0.019265
v 0.082785 0.005534 0.014231
v 0.080533 0.005834 0.015096
v 0.078445 0.006693 0.015590
v 0.088115 0.014337 0.010417
v 0.088837 0.005617 0.014741
v 0.080730 0.004108 0.012245
v 0.078768 0.004025 0.012393
v 0.071008 0.001927 0.013166
v 0.077941 0.002876 0.012535
v 0.077954 0.005075 0.013688
v 0.073180 0.001272 0.010912
v 0.078654 0.002932 0.010309
v 0.075287 0.002448 0.008573
v 0.076636 0.001215 0.006329
v 0.078533 0.002000 0.004723
v 0.078118 0.001095 0.006011
v 0.076242 0.003908 0.014673
v 0.081096 0.003346 0.009518
v 0.079565 0.000775 0.007402
v 0.087615 0.014090 0.011356
v 0.076042 0.001565 0.008943
v 0.082809 0.002130 0.006320
v 0.085579 0.002403 0.009358
v 0.089966 0.012063 0.011183
v 0.082609 0.002569 0.009850
v 0.091399 0.008860 0.012577
v 0.091013 0.005607 0.001627
v 0.099017 0.013932 -0.000374
v 0.084558 0.003578 0.011586
v 0.093232 0.011586 0.011125
v 0.099647 0.012438 0.010348
v 0.096467 0.012756 0.011505
v 0.096208 0.008899 0.012319
v 0.086030 0.004040 0.014425
v 0.076944 0.001518 0.010927
v 0.083651 0.002607 0.009794
v 0.090238 0.002156 0.009675
v 0.091036 0.002547 0.011262
v 0.086841 0.003483 0.011826
v 0.088212 0.001973 0.004160
v 0.097447 0.015075 0.000462
v 0.087642 0.003790 0.013320
v 0.096427 0.015183 0.010069
v 0.092811 0.008548 0.012033
v 0.081716 0.001951 -0.001436
v 0.092257 0.003666 0.012282
v 0.093576 0.002548 0.011427
v 0.098336 0.005852 0.010575
v 0.091895 0.005924 0.012262
v 0.101502 0.004259 0.008001
v 0.102959 0.005032 0.006199
v 0.099516 0.014159 0.007131
v 0.100475 0.009820 0.003420
v 0.098769 0.007005 0.002935
v 0.097878 0.009558 0.002824
v 0.095511 0.001476 0.007753
v 0.097050 0.002387 0.006224
v 0.099968 0.002784 0.007922
v 0.094162 0.016854 0.003498
v 0.100129 0.012286 0.004425
v 0.099635 0.004188 0.009894
v 0.101155 0.012700 0.008488
v 0.102899 0.009875 0.008386
v 0.096456 0.009720 0.001567
v 0.096992 0.013725 0.003104
v 0.104367 0.008718 0.006302
v 0.085221 0.001624 0.004339
v 0.093434 0.017987 0.001591
v 0.099150 0.012162 0.003651
v 0.098480 0.009104 0.000740
v 0.099831 0.013116 -0.000770
v 0.099977 0.008940 0.010441
v 0.090213 0.003815 0.003626
v 0.096005 0.002802 0.003495
v 0.098592 0.004926 0.003048
v 0.090555 0.020103 0.006018
v 0.087297 0.002412 0.002992
v 0.091305 0.002209 0.003551
v 0.102596 0.009231 0.004136
v 0.098360 0.003713 0.003890
v 0.095701 0.014333 0.002473
v 0.090103 0.002723 0.001450
v 0.097603 0.010707 0.002058
v 0.088995 0.002891 0.002083
v 0.090205 0.004208 0.001668
v 0.093310 0.006031 0.000426
v 0.092062 0.004698 0.000923
v 0.090186 0.001371 0.001183
v 0.094625 0.002442 -0.000308
v 0.091695 0.018827 0.008481
v 0.102770 0.009932 0.006230
v 0.103441 0.006111 0.003285
v 0.101224 0.004461 0.004371
v 0.101139 0.005737 0.003834
v 0.104382 0.006341 0.003691
v 0.099404 0.005637 -0.002877
v 0.096281 0.007115 0.000127
v 0.092882 0.001504 0.004043
v 0.101007 0.007515 0.003701
v 0.072024 0.001293 0.008834
v 0.069474 0.000822 0.010028
v 0.070945 0.000743 0.006501
v 0.068254 0.000394 0.003572
v 0.103685 0.008071 0.003325
v 0.097935 0.004332 -0.001921
v 0.093681 0.001982 0.006034
v 0.077448 0.000949 0.008360
v 0.065975 0.000723 0.012282
v 0.074132 0.000557 0.007898
v 0.074875 0.001181 0.009842
v 0.063829 0.000578 0.001358
v 0.101659 0.010296 -0.001552
v 0.101315 0.007226 -0.002020
v 0.103250 0.009013 -0.002094
v 0.102759 0.007683 -0.002384
v 0.073432 0.000262 0.002850
v 0.070723 0.001003 0.002912
v 0.069710 0.000531 0.001106
v 0.088889 0.001626 0.007224
v 0.088390 0.001586 0.009481
v 0.067475 0.000806 -0.000229
v 0.077803 0.001180 0.003240
v 0.076901 0.000286 0.003013
v 0.080003 0.000471 0.005982
v 0.087824 0.001599 0.005555
v 0.081812 0.000341 0.002312
v 0.062682 0.000951 -0.002301
v 0.075052 0.001887 0.006544
v 0.085938 0.002311 0.011354
v 0.080632 0.000535 0.001518
v 0.078917 0.000426 0.000967
v 0.079760 0.000940 -0.002139
v 0.083838 0.001201 -0.003094
v 0.084524 0.000820 -0.001447
v 0.084605 0.001469 0.003437
v 0.074986 0.000752 0.004870
v 0.091384 0.002196 0.005307
v 0.083373 0.000806 0.000547
v 0.086743 0.000495 0.001809
v 0.090804 0.000467 -0.000439
v -0.000420 0.090486 -0.014635
v 0.001704 0.090617 -0.015565
v 0.090555 0.001089 0.004149
v 0.095202 0.001543 0.009632
v 0.076450 0.007533 -0.026588
v 0.076922 0.009359 -0.026133
v 0.019371 0.022836 -0.051240
v -0.004987 0.088178 -0.010740
v 0.097823 0.002041 0.009417
v -0.003811 0.087041 -0.014518
v -0.003688 0.088701 -0.013753
v -0.001829 0.089458 -0.017899
v -0.003455 0.087965 -0.019364
v 0.001161 0.090002 -0.019808
v 0.009712 0.025193 -0.053952
v 0.015260 0.024986 -0.052431
v -0.004379 0.086892 -0.018343
v 0.004806 0.090254 -0.015529
v 0.004195 0.089138 -0.023107
v -0.003049 0.086762 -0.024666
v 0.028875 0.023219 -0.046788
v -0.000141 0.088408 -0.024713
v 0.029729 0.026308 -0.047634
v 0.043002 0.029260 -0.046033
v 0.082876 0.000365 -0.006036
v -0.006061 0.086377 -0.017685
v 0.000346 0.083466 -0.037712
v 0.000290 0.082833 -0.039218
v 0.003907 0.084501 -0.035755
v -0.005796 0.082044 -0.030264
v -0.002581 0.083688 -0.033733
v 0.095030 0.002274 -0.004633
v -0.000850 0.087238 -0.028637
v 0.002431 0.088299 -0.027516
v 0.000754 0.086265 -0.032267
v -0.002591 0.084656 -0.030030
v -0.005210 0.085761 -0.023629
v -0.003952 0.080357 -0.035570
v 0.101613 0.011881 -0.002248
v 0.068892 0.000930 -0.016173
v 0.044787 0.031742 -0.045360
v 0.049674 0.034013 -0.043818
v 0.000543 0.085227 -0.035063
v 0.076908 0.009712 -0.028446
v -0.005513 0.074311 -0.038994
v 0.003626 0.081615 -0.041454
v 0.007280 0.022629 -0.052628
v 0.052691 0.032539 -0.040945
v 0.008015 0.024301 -0.053736
v -0.001417 0.079681 -0.041781
v 0.100200 0.008530 -0.012594
v 0.101847 0.007928 -0.008980
v 0.099341 0.007412 -0.011011
v -0.004277 0.076102 -0.040280
v 0.102849 0.009275 -0.008589
v 0.001183 0.079526 -0.043827
v -0.002734 0.075765 -0.043759
v -0.002251 0.077126 -0.044154
v -0.000845 0.077545 -0.045596
v -0.002078 0.074331 -0.047222
v 0.018593 0.028049 -0.053024
v -0.003310 0.073284 -0.045224
v 0.099568 0.009667 -0.015715
v 0.097423 0.011377 -0.017203
v 0.101475 0.011223 -0.013380
v 0.095888 0.007750 -0.018153
v 0.094520 0.007644 -0.019937
v 0.094428 0.011635 -0.022394
v 0.096125 0.007190 -0.012329
v -0.005517 0.070451 -0.041642
v -0.000463 0.069388 -0.052863
v 0.001928 0.067551 -0.055027
v -0.001315 0.072372 -0.049218
v 0.001968 0.073926 -0.049380
v 0.003180 0.071488 -0.051311
v -0.001753 0.067332 -0.053318
v 0.001741 0.077553 -0.046438
v -0.004174 0.065922 -0.049837
v 0.017693 0.030335 -0.053789
v 0.019717 0.031669 -0.053096
v -0.002496 0.067260 -0.051058
v -0.005372 0.063733 -0.048696
v -0.000665 0.062343 -0.057899
v 0.002002 0.063830 -0.057178
v -0.003574 0.061623 -0.054730
v 0.095354 0.016839 -0.019013
v 0.047765 0.041220 -0.040788
v -0.001743 0.063256 -0.055626
v 0.098106 0.015018 -0.015452
v 0.022354 0.030325 -0.050243
v 0.020104 0.028240 -0.052225
v 0.003774 0.067432 -0.054492
v -0.003757 0.057644 -0.054686
v 0.089399 0.002023 -0.015377
v -0.003539 0.050875 -0.056844
v 0.014882 0.032672 -0.053738
v 0.012305 0.027959 -0.053903
v -0.000131 0.056602 -0.060459
v -0.001840 0.058587 -0.057915
v -0.003500 0.048568 -0.058832
v 0.021768 0.034892 -0.052028
v 0.095150 0.003911 -0.009930
v 0.001417 0.052282 -0.062172
v -0.001830 0.052413 -0.060651
v 0.000134 0.054387 -0.061659
v 0.001438 0.056891 -0.060801
v 0.002196 0.061069 -0.058197
v -0.005422 0.045830 -0.056981
v 0.018425 0.036437 -0.053530
v 0.001733 0.054476 -0.061318
v 0.002634 0.057849 -0.059768
v 0.003557 0.055713 -0.060290
v 0.086259 0.014307 -0.028532
v 0.026830 0.035811 -0.048864
v -0.000114 0.049904 -0.062429
v -0.002944 0.049584 -0.059829
v -0.005412 0.042648 -0.057206
v -0.004958 0.040554 -0.058551
v -0.001758 0.042635 -0.061029
v 0.000635 0.045288 -0.062951
v 0.023888 0.038398 -0.049576
v 0.090322 0.004478 -0.016233
v 0.093576 0.003983 -0.014127
v 0.004313 0.044372 -0.056731
v 0.002672 0.042979 -0.058338
v 0.003554 0.044875 -0.058266
v 0.003233 0.041109 -0.056810
v 0.023174 0.038368 -0.050553
v 0.092905 0.006071 -0.016153
v 0.003232 0.053303 -0.060855
v 0.002315 0.048722 -0.062703
v 0.002660 0.051530 -0.061636
v 0.000383 0.041568 -0.062585
v 0.002651 0.043568 -0.063499
v 0.093994 0.005448 -0.017992
v 0.095929 0.006165 -0.016230
v 0.094163 0.006465 -0.016625
v 0.006644 0.077456 -0.044831
v 0.002790 0.039586 -0.058355
v 0.011120 0.085864 -0.010173
v 0.009507 0.088345 -0.011453
v 0.011279 0.084174 -0.012560
v 0.010780 0.081402 -0.012436
v 0.008032 0.088831 -0.014959
v 0.010223 0.086263 -0.015074
v 0.011483 0.083500 -0.017352
v 0.003261 0.041041 -0.058897
v -0.003014 0.036004 -0.056712
v 0.010772 0.081993 -0.016152
v 0.010236 0.081521 -0.020670
v 0.011225 0.082850 -0.020621
v 0.013215 0.078409 -0.010909
v 0.011047 0.079539 -0.015735
v 0.006510 0.088667 -0.022520
v 0.027292 0.075401 -0.012060
v 0.024324 0.075498 -0.015392
v 0.024556 0.075911 -0.011699
v 0.012439 0.076857 -0.018261
v 0.010259 0.086430 -0.021133
v 0.010693 0.083927 -0.024615
v 0.015107 0.076368 -0.012546
v 0.014189 0.077940 -0.011903
v 0.009864 0.081544 -0.028154
v 0.010390 0.079096 -0.022749
v 0.016490 0.075480 -0.020235
v 0.014470 0.074690 -0.019883
v 0.012124 0.075209 -0.023747
v 0.014689 0.072116 -0.025757
v 0.009726 0.086057 -0.025232
v -0.002543 0.038411 -0.060589
v 0.010569 0.075650 -0.027547
v 0.018953 0.077923 -0.013818
v 0.026907 0.073778 -0.017587
v 0.020160 0.076277 -0.018272
v 0.019510 0.078639 -0.009957
v 0.027533 0.074589 -0.014717
v 0.016820 0.073842 -0.025060
v 0.026220 0.072594 -0.022040
v 0.022114 0.077152 -0.014107
v 0.030113 0.071600 -0.014631
v 0.035927 0.067008 -0.018442
v 0.032922 0.067292 -0.022564
v 0.034811 0.068916 -0.016225
v 0.037770 0.068515 -0.009741
v 0.017345 0.075586 -0.017745
v 0.030226 0.069573 -0.020307
v 0.032178 0.071876 -0.009067
v 0.006758 0.086250 -0.029455
v 0.028822 0.070148 -0.023039
v 0.004832 0.086960 -0.030392
v 0.009682 0.083292 -0.029401
v 0.029278 0.035108 -0.048408
v 0.011285 0.073268 -0.029124
v 0.013676 0.068238 -0.033014
v 0.010420 0.072033 -0.033674
v 0.009910 0.076589 -0.029911
v 0.014047 0.070793 -0.027990
v 0.018634 0.074894 -0.021686
v 0.026111 0.070001 -0.025364
v 0.026451 0.066294 -0.030934
v 0.021665 0.071674 -0.027389
v 0.006968 0.081076 -0.039006
v 0.028605 0.067811 -0.024002
v 0.027815 0.066547 -0.027012
v 0.016917 0.071167 -0.028906
v 0.016705 0.069534 -0.032018
v 0.008661 0.075336 -0.036380
v 0.007872 0.073770 -0.039463
v 0.009009 0.077257 -0.037576
v 0.037550 0.067415 -0.011781
v 0.008814 0.081565 -0.034373
v 0.009111 0.080148 -0.036765
v 0.008663 0.076479 -0.040305
v 0.009780 0.080086 -0.032198
v 0.010215 0.073718 -0.031234
v 0.040137 0.067261 -0.009911
v 0.011276 0.067614 -0.036691
v 0.008822 0.068941 -0.037823
v 0.008978 0.073177 -0.035702
v 0.041379 0.065574 -0.013363
v 0.008151 0.074216 -0.041414
v 0.009192 0.066897 -0.039777
v 0.044828 0.065382 -0.010810
v 0.019202 0.068014 -0.032841
v 0.014998 0.065479 -0.038089
v 0.044903 0.063038 -0.014174
v 0.039039 0.067263 -0.009221
v 0.004940 0.080208 -0.042634
v 0.038804 0.066336 -0.012014
v 0.057091 0.059609 -0.010671
v 0.048998 0.062770 -0.013616
v 0.038434 0.064600 -0.016962
v 0.058467 0.058649 -0.009434
v 0.060819 0.057570 -0.010744
v 0.058946 0.058230 -0.015453
v 0.044393 0.061328 -0.019168
v 0.039355 0.063205 -0.020279
v 0.035895 0.068217 -0.016497
v 0.037393 0.066716 -0.010201
v 0.037659 0.063959 -0.020039
v 0.037794 0.066670 -0.014816
v 0.040607 0.062365 -0.022536
v 0.042577 0.063428 -0.019299
v 0.043785 0.062693 -0.020307
v 0.035593 0.063858 -0.024148
v 0.051112 0.061525 -0.009785
v 0.052659 0.059933 -0.017945
v 0.052762 0.060593 -0.014557
v 0.036381 0.061784 -0.024242
v 0.044066 0.060773 -0.024285
v 0.014675 0.066819 -0.036016
v 0.033261 0.054512 -0.037710
v 0.028529 0.055071 -0.040911
v 0.032556 0.059499 -0.033471
v 0.016588 0.063786 -0.037688
v 0.045836 0.060441 -0.025046
v 0.046848 0.061931 -0.020559
v 0.049075 0.059788 -0.021989
v 0.020808 0.064736 -0.034317
v 0.024471 0.062943 -0.035189
v 0.009969 0.064907 -0.039364
v 0.028554 0.062911 -0.032094
v 0.012986 0.067231 -0.036339
v 0.036610 0.060565 -0.026610
v 0.034634 0.061280 -0.028048
v 0.041660 0.060061 -0.026556
v 0.030544 0.061532 -0.033357
v 0.032099 0.063444 -0.028500
v 0.036890 0.058904 -0.027996
v 0.039662 0.058771 -0.028295
v 0.012510 0.038359 -0.054383
v 0.015237 0.039211 -0.053186
v 0.056339 0.057898 -0.019137
v 0.040889 0.057484 -0.030663
v 0.051805 0.058379 -0.021702
v 0.042742 0.057439 -0.028929
v 0.035502 0.056233 -0.033947
v 0.028499 0.059761 -0.035788
v 0.026398 0.057730 -0.039286
v 0.014444 0.061833 -0.040202
v 0.056715 0.056834 -0.022154
v 0.061296 0.054654 -0.018279
v 0.017847 0.060693 -0.041122
v 0.043876 0.055964 -0.032221
v 0.043781 0.057844 -0.029539
v 0.046479 0.056906 -0.027684
v 0.050565 0.054608 -0.027729
v 0.045989 0.054169 -0.031110
v 0.054495 0.056476 -0.024352
v 0.062372 0.055460 -0.014139
v 0.045434 0.060908 -0.021161
v 0.036185 0.053549 -0.035716
v 0.054378 0.053146 -0.028378
v 0.044768 0.060414 -0.023289
v 0.053206 0.051184 -0.030612
v 0.023049 0.059499 -0.039441
v 0.042457 0.053714 -0.034023
v 0.056774 0.053114 -0.025617
v 0.040556 0.055051 -0.033453
v -0.003630 0.085515 -0.026005
v 0.037882 0.051873 -0.037406
v 0.033811 0.053150 -0.037325
v 0.058360 0.051238 -0.027969
v 0.033172 0.052307 -0.039875
v 0.043486 0.051479 -0.037187
v 0.041609 0.048947 -0.039917
v 0.048881 0.048299 -0.035678
v 0.048034 0.044382 -0.037527
v 0.052710 0.042665 -0.037976
v 0.058120 0.041141 -0.035754
v 0.055548 0.045866 -0.035297
v 0.060294 0.042991 -0.033708
v 0.047185 0.050306 -0.034519
v 0.045262 0.048351 -0.036222
v 0.034708 0.050822 -0.039695
v 0.043687 0.054293 -0.034582
v 0.058679 0.049120 -0.030229
v 0.043990 0.051059 -0.035595
v 0.044773 0.051253 -0.034190
v 0.044344 0.043121 -0.039181
v 0.040526 0.049931 -0.038096
v 0.052152 0.046715 -0.035714
v 0.060759 0.053709 -0.022190
v 0.062089 0.050280 -0.026318
v 0.063015 0.055304 -0.011885
v 0.060601 0.052375 -0.025267
v 0.061682 0.000758 -0.012043
v 0.042311 0.047343 -0.038920
v 0.056144 0.047331 -0.033398
v 0.043213 0.044544 -0.038996
v 0.070110 0.050285 -0.009277
v 0.068443 0.051951 -0.011910
v 0.067025 0.054033 -0.009272
v 0.074835 0.044250 -0.008763
v 0.073064 0.047084 -0.010454
v 0.059476 0.046166 -0.031529
v 0.066656 0.053223 -0.014658
v 0.065686 0.054016 -0.011058
v 0.070363 0.043022 -0.019771
v 0.070776 0.044044 -0.016540
v 0.074625 0.041382 -0.012203
v 0.072965 0.043639 -0.014780
v 0.065163 0.046878 -0.025430
v 0.066556 0.051733 -0.018746
v 0.067806 0.049922 -0.017387
v 0.074881 0.042144 -0.007876
v 0.063851 0.053878 -0.017914
v 0.072485 0.042017 -0.018352
v 0.069030 0.047435 -0.019107
v 0.071068 0.046984 -0.016608
v 0.074331 0.041710 -0.017752
v 0.063583 0.052488 -0.022522
v 0.069667 0.046048 -0.021275
v 0.068162 0.042840 -0.024596
v 0.068513 0.044308 -0.024593
v 0.066006 0.043246 -0.026841
v 0.064427 0.041077 -0.029805
v 0.067173 0.041672 -0.028200
v 0.069286 0.040576 -0.022732
v 0.009092 0.076097 -0.042212
v 0.007747 0.077310 -0.042166
v 0.071185 0.039924 -0.022438
v 0.073333 0.045327 -0.013064
v 0.007986 0.077057 -0.043963
v 0.062972 0.038716 -0.031737
v 0.066951 0.041451 -0.026530
v 0.066442 0.045430 -0.024471
v 0.004355 0.076159 -0.046736
v 0.060574 0.039067 -0.034337
v 0.004923 0.071419 -0.050097
v 0.008563 0.073274 -0.044478
v 0.005589 0.075035 -0.047352
v 0.006332 0.072564 -0.049154
v 0.008007 0.073156 -0.047210
v 0.007322 0.068276 -0.048994
v 0.007796 0.071277 -0.046073
v 0.006419 0.067010 -0.047871
v 0.010356 0.063760 -0.041549
v 0.007645 0.068858 -0.040546
v 0.006716 0.066507 -0.043912
v 0.005684 0.064304 -0.048472
v 0.005441 0.068357 -0.051760
v 0.007553 0.060019 -0.044073
v 0.007959 0.063321 -0.044056
v 0.009430 0.057735 -0.046925
v 0.006985 0.058269 -0.047301
v 0.010413 0.061491 -0.042634
v 0.010902 0.059494 -0.044791
v 0.007156 0.071355 -0.044576
v 0.007143 0.060436 -0.047230
v 0.006743 0.066418 -0.051193
v 0.009740 0.056110 -0.048980
v 0.006123 0.064340 -0.052212
v 0.005983 0.065897 -0.050283
v 0.005564 0.065320 -0.053748
v 0.007085 0.070757 -0.049082
v 0.010591 0.056056 -0.048049
v 0.026915 0.051366 -0.043428
v 0.026114 0.054302 -0.042440
v 0.021659 0.058470 -0.042113
v 0.006677 0.052891 -0.051024
v 0.005026 0.061616 -0.050898
v 0.004798 0.063377 -0.056408
v 0.024661 0.056821 -0.040865
v 0.018340 0.056203 -0.045604
v 0.005768 0.060055 -0.049114
v 0.014349 0.057448 -0.046323
v 0.005662 0.054449 -0.049619
v 0.005080 0.054409 -0.052270
v 0.007935 0.054003 -0.049840
v 0.009627 0.052401 -0.049828
v 0.022566 0.055665 -0.044642
v 0.005877 0.061659 -0.054738
v 0.004997 0.062061 -0.056656
v 0.007637 0.064979 -0.042698
v 0.013314 0.053965 -0.049022
v 0.029774 0.049717 -0.043171
v 0.032999 0.048548 -0.042096
v 0.031573 0.045169 -0.044170
v 0.025421 0.051902 -0.044661
v 0.020932 0.051927 -0.047481
v 0.010026 0.050624 -0.050869
v 0.025243 0.046153 -0.046956
v 0.027518 0.046607 -0.046102
v 0.018221 0.048351 -0.050275
v 0.005030 0.049517 -0.052403
v 0.020603 0.045215 -0.050643
v 0.024868 0.043240 -0.047838
v 0.015425 0.044275 -0.051838
v 0.019448 0.040186 -0.052361
v 0.011090 0.042327 -0.053747
v 0.006973 0.051224 -0.050962
v 0.005352 0.042542 -0.055509
v 0.007418 0.044577 -0.054563
v 0.005085 0.053856 -0.055617
v 0.006294 0.053014 -0.056325
v 0.012768 0.045794 -0.052090
v 0.009000 0.049175 -0.052309
v 0.034283 0.044220 -0.043317
v 0.035160 0.048164 -0.040940
v 0.038963 0.044222 -0.042274
v 0.004184 0.052737 -0.054047
v 0.040621 0.044523 -0.042734
v 0.030045 0.043521 -0.046197
v 0.005311 0.052716 -0.056523
v 0.003336 0.044063 -0.055479
v 0.007515 0.051591 -0.056823
v 0.005840 0.055981 -0.058692
v 0.005889 0.052203 -0.060135
v 0.005168 0.054829 -0.059702
v 0.005635 0.046225 -0.062397
v 0.006882 0.054210 -0.059051
v 0.004732 0.050943 -0.057793
v 0.007997 0.050984 -0.058431
v 0.005808 0.044481 -0.061025
v 0.005711 0.040285 -0.061568
v 0.004639 0.043319 -0.062894
v -0.003190 0.001727 -0.009636
v 0.001711 0.001398 -0.008559
v 0.002666 0.000125 -0.011150
v 0.000964 0.001189 -0.011457
v 0.003050 0.000732 -0.007259
v 0.004661 0.000556 -0.004414
v 0.099390 0.014279 -0.002170
v 0.000960 0.000090 -0.013675
v 0.006167 -0.000387 -0.016996
v 0.061984 0.000503 -0.006355
v 0.057320 0.000845 -0.010047
v 0.060203 0.001337 -0.015292
v -0.000121 -0.000533 -0.020025
v 0.091632 0.007464 -0.021442
v 0.091627 0.009402 -0.023876
v -0.002850 -0.000799 -0.022931
v 0.089350 0.006845 -0.023666
v -0.002515 0.001131 -0.028067
v 0.000904 0.001030 -0.028434
v 0.061701 0.007229 -0.030133
v 0.002765 -0.000399 -0.021244
v 0.077936 0.008427 -0.029878
v -0.001181 0.002857 -0.031110
v -0.000780 0.003013 -0.034704
v 0.003555 0.000376 -0.022556
v 0.000115 -0.000333 -0.024191
v 0.004050 0.001409 -0.027809
v -0.003577 0.002071 -0.031477
v 0.084030 0.007685 -0.029225
v 0.073573 0.000713 -0.006560
v 0.094924 0.002138 -0.006809
v 0.094330 0.002352 -0.005654
v -0.002972 0.003463 -0.037238
v 0.081736 0.010960 -0.030321
v 0.000434 0.026080 -0.054651
v 0.000111 0.021525 -0.054349
v 0.080094 0.011958 -0.031164
v 0.079862 0.013453 -0.031797
v 0.077651 0.012671 -0.030808
v -0.003067 0.018250 -0.052111
v 0.063662 0.011823 -0.033320
v 0.062094 0.009125 -0.031825
v 0.062381 0.011591 -0.032700
v -0.003993 0.012369 -0.049159
v 0.069496 0.010786 -0.031025
v 0.073631 0.012137 -0.030607
v 0.098387 0.007916 -0.011665
v -0.000394 0.014779 -0.050148
v 0.083877 0.013322 -0.029333
v 0.083242 0.012596 -0.030273
v 0.081627 0.014388 -0.030049
v 0.059707 0.009540 -0.032911
v 0.058757 0.011608 -0.034643
v 0.066512 0.010707 -0.031875
v 0.065681 0.000616 -0.006828
v 0.094832 0.006616 -0.014412
v 0.094021 0.008068 -0.014938
v 0.082811 0.017787 -0.028834
v 0.080272 0.010545 -0.031255
v -0.000924 0.033667 -0.062049
v -0.002078 0.034850 -0.060350
v -0.003134 0.037519 -0.058060
v -0.002232 0.036675 -0.061254
v -0.004418 0.031516 -0.056553
v 0.063025 0.014362 -0.034442
v 0.068339 0.013895 -0.032416
v 0.000418 0.031832 -0.061560
v -0.001401 0.034683 -0.057945
v -0.003567 0.022968 -0.054221
v 0.000598 0.031487 -0.060498
v -0.000206 0.032858 -0.056964
v 0.001877 0.028011 -0.060447
v 0.002424 0.024502 -0.057288
v 0.002623 0.025905 -0.056772
v -0.001583 0.027157 -0.054848
v 0.002362 0.025072 -0.054003
v 0.003475 0.024641 -0.054262
v 0.002624 0.023717 -0.054575
v -0.000106 0.034631 -0.062405
v -0.002027 0.033608 -0.057078
v 0.001311 0.029684 -0.059898
v -0.001066 0.031100 -0.056682
v -0.000294 0.029395 -0.055517
v 0.001303 0.032067 -0.056247
v 0.001111 0.006343 -0.042158
v -0.001433 0.005529 -0.040758
v -0.002988 0.007177 -0.044035
v 0.001655 0.029217 -0.055776
v 0.085885 0.001006 -0.002681
v 0.060160 0.013216 -0.035397
v 0.000648 0.009753 -0.047246
v 0.000028 0.005289 -0.039689
v 0.081427 0.033118 -0.012838
v 0.081658 0.034743 -0.010649
v 0.081505 0.033662 -0.008004
v 0.075801 0.040491 -0.010138
v 0.077915 0.039596 -0.013547
v 0.078763 0.038397 -0.013312
v 0.083183 0.033102 -0.008974
v 0.080429 0.036844 -0.013043
v 0.078478 0.034611 -0.018011
v 0.085283 0.033181 -0.009079
v 0.074664 0.039586 -0.017804
v 0.088760 0.031855 -0.011618
v 0.057275 0.008235 -0.031721
v 0.076632 0.036583 -0.019525
v 0.075969 0.031876 -0.021904
v 0.079576 0.032466 -0.017540
v 0.078656 0.030869 -0.023097
v 0.074925 0.037919 -0.020160
v 0.081835 0.031890 -0.021026
v 0.084340 0.032995 -0.015183
v 0.087442 0.029932 -0.007098
v 0.091082 0.028145 -0.009151
v 0.084638 0.031836 -0.019655
v 0.087413 0.032399 -0.014726
v 0.092330 0.026769 -0.012377
v 0.091405 0.028710 -0.015327
v 0.089367 0.030131 -0.017904
v 0.090975 0.027638 -0.005960
v 0.094875 0.020501 -0.005777
v 0.095292 0.021915 -0.007233
v 0.094436 0.021519 -0.004527
v 0.085308 0.030032 -0.021124
v 0.093992 0.025249 -0.010125
v 0.096880 0.019084 -0.007229
v 0.083495 0.030004 -0.023762
v 0.093756 0.023776 -0.005460
v 0.092473 0.026416 -0.016270
v 0.096413 0.019466 -0.014089
v 0.096349 0.021098 -0.016438
v 0.095945 0.023098 -0.012682
v 0.099534 0.015558 -0.008370
v 0.099252 0.015646 -0.003996
v 0.100360 0.014018 -0.006020
v 0.095728 0.023123 -0.015644
v 0.094581 0.025223 -0.013844
v 0.096360 0.017207 -0.016649
v 0.066757 0.038888 -0.027836
v 0.093913 0.016545 -0.022680
v 0.097708 0.019799 -0.010087
v 0.099104 0.018316 -0.012412
v 0.101957 0.011765 -0.011031
v 0.069797 0.035213 -0.029252
v 0.067004 0.037588 -0.029374
v 0.070199 0.038001 -0.026791
v 0.072916 0.037320 -0.024424
v 0.095932 0.021584 -0.011389
v 0.073979 0.031884 -0.026955
v 0.070593 0.031397 -0.029392
v 0.073844 0.034981 -0.024398
v 0.077203 0.028049 -0.025951
v 0.080981 0.029491 -0.025941
v 0.075065 0.029368 -0.025560
v 0.066639 0.039396 -0.029627
v 0.087067 0.026745 -0.024983
v 0.071190 0.028226 -0.030520
v 0.078803 0.028737 -0.025807
v 0.084936 0.026923 -0.027184
v 0.081960 0.027290 -0.028230
v 0.073434 0.026976 -0.028447
v 0.067186 0.031004 -0.032830
v 0.062080 0.035632 -0.034350
v 0.064494 0.037495 -0.030789
v 0.067396 0.034883 -0.030826
v 0.065444 0.030746 -0.034801
v 0.088627 0.020058 -0.027584
v 0.085031 0.019323 -0.028572
v 0.069441 0.021289 -0.032463
v 0.069222 0.023598 -0.033096
v 0.068415 0.027518 -0.032556
v 0.065987 0.021649 -0.034871
v 0.065655 0.033664 -0.033609
v 0.082425 0.023337 -0.029490
v 0.082548 0.019553 -0.029246
v 0.063572 0.017356 -0.035182
v 0.072530 0.024261 -0.030171
v 0.078719 0.023495 -0.028864
v 0.078485 0.024534 -0.027762
v 0.081702 0.023756 -0.030743
v 0.080555 0.019942 -0.032248
v 0.072376 0.017397 -0.031976
v 0.069420 0.018232 -0.031946
v 0.067751 0.019264 -0.033161
v 0.066693 0.016605 -0.034368
v 0.065459 0.019883 -0.034722
v 0.075402 0.015716 -0.032971
v 0.073775 0.015100 -0.032098
v 0.080179 0.015928 -0.030223
v 0.090941 0.018094 -0.026241
v 0.093735 0.018581 -0.021889
v 0.014936 0.000428 -0.012393
v 0.011820 0.000539 -0.013039
v 0.019174 0.000999 -0.011818
v 0.027833 0.002160 -0.007793
v 0.008780 0.050789 -0.050718
v 0.030460 0.001436 -0.005260
v 0.035765 0.000601 -0.012670
v 0.020860 0.001327 -0.004044
v 0.026435 0.001112 -0.013412
v 0.008717 0.000581 -0.013633
v 0.051452 0.001743 -0.012631
v 0.054076 0.000458 -0.010116
v 0.051067 0.002602 -0.009222
v 0.018238 0.000430 -0.015945
v 0.050455 0.002628 -0.005089
v 0.048724 0.001364 -0.011677
v 0.044008 0.000718 -0.015188
v 0.043418 0.000274 -0.016061
v 0.046648 0.001503 -0.006885
v 0.047102 0.000357 -0.017041
v 0.021862 0.000630 -0.016146
v 0.044155 0.001537 -0.006246
v 0.043363 0.001843 -0.007818
v 0.007771 0.000392 -0.007617
v 0.053375 0.001088 -0.018742
v 0.053305 0.002145 -0.016951
v 0.049398 0.000656 -0.016268
v 0.056472 0.001290 -0.012477
v 0.044456 0.001444 -0.009786
v 0.050329 0.001156 -0.020313
v 0.048024 0.002269 -0.004079
v 0.055068 0.000470 -0.013354
v 0.053076 0.001380 -0.013846
v 0.054357 0.002085 -0.015671
v 0.018965 0.000104 -0.021990
v 0.052995 0.000614 -0.007208
v 0.013436 -0.000879 -0.016531
v 0.011546 -0.000242 -0.017639
v 0.056873 0.001725 -0.019495
v 0.038744 0.000964 -0.013979
v 0.037997 0.000351 -0.016102
v 0.039542 0.001001 -0.016721
v 0.040580 0.000540 -0.012906
v 0.054956 0.002550 -0.019268
v 0.054825 0.001281 -0.006453
v 0.016068 -0.000320 -0.019061
v 0.016921 0.000344 -0.022625
v 0.011407 0.000879 -0.023086
v 0.009901 -0.000110 -0.020087
v 0.040290 0.000049 -0.018328
v 0.005917 0.000536 -0.021668
v 0.023585 0.002532 -0.024109
v 0.042588 -0.000173 -0.019942
v 0.021064 0.000514 -0.022876
v 0.028561 0.006618 -0.033776
v 0.038004 0.000101 -0.022052
v 0.026067 0.006426 -0.035021
v 0.043941 0.000421 -0.022474
v 0.047734 0.001020 -0.020538
v 0.063809 0.001183 -0.015342
v 0.040807 0.002864 -0.029158
v 0.041621 0.000644 -0.023474
v 0.040842 0.001080 -0.025788
v 0.042169 0.001287 -0.023599
v 0.043972 0.002522 -0.026594
v 0.048620 0.003560 -0.026935
v 0.048316 0.002091 -0.025007
v 0.050660 0.003129 -0.022748
v 0.049616 0.003305 -0.024439
v 0.045226 0.003944 -0.028307
v 0.042573 0.002230 -0.027852
v 0.051134 0.004437 -0.026721
v 0.056139 0.007061 -0.029707
v 0.054538 0.007620 -0.032553
v 0.048815 0.007403 -0.034636
v 0.043204 0.005564 -0.034334
v 0.053864 0.004926 -0.028649
v 0.037160 0.005016 -0.030985
v 0.056224 0.009687 -0.034398
v 0.041972 0.004727 -0.032818
v 0.045777 0.004320 -0.031447
v 0.047252 0.004672 -0.030726
v 0.057457 0.010264 -0.033065
v 0.050640 0.005355 -0.030101
v 0.101767 0.011784 -0.004413
v 0.103150 0.010414 -0.006587
v 0.102830 0.007204 -0.007268
v 0.102340 0.006755 -0.003660
v 0.098684 0.004026 -0.004603
v 0.102287 0.010939 -0.009426
v 0.097918 0.003886 -0.006574
v 0.094753 0.003668 -0.008021
v 0.097418 0.005515 -0.008658
v 0.099359 0.007018 -0.008381
v 0.098415 0.008394 -0.014962
v 0.095100 0.007273 -0.013148
v 0.093221 0.007116 -0.016436
v 0.002354 0.030721 -0.056073
v 0.002718 0.028168 -0.057863
v 0.003032 0.030987 -0.057598
v 0.000176 0.027776 -0.055119
v 0.002649 0.028110 -0.058289
v 0.002456 0.026854 -0.055865
v 0.001147 0.029922 -0.061003
v 0.004965 0.035120 -0.058881
v 0.002241 0.027111 -0.059152
v 0.001903 0.029360 -0.061381
v 0.004078 0.040432 -0.055934
v 0.006279 0.035985 -0.056015
v 0.004806 0.038344 -0.055968
v 0.005107 0.034046 -0.056835
v 0.003203 0.037082 -0.056322
v 0.003242 0.036797 -0.058379
v 0.002529 0.037553 -0.056831
v 0.004146 0.035856 -0.058509
v 0.004004 0.037713 -0.056145
v 0.005759 0.033171 -0.056464
v 0.004837 0.034936 -0.056471
v 0.098350 0.011366 0.002931
v 0.098508 0.011281 0.000647
v 0.097815 0.012634 0.003213
v 0.093233 0.004383 0.002974
v 0.095507 0.016863 0.004516
v 0.097741 0.007662 -0.000216
v 0.096601 0.004083 -0.001090
v 0.095130 0.006588 0.001201
v 0.093827 0.002924 0.000132
v 0.099054 0.004724 -0.003505
v 0.096123 0.003226 -0.001164
v 0.096589 0.005199 -0.000902
v 0.099583 0.010735 -0.000045
v 0.091851 0.005016 0.002684
v 0.092298 0.003731 0.003407
v 0.097814 0.013479 0.000612
v 0.092360 0.006175 0.001546
v 0.097396 0.008295 0.000459
v 0.095791 0.005579 -0.000087
v 0.099748 0.013886 -0.000878
v 0.088988 0.004397 0.002639
v 0.091158 0.019446 0.006971
v 0.099579 0.008773 0.003219
v 0.096482 0.003303 -0.003277
v 0.096768 0.007835 0.001612
v 0.095209 0.017225 0.006755
v 0.097282 0.014863 0.003686
v 0.096355 0.015361 0.001293
v 0.097113 0.006944 -0.000730
v 0.097701 0.003819 -0.003240
v 0.094286 0.004935 0.000081
v 0.093863 0.018199 0.006553
v 0.093449 0.003743 0.000357
v 0.094548 0.005807 0.000167
v 0.099720 0.011492 -0.000309
v 0.096537 0.003339 -0.001994
v 0.094310 0.003866 0.003193
v 0.094002 0.005412 0.002300
v 0.097699 0.012322 0.001731
v 0.087213 0.004480 0.003025
v 0.097774 0.010528 0.001258
v 0.099594 0.009704 0.000039
v 0.089530 0.020058 0.005043
v 0.091252 0.002816 0.001039
v 0.095690 0.005301 0.002276
v 0.097199 0.013250 0.001407
v 0.092759 0.019009 0.006903
v 0.024405 0.010151 -0.040899
v 0.023689 0.010233 -0.040845
vn 0.9837 -0.0623 -0.1686
vn 0.8366 0.2628 -0.4807
vn 0.9042 0.1019 -0.4148
vn 0.9336 0.0359 -0.3566
vn 0.4546 0.3169 -0.8324
vn 0.6358 0.2441 -0.7323
vn 0.2671 0.0976 -0.9587
vn 0.7818 0.1427 -0.6070
vn 0.6032 -0.0066 -0.7975
vn 0.8286 -0.0573 -0.5569
vn 0.6051 0.3537 -0.7132
vn 0.9900 -0.1410 -0.0049
vn 0.8857 -0.3127 0.3431
vn 0.5394 -0.4113 0.7348
vn 0.9846 0.0543 -0.1661
vn 0.7592 0.1129 -0.6410
vn 0.9929 -0.1184 -0.0108
vn 0.9563 0.0404 -0.2895
vn -0.0919 0.0021 -0.9958
vn 0.2874 0.2748 -0.9176
vn 0.3782 0.2196 -0.8993
vn 0.4560 0.2397 -0.8571
vn 0.4972 -0.1194 -0.8594
vn 0.9984 -0.0449 -0.0351
vn 0.9612 0.1682 0.2187
vn 0.7485 0.0133 0.6630
vn 0.9263 0.0469 -0.3738
vn 0.8454 0.2508 -0.4717
vn 0.9769 -0.0889 -0.1943
vn 0.7550 0.2553 -0.6040
vn 0.7728 0.1178 -0.6237
vn 0.9528 -0.0474 -0.2999
vn 0.8866 -0.1198 0.4467
vn 0.8479 -0.4021 0.3455
vn 0.8458 0.1717 0.5051
vn 0.7914 0.4391 -0.4253
vn 0.5784 -0.7411 -0.3409
vn 0.6751 0.1737 -0.7170
vn 0.3094 0.2291 -0.9229
vn -0.0352 0.1627 -0.9861
vn 0.4007 0.2224 -0.8888
vn 0.1041 0.2248 -0.9688
vn 0.7800 0.0116 0.6257
vn 0.3559 0.2644 -0.8963
vn 0.9841 -0.1541 -0.0884
vn 0.4587 0.3272 -0.8262
vn 0.7503 0.4468 -0.4872
vn 0.5011 -0.1798 0.8465
vn 0.9617 -0.2391 -0.1343
vn 0.4727 -0.0653 0.8788
vn 0.9646 -0.0455 0.2599
vn 0.9402 -0.0698 0.3334
vn 0.9962 -0.0740 -0.0453
vn 0.1482 -0.7062 0.6924
vn 0.8237 -0.4663 -0.3227
vn 0.5067 -0.5412 -0.6711
vn 0.1522 0.4153 -0.8969
vn 0.2609 0.3658 -0.8934
vn 0.2779 0.4609 -0.8428
vn 0.6197 0.1961 -0.7599
vn 0.2584 0.2766 -0.9256
vn 0.2305 0.1551 -0.9606
vn 0.5554 0.0056 0.8316
vn 0.9778 0.0004 -0.2097
vn 0.9696 0.0244 -0.2436
vn 0.0007 0.1532 -0.9882
vn -0.1497 0.1414 -0.9786
vn -0.5428 0.0134 -0.8398
vn 0.7501 -0.3087 0.5849
vn 0.9524 0.2324 0.1975
vn 0.8260 0.0607 0.5604
vn 0.9961 -0.0859 -0.0189
vn 0.9599 -0.0090 -0.2803
vn 0.9451 -0.1094 0.3078
vn 0.6799 0.4252 -0.5974
vn 0.0643 0.4877 -0.8706
vn 0.3171 0.4671 -0.8254
vn 0.1930 0.3729 -0.9076
vn 0.9026 0.1193 -0.4136
vn 0.5011 0.5211 -0.6909
vn 0.2056 0.3723 -0.9050
vn 0.2332 0.3144 -0.9202
vn -0.0148 -0.5759 0.8174
vn 0.2417 -0.5995 0.7630
vn 0.2218 -0.5866 0.7789
vn 0.1192 0.3687 -0.9219
vn 0.9384 0.2823 -0.1991
vn 0.9279 0.1058 -0.3576
vn 0.9718 -0.1670 0.1662
vn 0.5160 0.3849 -0.7652
vn 0.2465 0.4192 -0.8738
vn 0.5730 0.2792 -0.7705
vn 0.4500 0.4130 -0.7918
vn 0.4074 0.3426 -0.8465
vn 0.2910 -0.0609 0.9548
vn 0.9483 0.3137 -0.0490
vn 0.9887 -0.0019 -0.1501
vn 0.9512 -0.2385 0.1955
vn 0.9752 -0.1685 -0.1432
vn 0.9638 -0.2654 0.0249
vn 0.4141 0.4108 -0.8123
vn 0.5640 0.4639 -0.6832
vn 0.9756 -0.1983 0.0947
vn 0.9152 -0.3787 0.1377
vn 0.9941 -0.0317 -0.1040
vn 0.9371 0.1624 0.3089
vn 0.7456 0.3478 0.5684
vn 0.1725 -0.1667 0.9708
vn 0.9423 0.3336 -0.0266
vn 0.9694 0.2376 0.0616
vn -0.2686 -0.5018 0.8222
vn 0.7777 0.0011 0.6286
vn 0.8220 -0.4041 0.4013
vn 0.3387 -0.5112 0.7899
vn -0.1531 -0.9299 0.3344
vn 0.9290 0.0372 -0.3683
vn 0.8657 -0.0165 -0.5002
vn -0.3883 0.7170 0.5790
vn -0.6127 0.6452 0.4565
vn -0.3685 0.7586 0.5373
vn -0.3066 0.3306 0.8926
vn -0.1711 0.0302 0.9848
vn -0.4311 0.2263 0.8735
vn -0.2301 -0.6536 -0.7210
vn -0.2180 -0.5274 -0.8212
vn -0.2613 -0.5675 -0.7808
vn 0.0649 0.7173 0.6938
vn 0.1888 0.8088 0.5569
vn -0.2503 0.7828 0.5698
vn -0.5480 0.5920 0.5910
vn -0.5843 0.6212 0.5223
vn -0.0529 0.6603 0.7491
vn -0.0817 -0.7177 -0.6915
vn -0.1310 -0.7466 -0.6523
vn -0.0454 -0.6197 -0.7836
vn -0.2988 0.5119 0.8054
vn -0.3995 0.3521 0.8464
vn -0.5060 0.2489 0.8258
vn 0.0784 0.7658 0.6383
vn -0.4316 0.5188 0.7379
vn 0.0006 0.5179 0.8554
vn -0.5569 0.6004 0.5739
vn -0.3560 -0.6684 -0.6531
vn -0.3335 -0.8724 -0.3574
vn -0.0393 -0.6934 -0.7195
vn -0.0432 0.8451 0.5329
vn -0.4552 0.7968 0.3974
vn -0.3552 0.7807 0.5141
vn -0.4410 0.6950 0.5679
vn -0.5733 0.6974 0.4300
vn -0.1513 -0.9877 -0.0386
vn 0.0627 -0.9959 0.0651
vn 0.0332 -0.9970 0.0701
vn -0.3157 -0.4694 -0.8246
vn -0.3110 -0.4112 -0.8569
vn 0.3285 -0.4930 -0.8056
vn 0.7627 -0.2534 -0.5951
vn -0.6141 0.5698 0.5461
vn -0.6305 0.3500 0.6928
vn -0.4776 0.3811 0.7916
vn -0.1444 -0.8340 -0.5325
vn -0.1059 -0.7000 -0.7063
vn 0.0307 -0.9223 -0.3853
vn 0.0015 -0.8681 -0.4963
vn -0.1188 -0.9271 -0.3554
vn -0.1737 -0.8051 -0.5672
vn -0.3217 0.5579 0.7650
vn -0.4942 0.4203 0.7609
vn -0.3999 0.6686 0.6269
vn -0.1650 0.3297 0.9296
vn -0.4035 0.2909 0.8675
vn -0.2005 0.3828 0.9018
vn -0.6397 0.6057 0.4732
vn -0.3965 0.2663 0.8786
vn -0.2141 0.3716 0.9034
vn -0.2007 0.2195 0.9547
vn -0.3765 0.2135 0.9015
vn -0.3190 0.8252 0.4662
vn -0.2997 0.8395 0.4532
vn -0.4047 0.8246 0.3952
vn -0.0717 0.5436 0.8363
vn -0.8235 0.5024 0.2634
vn -0.8607 0.4263 0.2784
vn -0.7527 0.4587 0.4722
vn -0.1889 -0.7603 -0.6214
vn -0.0846 -0.8754 -0.4760
vn -0.5633 -0.2972 -0.7709
vn -0.5437 -0.4439 -0.7123
vn -0.5266 -0.4617 -0.7138
vn -0.4402 0.7533 0.4886
vn -0.7659 0.4958 0.4093
vn -0.0712 -0.9356 -0.3457
vn -0.1370 -0.8260 -0.5468
vn 0.0017 -0.9238 -0.3829
vn -0.2568 -0.8924 -0.3710
vn -0.2829 -0.7874 -0.5476
vn -0.1862 -0.8504 -0.4921
vn -0.4088 -0.4513 -0.7932
vn -0.4012 -0.4766 -0.7822
vn -0.3806 -0.5572 -0.7380
vn -0.3269 0.4617 0.8246
vn -0.3241 -0.3756 -0.8682
vn -0.3540 -0.3123 -0.8816
vn -0.2991 -0.3964 -0.8680
vn -0.5507 0.5450 0.6323
vn -0.5048 0.4210 0.7536
vn -0.5713 0.3912 0.7215
vn -0.7809 0.2539 0.5707
vn -0.2240 0.4508 0.8641
vn -0.2440 -0.3119 -0.9182
vn -0.3186 -0.4531 -0.8326
vn -0.4365 0.6800 0.5891
vn -0.5051 0.5667 0.6510
vn -0.2913 0.6598 0.6927
vn -0.3472 0.7404 0.5756
vn -0.1800 0.7055 0.6855
vn -0.0438 0.8311 0.5544
vn -0.2614 0.7658 0.5875
vn 0.0446 -0.9940 0.1002
vn -0.3972 0.6239 0.6730
vn -0.5821 0.6625 0.4714
vn -0.4463 0.6295 0.6360
vn -0.7369 0.6240 0.2600
vn -0.5850 0.6971 0.4146
vn -0.3123 -0.6158 -0.7233
vn -0.2855 0.6222 0.7289
vn -0.3940 0.4250 0.8150
vn -0.1854 0.6028 0.7760
vn -0.6862 0.6700 0.2833
vn -0.2454 0.6811 0.6898
vn -0.3453 0.5194 0.7817
vn -0.5898 0.5964 0.5445
vn -0.2596 0.3982 0.8798
vn -0.0671 0.3226 0.9442
vn -0.0797 0.4838 0.8715
vn -0.2169 0.3730 0.9021
vn 0.0557 -0.9477 -0.3144
vn 0.1096 -0.9786 -0.1741
vn -0.6719 0.7020 0.2361
vn -0.3747 0.5705 0.7308
vn -0.4789 0.5695 0.6681
vn -0.6329 0.5978 0.4921
vn -0.7039 0.3569 0.6141
vn -0.4035 0.6315 0.6621
vn -0.6533 0.6653 0.3615
vn -0.1733 0.1746 0.9693
vn -0.6818 0.4178 0.6005
vn -0.5384 0.1401 0.8310
vn -0.4229 0.5171 0.7442
vn -0.4110 0.4821 0.7737
vn 0.0490 -0.9455 -0.3219
vn -0.4177 0.5055 0.7549
vn -0.7210 0.4796 0.5002
vn -0.1311 0.8627 0.4885
vn -0.1776 0.5029 0.8459
vn -0.5266 0.4432 0.7255
vn -0.3678 0.5430 0.7549
vn -0.3615 0.5915 0.7207
vn -0.1020 0.6005 0.7931
vn -0.4661 0.0448 0.8836
vn -0.1809 -0.9685 -0.1709
vn 0.1631 -0.8918 -0.4221
vn -0.0378 -0.9970 0.0671
vn -0.1510 -0.9872 -0.0516
vn -0.0619 -0.9974 0.0379
vn -0.5358 0.6576 0.5297
vn 0.1590 -0.9582 0.2377
vn 0.3215 -0.9010 0.2912
vn 0.0769 -0.9915 0.1051
vn -0.1750 0.4553 0.8730
vn -0.2929 0.5190 0.8031
vn -0.5875 0.3897 0.7092
vn -0.2361 0.5849 0.7760
vn -0.1461 -0.7563 -0.6377
vn -0.0556 -0.8383 -0.5424
vn -0.3286 -0.6015 -0.7282
vn -0.6102 0.4672 0.6398
vn -0.4490 0.3019 0.8410
vn -0.1954 0.3876 0.9009
vn -0.4834 0.4203 0.7679
vn -0.6995 0.1898 0.6889
vn -0.7569 0.3096 0.5756
vn -0.4668 0.1943 0.8628
vn -0.4566 0.5072 0.7309
vn -0.4995 0.5474 0.6715
vn -0.6210 0.6045 0.4989
vn -0.4601 0.8174 0.3467
vn 0.0837 0.8719 0.4825
vn -0.4885 0.8184 0.3027
vn -0.6792 0.2379 0.6944
vn -0.6903 0.3851 0.6125
vn -0.7819 0.2631 0.5651
vn -0.7028 0.2697 0.6582
vn -0.3399 0.9117 0.2308
vn -0.3352 0.9048 0.2627
vn -0.3715 0.8682 0.3290
vn -0.0162 -0.9925 0.1215
vn -0.5812 0.6613 0.4742
vn 0.0016 0.7773 0.6291
vn -0.0874 -0.9957 -0.0294
vn 0.0527 -0.9986 0.0006
vn -0.1766 -0.9832 0.0455
vn -0.0653 -0.9888 0.1341
vn -0.2450 0.8437 0.4777
vn -0.0723 0.9041 0.4211
vn -0.4369 0.8711 0.2243
vn -0.6996 0.1918 0.6883
vn -0.6838 0.2029 0.7009
vn -0.5487 0.7865 0.2835
vn -0.5663 0.7780 0.2722
vn 0.0642 -0.9972 0.0383
vn -0.7727 0.6200 0.1361
vn -0.5758 0.7901 0.2100
vn 0.0440 -0.9516 0.3042
vn 0.0317 -0.9873 0.1557
vn 0.1535 -0.9738 0.1675
vn -0.4763 0.8166 0.3259
vn -0.3677 0.8448 0.3887
vn -0.3313 0.8275 0.4534
vn -0.4044 0.8348 0.3737
vn -0.1609 -0.4720 -0.8668
vn -0.1194 -0.5463 -0.8290
vn -0.0139 0.8640 0.5033
vn -0.5579 0.7732 0.3015
vn -0.3518 0.8616 0.3659
vn -0.2814 0.9027 0.3255
vn -0.2077 0.8544 0.4764
vn -0.5597 0.8047 0.1982
vn -0.5989 0.7625 0.2447
vn -0.7004 0.6996 0.1415
vn -0.4537 0.8505 0.2662
vn -0.8081 0.5168 0.2828
vn -0.8290 0.5558 -0.0622
vn -0.6228 0.7163 0.3148
vn -0.4684 0.7963 0.3827
vn -0.5164 0.8042 0.2944
vn -0.0011 -0.9123 -0.4096
vn -0.3952 0.8046 0.4431
vn -0.5505 0.7432 0.3802
vn -0.4406 0.8260 0.3516
vn -0.5709 0.7587 0.3138
vn -0.8998 0.4362 0.0115
vn -0.5755 0.7716 0.2708
vn -0.5377 0.7844 0.3091
vn -0.4836 0.8385 0.2512
vn -0.1576 -0.7167 -0.6794
vn -0.5751 0.8126 0.0945
vn -0.8530 0.5217 0.0133
vn -0.5665 0.8138 0.1298
vn -0.5819 0.7759 0.2436
vn -0.5253 0.8046 0.2769
vn -0.4423 0.8897 0.1129
vn -0.5223 0.8133 0.2563
vn -0.5331 0.4562 0.7125
vn 0.1851 -0.8484 -0.4959
vn -0.1150 -0.9846 -0.1321
vn -0.1920 -0.9657 -0.1750
vn -0.0340 -0.9753 -0.2182
vn -0.4185 -0.3147 -0.8520
vn -0.1795 -0.5291 -0.8294
vn -0.4081 0.8527 0.3261
vn -0.5585 0.5931 0.5799
vn -0.4769 0.7962 0.3723
vn -0.3550 0.2692 0.8953
vn -0.2125 0.4166 0.8839
vn -0.1235 -0.8467 -0.5176
vn -0.4819 0.8452 0.2311
vn -0.3378 -0.2310 -0.9124
vn -0.3341 -0.1824 -0.9247
vn -0.5102 0.8291 0.2285
vn 0.1606 -0.9514 -0.2627
vn 0.2077 0.9034 0.3751
vn 0.5211 0.7360 0.4322
vn -0.3554 0.9095 0.2155
vn -0.6011 0.7969 0.0610
vn -0.5395 0.8344 0.1127
vn -0.3259 0.3392 0.8825
vn -0.1429 -0.9680 -0.2064
vn -0.0092 -0.9805 -0.1962
vn 0.0257 -0.9980 0.0578
vn 0.1828 -0.9826 0.0328
vn 0.1344 -0.9908 0.0154
vn -0.5535 0.8214 0.1377
vn -0.6804 0.7328 -0.0106
vn -0.5074 0.8589 0.0693
vn -0.3440 0.9380 0.0424
vn -0.3704 0.8980 0.2375
vn -0.1723 0.9482 0.2670
vn 0.0122 0.9324 0.3611
vn -0.4527 0.8662 0.2117
vn -0.6219 0.7806 -0.0620
vn -0.6414 0.7527 0.1486
vn -0.5828 0.8115 -0.0422
vn -0.3848 0.9230 -0.0064
vn 0.0646 -0.9718 -0.2269
vn 0.1336 -0.9839 -0.1187
vn -0.3544 -0.3375 -0.8721
vn -0.4149 -0.3179 -0.8526
vn -0.7076 0.7029 -0.0723
vn -0.7271 0.6768 -0.1151
vn -0.6369 0.7538 -0.1617
vn -0.6457 0.7440 0.1718
vn -0.6540 0.7415 0.1502
vn -0.1368 -0.8534 -0.5030
vn -0.1564 -0.9174 -0.3661
vn -0.7905 0.6093 -0.0616
vn -0.5127 0.8517 -0.1087
vn -0.7221 0.6917 0.0134
vn -0.6737 0.7387 -0.0221
vn 0.2083 0.8441 0.4941
vn -0.6115 0.5341 0.5838
vn -0.0312 -0.9947 -0.0980
vn -0.0986 -0.7084 -0.6989
vn -0.1813 0.9520 -0.2468
vn -0.4867 0.8498 -0.2022
vn -0.3744 0.9213 -0.1046
vn -0.5952 0.7943 -0.1215
vn -0.4812 0.8733 -0.0762
vn 0.4108 0.7762 0.4783
vn -0.3211 -0.6985 -0.6396
vn 0.0513 -0.8048 -0.5914
vn 0.4839 0.7839 0.3890
vn 0.4886 0.7431 0.4573
vn -0.5277 0.8454 0.0820
vn -0.4166 0.9055 -0.0812
vn -0.6982 0.7156 0.0207
vn -0.8758 0.4809 0.0421
vn -0.7398 0.6702 0.0602
vn -0.7566 0.6529 0.0367
vn -0.0894 -0.8038 -0.5881
vn -0.0801 -0.8995 -0.4296
vn -0.1456 -0.8344 -0.5316
vn -0.0638 -0.6059 -0.7930
vn -0.2704 -0.5573 -0.7851
vn -0.6941 0.6921 0.1980
vn -0.4971 0.8659 0.0550
vn -0.1814 0.9186 0.3512
vn 0.0965 0.9550 0.2806
vn -0.0558 -0.8493 -0.5249
vn -0.7705 0.6348 -0.0589
vn -0.1243 -0.6925 -0.7106
vn -0.7874 0.6156 0.0312
vn -0.0593 0.9379 0.3417
vn 0.0184 0.9058 0.4233
vn -0.9129 0.3714 -0.1691
vn -0.8001 0.5931 0.0898
vn -0.8859 0.4571 0.0787
vn -0.5076 0.8549 -0.1074
vn -0.6977 0.7031 -0.1377
vn -0.1106 -0.9201 -0.3756
vn 0.5050 0.7326 0.4565
vn -0.0966 0.9783 -0.1834
vn -0.2839 0.9586 -0.0211
vn -0.5858 0.7058 -0.3984
vn -0.7946 0.5959 -0.1165
vn -0.5540 0.8243 -0.1165
vn -0.7990 0.5631 -0.2110
vn -0.7119 0.6982 -0.0756
vn -0.9075 0.4148 0.0666
vn -0.7977 0.5856 0.1440
vn -0.8097 0.5712 0.1346
vn -0.1174 0.9732 0.1979
vn -0.0527 0.9803 0.1901
vn -0.0357 0.6598 0.7506
vn -0.7924 0.3342 0.5103
vn -0.6893 0.4850 0.5382
vn 0.0105 0.5031 0.8642
vn -0.8799 0.2297 0.4159
vn -0.8796 0.3274 0.3450
vn -0.9436 0.3261 0.0568
vn -0.2752 0.9526 0.1298
vn -0.5167 0.3781 0.7681
vn -0.7244 0.3987 0.5624
vn -0.1506 0.9875 -0.0472
vn -0.6705 0.7233 -0.1653
vn -0.7681 0.5614 0.3079
vn -0.0539 0.9962 0.0688
vn -0.0071 0.9925 0.1221
vn -0.5512 0.7033 0.4490
vn -0.6450 0.5334 0.5472
vn -0.4729 0.8019 0.3652
vn -0.3824 0.9240 0.0066
vn -0.5905 0.2312 0.7732
vn -0.3422 0.8284 0.4435
vn -0.2227 0.5418 0.8105
vn -0.2063 0.8083 0.5514
vn -0.2753 0.7724 0.5723
vn -0.4745 0.5046 0.7213
vn -0.8059 0.4212 0.4160
vn -0.3695 0.7504 0.5481
vn -0.7512 0.6330 -0.1871
vn -0.9688 0.1431 0.2025
vn -0.1110 0.8164 0.5667
vn -0.6927 0.2027 0.6921
vn -0.3948 0.7126 0.5799
vn -0.3045 0.7942 0.5258
vn -0.4491 0.4804 0.7534
vn -0.4995 0.7057 0.5025
vn -0.3789 0.7724 0.5098
vn -0.8455 0.5155 0.1388
vn -0.8106 0.5834 0.0501
vn -0.6862 0.7118 0.1496
vn -0.6271 0.7273 0.2789
vn -0.4505 0.7315 0.5119
vn -0.3137 0.8483 0.4265
vn -0.7860 0.5985 0.1546
vn -0.2541 0.9244 0.2845
vn -0.2834 0.9467 0.1532
vn -0.3874 0.9015 0.1928
vn -0.8845 0.4658 0.0261
vn -0.4519 0.7739 0.4438
vn -0.6231 0.5719 0.5336
vn -0.5974 0.6630 0.4511
vn -0.7858 0.5958 0.1661
vn -0.3277 0.7814 0.5311
vn -0.5329 0.7534 0.3853
vn -0.1679 0.8750 0.4541
vn -0.7686 0.4988 0.4006
vn -0.8378 0.4042 0.3670
vn -0.6864 0.5996 0.4115
vn -0.5034 0.8465 0.1734
vn -0.2275 0.9606 0.1597
vn -0.7776 0.5607 0.2846
vn -0.8203 0.5568 0.1308
vn -0.8208 0.5213 0.2335
vn -0.3877 0.7449 0.5430
vn -0.3892 0.9207 0.0298
vn -0.4726 0.8718 0.1289
vn -0.6398 0.7659 -0.0637
vn -0.6832 0.6890 0.2417
vn -0.2792 0.8591 0.4291
vn -0.1779 0.9038 0.3892
vn -0.7303 0.6783 0.0814
vn -0.3456 0.9224 0.1726
vn -0.2645 -0.5392 -0.7995
vn -0.3015 -0.6389 -0.7078
vn -0.7935 0.6054 -0.0622
vn -0.6712 0.6582 0.3410
vn -0.3508 0.9007 0.2564
vn 0.2571 -0.9440 -0.2069
vn -0.5855 0.8107 0.0063
vn -0.7045 0.4906 0.5128
vn -0.5147 0.4818 0.7092
vn -0.6223 0.7821 -0.0316
vn -0.6154 0.7871 -0.0420
vn -0.4682 0.8836 -0.0030
vn -0.1760 0.4803 0.8593
vn -0.8321 0.5459 0.0982
vn -0.6597 0.0047 0.7515
vn -0.8203 0.5704 0.0409
vn -0.8559 0.5141 -0.0553
vn -0.5105 0.7598 0.4026
vn -0.2397 0.8379 0.4904
vn -0.8089 0.5771 -0.1128
vn -0.6303 0.1451 0.7627
vn -0.5117 0.8287 0.2269
vn -0.8011 0.5971 0.0419
vn -0.8176 0.5639 0.1162
vn -0.6307 0.6924 0.3505
vn -0.6004 0.7418 0.2987
vn -0.7582 0.6462 0.0872
vn -0.6454 0.7077 0.2873
vn -0.6707 0.5331 0.5158
vn -0.5663 0.6711 0.4785
vn -0.8521 0.4607 0.2483
vn -0.8837 0.4212 0.2043
vn -0.5350 0.7493 0.3902
vn -0.5432 0.8066 0.2329
vn -0.2682 0.8070 0.5261
vn -0.7395 0.6648 0.1060
vn -0.5414 0.6874 0.4841
vn -0.7653 0.5855 0.2674
vn -0.7240 0.6437 0.2479
vn -0.3300 0.8345 0.4413
vn -0.8595 0.4919 -0.1389
vn -0.5463 0.7499 0.3730
vn -0.4070 0.8860 0.2220
vn -0.4898 0.7784 0.3927
vn -0.7432 0.3907 0.5432
vn -0.8463 0.3171 0.4280
vn -0.3526 0.2988 0.8868
vn -0.3668 0.6256 0.6886
vn -0.3034 0.4699 0.8289
vn -0.8941 0.3721 0.2493
vn -0.1539 0.4889 0.8586
vn -0.6164 0.7719 0.1559
vn -0.9801 0.1821 -0.0792
vn -0.1911 -0.7116 -0.6761
vn -0.8251 0.5284 -0.2001
vn -0.2633 0.9569 0.1225
vn 0.0677 -0.8844 -0.4619
vn 0.0880 -0.9643 -0.2496
vn -0.2487 -0.9498 -0.1897
vn -0.5332 0.8199 0.2084
vn -0.3191 0.9477 -0.0021
vn -0.5584 0.8296 0.0048
vn -0.6460 0.7492 -0.1462
vn -0.6493 0.7577 0.0656
vn -0.6444 0.7481 0.1585
vn -0.5083 0.8603 0.0377
vn -0.6071 0.7796 0.1539
vn -0.5831 0.8124 -0.0089
vn -0.5814 0.7650 0.2768
vn -0.6646 0.7270 0.1726
vn -0.3454 0.9355 -0.0742
vn -0.3938 0.9095 -0.1329
vn -0.6977 0.7141 -0.0579
vn -0.5649 0.8245 -0.0345
vn -0.6263 0.7796 0.0017
vn -0.3214 0.9245 0.2050
vn -0.4126 0.8891 -0.1983
vn -0.3609 0.9284 -0.0886
vn -0.8117 0.4854 -0.3248
vn -0.6856 0.7257 -0.0579
vn -0.6432 0.7656 -0.0149
vn 0.2306 0.9403 0.2501
vn 0.1847 0.9183 0.3501
vn -0.2256 0.9584 -0.1750
vn -0.2279 0.9662 -0.1206
vn -0.6124 0.3787 0.6940
vn -0.4964 0.8634 -0.0899
vn -0.0831 -0.8083 -0.5828
vn -0.0640 -0.6146 -0.7862
vn -0.5755 0.2721 0.7712
vn -0.5583 0.2442 0.7929
vn -0.4314 0.1440 0.8906
vn -0.1655 -0.4015 -0.9008
vn -0.3686 -0.5301 -0.7636
vn -0.2901 -0.4880 -0.8232
vn -0.6149 0.1953 0.7640
vn -0.1345 -0.2948 -0.9460
vn -0.3185 -0.1407 -0.9374
vn -0.2427 -0.0778 -0.9670
vn -0.5867 0.2007 0.7845
vn -0.1428 -0.5444 -0.8266
vn -0.3375 0.1306 0.9322
vn -0.2391 -0.1292 0.9624
vn -0.1511 -0.0822 0.9851
vn -0.4200 -0.8774 -0.2318
vn -0.2363 -0.9717 -0.0035
vn -0.1353 -0.9892 -0.0554
vn -0.3760 0.0380 0.9258
vn -0.2641 -0.1622 0.9508
vn -0.4351 0.1730 0.8836
vn -0.6788 -0.0591 0.7320
vn -0.5394 0.0494 0.8406
vn -0.4924 -0.8342 -0.2483
vn -0.6426 0.0849 0.7615
vn -0.4718 -0.8397 -0.2691
vn -0.0867 -0.5189 -0.8504
vn -0.1070 -0.3908 -0.9142
vn -0.3452 -0.0988 0.9333
vn -0.2666 -0.5096 -0.8180
vn -0.6626 -0.2405 -0.7093
vn -0.6599 -0.3733 -0.6520
vn -0.4261 -0.1740 0.8878
vn -0.4040 0.1517 0.9021
vn -0.3195 0.1318 0.9384
vn 0.0579 -0.2637 0.9629
vn -0.2186 -0.2914 0.9313
vn -0.2841 -0.4380 -0.8529
vn -0.0066 -0.3115 0.9502
vn 0.0027 -0.9565 -0.2916
vn -0.0713 0.0807 0.9942
vn -0.1755 -0.3981 -0.9004
vn -0.4450 0.0024 0.8955
vn -0.5187 0.1291 0.8452
vn -0.3833 -0.1545 0.9106
vn -0.5200 -0.0796 0.8504
vn -0.5997 -0.1126 0.7922
vn -0.7160 -0.0735 0.6942
vn 0.1673 -0.1277 0.9776
vn 0.0058 -0.1493 0.9888
vn -0.7044 -0.0430 0.7085
vn -0.6692 0.1745 0.7223
vn -0.4596 0.1685 0.8720
vn -0.1077 -0.4038 -0.9085
vn -0.2061 -0.0296 0.9781
vn -0.7160 -0.0709 0.6944
vn -0.6139 0.1309 0.7785
vn -0.1872 0.0200 0.9821
vn -0.7726 0.1522 0.6164
vn -0.7383 -0.0157 0.6743
vn -0.6045 -0.0057 0.7966
vn -0.5004 0.0598 0.8637
vn -0.4305 0.0048 0.9026
vn -0.4860 0.0261 0.8736
vn -0.6729 0.0750 0.7359
vn -0.3507 -0.0666 0.9341
vn -0.7007 0.2603 0.6642
vn -0.4219 0.0031 0.9066
vn -0.6423 0.0798 0.7623
vn -0.1617 -0.4278 0.8893
vn -0.6912 0.1831 0.6991
vn -0.3901 -0.3167 0.8646
vn -0.7565 -0.0072 0.6540
vn -0.6160 -0.1624 0.7708
vn 0.0856 -0.1052 0.9908
vn -0.3170 -0.3787 0.8695
vn -0.6260 -0.0510 0.7781
vn -0.0240 -0.1221 0.9922
vn -0.3176 -0.1351 0.9385
vn -0.4925 0.0529 0.8687
vn -0.9594 -0.0376 0.2795
vn -0.0173 0.0771 0.9969
vn -0.8270 -0.0473 0.5603
vn -0.4465 -0.0807 0.8912
vn -0.5175 -0.2008 0.8318
vn -0.5200 -0.1784 0.8353
vn -0.2616 0.0922 0.9608
vn -0.4600 -0.2139 0.8618
vn -0.5376 0.0071 0.8432
vn -0.1344 0.0830 0.9874
vn -0.2874 -0.2628 0.9210
vn -0.2616 -0.5410 0.7993
vn 0.0079 -0.2305 0.9730
vn -0.6533 -0.3187 0.6868
vn -0.6134 -0.1830 0.7683
vn -0.3273 -0.6211 0.7121
vn -0.3537 -0.7012 0.6191
vn -0.5527 -0.4638 0.6924
vn -0.1283 -0.0850 0.9881
vn -0.5603 -0.2111 0.8009
vn -0.1907 -0.2282 0.9548
vn -0.3614 -0.4819 0.7982
vn -0.4559 -0.3004 0.8378
vn -0.6889 0.0735 0.7211
vn -0.7414 -0.3282 0.5854
vn -0.1200 -0.5730 0.8107
vn -0.5754 -0.4510 0.6823
vn -0.7022 -0.3337 0.6289
vn -0.6997 0.0091 0.7144
vn -0.5932 -0.4112 0.6921
vn -0.3783 -0.6014 0.7037
vn -0.4840 -0.4457 0.7531
vn -0.3810 -0.6924 0.6127
vn -0.5224 -0.4819 0.7035
vn -0.7042 -0.0983 0.7031
vn -0.6610 -0.1457 0.7361
vn -0.6547 -0.2751 0.7040
vn -0.3120 -0.7081 0.6334
vn -0.2258 -0.7122 0.6647
vn -0.5886 -0.3482 0.7296
vn -0.7137 -0.2343 0.6601
vn -0.5379 -0.3691 0.7579
vn -0.5651 -0.2264 0.7934
vn -0.3495 -0.7325 0.5842
vn 0.0224 -0.3833 0.9234
vn -0.4511 -0.4972 0.7412
vn -0.6791 0.7263 0.1062
vn -0.6078 -0.4593 0.6478
vn -0.4026 -0.6483 0.6462
vn -0.1354 -0.6832 0.7176
vn -0.4480 -0.4820 0.7530
vn -0.5875 -0.4471 0.6745
vn -0.5143 -0.6052 0.6077
vn -0.2492 -0.7205 0.6471
vn -0.3212 -0.7430 0.5872
vn -0.3609 -0.7409 0.5665
vn -0.6412 -0.4442 0.6257
vn -0.6411 -0.6322 0.4351
vn -0.4549 -0.5747 0.6803
vn -0.1868 -0.5732 0.7979
vn -0.1218 -0.6024 0.7888
vn -0.2546 -0.7674 0.5884
vn -0.5893 -0.6088 0.5311
vn -0.6715 -0.5670 0.4770
vn -0.2647 -0.6971 0.6663
vn -0.5692 -0.6610 0.4889
vn -0.0617 -0.7971 0.6007
vn 0.0748 -0.8470 0.5263
vn -0.0133 -0.7000 0.7140
vn -0.4391 -0.1461 -0.8865
vn -0.4206 0.0542 -0.9056
vn -0.4665 -0.0740 -0.8814
vn -0.1760 -0.9348 -0.3086
vn -0.2826 -0.8410 -0.4614
vn -0.3712 0.3077 0.8761
vn -0.2013 -0.7790 0.5939
vn -0.3820 -0.9069 -0.1777
vn 0.0027 -0.7995 0.6006
vn 0.0390 -0.7679 0.6394
vn -0.1824 -0.7710 0.6102
vn -0.6561 -0.5892 0.4716
vn -0.0373 -0.9735 -0.2256
vn 0.2925 -0.8883 -0.3541
vn -0.0014 -0.9107 0.4131
vn 0.0921 -0.8583 0.5049
vn -0.7277 -0.5656 0.3880
vn -0.0681 -0.8523 -0.5187
vn -0.2011 -0.4560 -0.8670
vn -0.1770 -0.5598 -0.8095
vn -0.0184 -0.9369 0.3492
vn 0.1371 -0.8897 0.4355
vn -0.0094 -0.9798 0.1995
vn -0.3477 -0.1394 -0.9272
vn -0.3009 0.0175 -0.9535
vn -0.3988 -0.7651 0.5055
vn -0.3899 0.0497 -0.9195
vn -0.2164 -0.0045 -0.9763
vn 0.1865 -0.8732 0.4504
vn -0.2010 -0.4691 -0.8600
vn -0.6318 -0.6860 0.3609
vn -0.6335 -0.6662 0.3935
vn -0.4528 0.3580 0.8166
vn -0.0161 0.5179 0.8553
vn -0.3273 -0.9210 0.2113
vn -0.4624 -0.8081 0.3649
vn -0.2209 -0.2236 -0.9493
vn -0.6544 -0.6220 0.4299
vn -0.6151 0.3969 0.6813
vn -0.2721 0.2417 0.9314
vn -0.6338 -0.0011 -0.7735
vn -0.5849 -0.0498 -0.8096
vn -0.5128 0.2522 0.8206
vn -0.1184 -0.5908 -0.7981
vn -0.5640 0.2415 0.7897
vn -0.3180 -0.3049 -0.8977
vn -0.0877 0.2215 0.9712
vn -0.6043 0.1926 0.7731
vn -0.2982 0.0442 0.9535
vn -0.5155 0.2233 0.8273
vn 0.1301 -0.9897 0.0593
vn 0.2890 -0.8955 -0.3384
vn -0.4971 0.1310 0.8577
vn -0.8982 0.1225 0.4221
vn 0.2010 -0.8998 -0.3872
vn -0.1766 0.1508 0.9727
vn -0.0063 0.3802 0.9249
vn -0.7083 0.1462 0.6906
vn -0.1638 0.0982 0.9816
vn -0.7287 -0.0188 0.6846
vn -0.6012 0.3109 0.7362
vn -0.6797 0.3669 0.6351
vn -0.6149 0.4017 0.6786
vn -0.6368 0.1716 0.7517
vn -0.4314 0.3500 0.8315
vn -0.7295 0.2127 0.6501
vn -0.5549 0.4686 0.6874
vn -0.5602 0.3924 0.7295
vn -0.5710 0.2541 0.7806
vn -0.7080 0.2887 0.6445
vn -0.5467 0.2762 0.7904
vn -0.4611 -0.0319 0.8868
vn -0.4551 -0.0266 0.8901
vn -0.7962 0.0750 0.6003
vn -0.5867 0.0700 0.8068
vn -0.7039 -0.1996 0.6817
vn -0.6303 -0.2740 0.7264
vn -0.6178 -0.1895 0.7632
vn -0.4744 0.0473 0.8790
vn -0.2574 -0.0630 0.9642
vn -0.7616 0.3465 0.5476
vn -0.6373 0.4818 0.6014
vn -0.6810 0.4101 0.6066
vn -0.1832 -0.0599 0.9812
vn -0.7341 0.1394 0.6645
vn -0.1113 0.1128 0.9874
vn -0.5644 0.3611 0.7424
vn -0.5376 -0.0447 0.8420
vn -0.3904 -0.3235 0.8619
vn -0.5462 -0.4338 0.7166
vn -0.0988 -0.1426 0.9848
vn -0.2646 -0.1786 0.9477
vn 0.0908 -0.2429 0.9658
vn -0.5103 0.0340 0.8593
vn -0.3533 0.0263 0.9351
vn -0.9427 0.1593 0.2931
vn -0.1118 -0.0682 0.9914
vn -0.4687 -0.4791 0.7422
vn 0.0857 -0.0908 0.9922
vn -0.8167 -0.0895 0.5701
vn -0.1849 -0.3290 -0.9261
vn -0.1349 -0.3597 -0.9233
vn -0.4950 -0.2769 0.8236
vn -0.1870 -0.0114 0.9823
vn -0.6045 -0.1577 0.7808
vn -0.8804 0.3809 0.2826
vn -0.8365 0.5013 0.2213
vn -0.8968 0.3319 0.2927
vn -0.8676 0.3956 0.3013
vn -0.5303 -0.1391 0.8363
vn -0.6258 -0.7799 0.0091
vn -0.0381 -0.9990 0.0242
vn -0.0632 -0.1712 0.9832
vn -0.9045 0.4249 0.0354
vn -0.8065 0.5582 0.1948
vn -0.8166 0.5734 0.0662
vn -0.7871 0.5140 0.3409
vn -0.8390 0.3989 0.3700
vn -0.5031 -0.3448 0.7925
vn -0.5077 -0.2295 0.8304
vn -0.3696 -0.1969 -0.9081
vn -0.4446 -0.3193 -0.8369
vn -0.5454 -0.1125 -0.8306
vn -0.9215 0.3498 0.1689
vn -0.7822 0.5985 0.1728
vn -0.8829 0.4595 0.0965
vn -0.8673 0.4944 0.0584
vn -0.7999 0.5531 0.2327
vn -0.3694 -0.3987 -0.8394
vn -0.3904 -0.3644 -0.8454
vn -0.3902 -0.3170 -0.8644
vn -0.7978 0.4220 0.4306
vn -0.7550 0.3014 0.5824
vn -0.8044 0.5170 0.2928
vn -0.6457 0.5482 0.5315
vn -0.9512 0.3037 0.0544
vn -0.8508 0.5167 0.0955
vn -0.9381 -0.1077 -0.3293
vn -0.9519 -0.2145 -0.2190
vn -0.9281 0.3603 0.0934
vn -0.6363 -0.0757 0.7677
vn -0.5716 -0.0026 0.8206
vn -0.4157 -0.3604 0.8351
vn -0.5215 -0.1481 0.8403
vn -0.7961 0.5702 0.2028
vn -0.7358 0.2149 0.6422
vn -0.6808 0.1166 0.7231
vn -0.6663 -0.0030 0.7457
vn -0.8828 0.2463 0.4000
vn -0.9012 0.2609 0.3460
vn -0.7802 0.0776 0.6206
vn -0.7200 0.0009 0.6939
vn -0.4553 0.3825 0.8040
vn -0.2198 0.5795 0.7848
vn -0.6336 0.7052 0.3182
vn -0.8912 -0.2172 -0.3983
vn -0.9995 -0.0087 0.0310
vn -0.9804 0.1700 0.0994
vn -0.9270 0.0671 0.3691
vn -0.9794 -0.1351 -0.1504
vn -0.9446 -0.0354 -0.3264
vn -0.9883 -0.1501 -0.0276
vn -0.8241 -0.0583 0.5634
vn -0.9197 0.1665 0.3556
vn -0.8128 0.5796 -0.0594
vn -0.5535 0.7163 0.4249
vn -0.5529 0.3513 0.7556
vn -0.6830 0.6237 0.3802
vn -0.7175 0.6418 0.2706
vn -0.6114 0.4735 0.6341
vn -0.7589 -0.1638 0.6303
vn -0.7571 0.0843 0.6478
vn -0.6347 0.5235 0.5684
vn -0.5446 0.5942 0.5919
vn -0.3987 0.4010 0.8248
vn -0.4109 0.4885 0.7698
vn -0.7666 0.2493 0.5917
vn -0.3046 0.5019 0.8095
vn -0.7270 0.5523 0.4080
vn -0.6139 -0.1066 0.7822
vn -0.5849 -0.5081 0.6323
vn -0.7292 0.1327 0.6713
vn -0.6870 0.7101 0.1541
vn -0.6031 0.5712 0.5567
vn -0.4774 -0.3493 0.8063
vn -0.5153 0.1729 0.8394
vn -0.8489 0.3450 0.4005
vn 0.1508 -0.4351 0.8876
vn 0.1582 -0.3082 0.9381
vn -0.6461 -0.5819 0.4939
vn -0.2400 -0.4828 0.8422
vn -0.3215 -0.4848 0.8134
vn -0.4434 -0.5721 0.6900
vn -0.6520 -0.2221 0.7249
vn -0.1627 -0.2253 0.9606
vn -0.1831 -0.6009 0.7781
vn -0.3044 -0.4839 0.8205
vn -0.7462 -0.4710 0.4706
vn -0.3643 -0.5085 0.7802
vn -0.1091 -0.6674 0.7367
vn -0.0940 -0.7255 0.6818
vn 0.1889 -0.5896 0.7853
vn -0.3130 -0.0019 0.9497
vn -0.5132 -0.4122 0.7528
vn -0.5981 -0.4106 0.6882
vn -0.3423 -0.6187 0.7071
vn -0.2805 -0.5404 0.7933
vn -0.2209 -0.0179 0.9751
vn 0.0046 -0.4395 0.8982
vn 0.3878 -0.5649 0.7283
vn 0.3410 -0.5647 0.7515
vn -0.6844 -0.5726 0.4514
vn 0.0648 0.2856 0.9562
vn -0.3722 -0.4529 0.8101
vn -0.4579 -0.2976 0.8377
vn -0.0378 -0.7615 0.6471
vn 0.2170 0.3469 0.9124
vn -0.0925 -0.6316 0.7698
vn -0.1088 -0.4401 0.8913
vn -0.6088 -0.0063 0.7933
vn 0.2267 -0.5676 0.7915
vn -0.9932 0.0569 0.1017
vn -0.1127 -0.9911 -0.0712
vn -0.0238 -0.9996 0.0115
vn -0.7270 0.6822 0.0777
vn 0.3748 0.0180 0.9269
vn 0.2723 -0.8280 0.4901
vn -0.1088 0.0341 0.9935
vn 0.1134 -0.9844 0.1346
vn -0.3488 -0.4896 0.7991
vn 0.2866 0.6955 0.6590
vn -0.0683 -0.9892 0.1295
vn 0.0704 -0.9975 -0.0046
vn 0.1220 -0.9877 0.0973
vn 0.0537 -0.9615 0.2693
vn -0.3908 -0.6240 0.6767
vn -0.1195 -0.9465 0.2996
vn -0.1276 -0.6505 0.7487
vn -0.9171 -0.1462 0.3708
vn 0.1074 -0.9607 0.2560
vn -0.1994 -0.0776 0.9769
vn -0.6007 0.4839 0.6364
vn -0.5362 0.1534 0.8301
vn -0.9205 0.0514 0.3874
vn -0.7846 0.5210 0.3362
vn -0.6664 0.3028 0.6814
vn -0.7441 0.2205 0.6307
vn -0.6989 0.2981 0.6501
vn -0.7426 0.1308 0.6569
vn -0.2621 -0.5367 0.8021
vn -0.4814 -0.4735 0.7376
vn -0.8921 0.4317 -0.1338
vn -0.6858 0.1242 0.7171
vn -0.5855 -0.5575 0.5885
vn 0.1065 -0.3179 0.9421
vn -0.7706 0.1005 0.6293
vn -0.2382 -0.3841 0.8920
vn -0.8655 0.2064 0.4564
vn -0.6563 -0.0592 0.7521
vn -0.3294 0.8034 0.4961
vn -0.1552 0.9663 -0.2053
vn 0.0893 -0.2601 0.9614
vn 0.1287 -0.4584 0.8794
vn -0.5053 0.3188 0.8019
vn -0.7145 -0.0511 0.6978
vn -0.6453 0.5748 0.5032
vn -0.7724 -0.2909 0.5646
vn -0.7749 0.6312 0.0328
vn -0.6864 0.5884 0.4274
vn -0.7678 0.2466 0.5913
vn 0.0525 0.7729 0.6324
vn -0.0750 -0.9936 -0.0843
vn -0.1508 -0.9778 0.1453
vn -0.6269 -0.7476 0.2195
vn -0.2110 -0.9763 0.0488
vn -0.7389 -0.2729 0.6161
vn -0.0462 -0.9569 0.2869
vn -0.9910 0.0129 0.1336
vn -0.9886 0.1003 0.1125
vn -0.2969 0.0181 0.9547
vn -0.9833 0.0622 0.1711
vn -0.0610 -0.9868 -0.1498
vn -0.4102 -0.6266 0.6626
vn -0.3508 -0.6867 0.6366
vn -0.0222 -0.9879 -0.1537
vn 0.0470 -0.9920 0.1170
vn -0.9325 -0.3610 -0.0117
vn -0.6780 0.2731 0.6824
vn -0.7029 -0.3960 0.5909
vn -0.2842 -0.9580 0.0391
vn 0.0908 -0.9959 0.0025
vn -0.0830 -0.9924 0.0912
vn -0.9147 0.3756 0.1493
vn -0.6760 0.7255 0.1291
vn -0.0389 -0.9992 -0.0062
vn -0.4943 -0.6661 0.5585
vn -0.5344 -0.5923 0.6030
vn -0.1169 -0.5722 0.8118
vn -0.3435 -0.6623 0.6659
vn -0.5830 -0.3521 0.7322
vn -0.0062 -0.8820 0.4712
vn -0.5202 -0.7030 0.4850
vn -0.0472 -0.9968 -0.0638
vn -0.0281 -0.9990 -0.0356
vn 0.0288 -0.9978 -0.0597
vn 0.0547 -0.9976 0.0417
vn -0.0936 -0.9919 0.0859
vn -0.4744 -0.6957 0.5394
vn 0.0436 -0.9959 -0.0789
vn 0.0880 -0.9957 0.0299
vn -0.1071 -0.9761 0.1891
vn -0.4231 -0.5941 0.6841
vn -0.5070 -0.5490 0.6645
vn 0.0090 -0.9991 0.0404
vn 0.1419 -0.9854 -0.0939
vn 0.0304 -0.9995 0.0026
vn 0.1085 -0.9932 0.0427
vn 0.0612 -0.9941 -0.0896
vn 0.0600 -0.9981 -0.0153
vn 0.0533 -0.9985 0.0089
vn -0.0737 -0.9961 0.0480
vn 0.1088 -0.9932 0.0408
vn -0.0912 -0.9828 0.1605
vn -0.0285 -0.9973 -0.0678
vn -0.0137 -0.9999 0.0035
vn 0.1278 -0.9916 -0.0201
vn 0.0201 -0.9998 0.0043
vn -0.0724 -0.9966 -0.0403
vn -0.0286 -0.9982 0.0522
vn 0.0078 -0.9997 0.0228
vn -0.0457 -0.9989 -0.0073
vn -0.4732 -0.6486 0.5962
vn -0.5227 -0.7040 0.4808
vn 0.0121 -0.9987 0.0485
vn -0.2135 -0.7106 0.6704
vn 0.0760 -0.9956 -0.0548
vn -0.2934 -0.5574 0.7767
vn -0.0709 -0.8074 0.5858
vn -0.3329 -0.8268 0.4534
vn 0.0247 -0.9216 0.3872
vn -0.3646 -0.8193 0.4425
vn -0.1833 -0.8428 0.5060
vn 0.0628 -0.9979 0.0170
vn -0.4059 -0.7420 0.5335
vn -0.2530 -0.8102 0.5288
vn -0.1675 -0.7688 0.6172
vn -0.3720 -0.7494 0.5477
vn -0.2880 -0.7629 0.5789
vn -0.1770 -0.7483 0.6393
vn -0.2966 -0.8072 0.5103
vn -0.0809 -0.8975 0.4336
vn -0.1473 -0.8841 0.4436
vn -0.3262 -0.7883 0.5218
vn -0.0826 -0.8797 0.4683
vn -0.3022 -0.8057 0.5094
vn -0.2466 -0.6834 0.6871
vn 0.0003 -0.7317 0.6817
vn 0.1640 -0.8357 0.5242
vn 0.0640 -0.6289 0.7749
vn 0.0702 -0.6944 0.7162
vn 0.3033 -0.8820 0.3607
vn -0.5141 -0.8217 0.2459
vn -0.3015 -0.8200 0.4866
vn -0.2969 -0.8109 0.5043
vn -0.2994 -0.7877 0.5384
vn -0.1954 -0.8450 0.4978
vn -0.2411 -0.8315 0.5005
vn -0.3537 -0.8121 0.4641
vn -0.2824 -0.9176 0.2798
vn -0.3216 -0.8906 0.3216
vn -0.2877 -0.8058 0.5176
vn -0.4503 -0.6234 0.6393
vn -0.4925 -0.6349 0.5953
vn -0.1801 -0.8944 0.4093
vn -0.0038 -0.9141 0.4055
vn -0.0538 -0.9224 0.3824
vn 0.1469 -0.9763 0.1591
vn -0.0896 -0.9485 0.3039
vn 0.1051 -0.9557 0.2748
vn -0.6283 -0.7448 0.2246
vn 0.4082 0.7426 0.5310
vn 0.4627 0.0515 0.8850
vn -0.0548 -0.9303 0.3628
vn -0.4671 -0.8612 0.2004
vn -0.2865 -0.9386 0.1923
vn -0.0984 -0.9587 0.2669
vn -0.2657 -0.9017 0.3412
vn -0.4832 -0.8564 0.1820
vn -0.0724 -0.9679 0.2406
vn -0.1801 -0.9764 0.1189
vn -0.1411 -0.9376 0.3179
vn -0.0208 -0.9781 0.2069
vn -0.0813 -0.9676 0.2389
vn 0.4898 -0.6833 0.5414
vn -0.0697 -0.9959 -0.0572
vn -0.0966 -0.9813 0.1667
vn -0.3772 -0.3255 -0.8671
vn 0.0897 -0.9957 0.0227
vn -0.0061 -0.9999 0.0119
vn -0.0255 -0.9988 -0.0411
vn 0.0662 -0.9978 0.0102
vn -0.1429 -0.2877 -0.9470
vn -0.3411 -0.4398 -0.8308
vn -0.1271 -0.9916 0.0238
vn -0.2690 -0.9613 0.0591
vn 0.0570 -0.9979 -0.0305
vn 0.0354 -0.9988 -0.0324
vn -0.1611 -0.9834 -0.0836
vn -0.0010 -0.9846 0.1747
vn 0.5634 -0.7661 0.3094
vn -0.1957 -0.9399 -0.2798
vn -0.0046 -0.9815 0.1913
vn 0.5571 -0.6774 0.4804
vn 0.2541 -0.9465 0.1987
vn -0.2389 -0.9087 0.3424
vn -0.2581 -0.9173 -0.3033
vn -0.2945 -0.9486 -0.1155
vn 0.0286 -0.9891 -0.1446
vn -0.0403 -0.9990 -0.0184
vn 0.0750 -0.9971 0.0081
vn 0.1896 -0.9705 -0.1491
vn -0.2254 -0.9692 0.0989
vn -0.2719 -0.9492 0.1584
vn -0.1419 -0.8967 0.4193
vn -0.0763 -0.9860 0.1486
vn -0.0537 -0.9501 0.3074
vn -0.0709 -0.9889 0.1310
vn -0.2471 -0.1924 -0.9497
vn -0.4467 -0.1688 -0.8786
vn -0.2517 -0.2766 -0.9274
vn -0.7256 -0.6612 0.1908
vn -0.0417 -0.9851 0.1670
vn -0.0452 -0.9701 0.2386
vn -0.1089 -0.9867 -0.1208
vn 0.0647 -0.9978 -0.0126
vn 0.2477 -0.9567 0.1527
vn -0.0835 -0.9724 0.2180
vn -0.3540 -0.1019 -0.9297
vn -0.0554 -0.9820 0.1807
vn 0.1906 -0.9696 0.1535
vn -0.0100 -0.9996 -0.0269
vn -0.1193 -0.9899 -0.0769
vn 0.3218 -0.9465 0.0225
vn 0.0314 -0.9973 0.0668
vn 0.0753 -0.9967 0.0314
vn -0.1932 -0.2824 -0.9396
vn -0.0162 -0.9977 -0.0661
vn 0.1002 -0.9944 -0.0323
vn -0.0468 -0.9983 -0.0346
vn -0.1306 -0.9910 0.0288
vn 0.0979 -0.9898 0.1039
vn 0.1765 -0.9841 0.0187
vn 0.1203 -0.9910 0.0585
vn -0.3610 -0.9305 -0.0614
vn 0.0258 -0.9994 0.0226
vn -0.0010 -0.9996 0.0284
vn -0.4738 -0.8804 -0.0220
vn -0.0078 -0.9988 -0.0475
vn 0.0833 -0.9913 -0.1019
vn 0.0240 -0.9995 -0.0204
vn -0.3642 0.4187 -0.8319
vn -0.5306 0.4611 -0.7112
vn -0.5438 0.6468 -0.5348
vn 0.0768 -0.9970 0.0109
vn 0.0044 -0.9995 -0.0309
vn -0.0328 -0.9983 0.0476
vn 0.0404 -0.9963 -0.0761
vn 0.0936 -0.9951 -0.0308
vn 0.1090 -0.9836 -0.1439
vn -0.0535 -0.9974 0.0482
vn 0.0018 -0.9609 -0.2769
vn 0.0110 -0.9880 -0.1541
vn 0.0386 -0.9947 -0.0955
vn -0.0707 -0.1181 -0.9905
vn -0.2750 -0.0444 -0.9604
vn -0.0037 -0.1793 -0.9838
vn -0.2716 -0.1740 -0.9465
vn -0.2184 -0.6783 -0.7016
vn -0.0762 -0.8447 -0.5298
vn -0.1784 -0.7754 -0.6057
vn 0.0658 -0.9484 -0.3102
vn -0.2613 -0.2563 -0.9306
vn -0.3108 -0.2358 -0.9208
vn -0.3976 -0.1966 -0.8963
vn -0.1667 -0.3613 -0.9174
vn -0.0483 -0.0489 -0.9976
vn -0.2864 -0.1065 -0.9522
vn -0.1838 -0.0490 -0.9817
vn -0.1318 -0.1617 -0.9780
vn -0.7026 -0.2197 -0.6769
vn -0.1230 -0.2284 -0.9658
vn -0.3920 -0.4695 -0.7912
vn -0.7005 0.6552 -0.2830
vn -0.7297 0.6602 -0.1779
vn -0.6723 0.7174 -0.1825
vn -0.2874 -0.0711 -0.9552
vn -0.6925 0.7153 -0.0938
vn -0.8711 0.4903 -0.0298
vn -0.7136 0.6909 -0.1156
vn -0.2525 -0.0066 -0.9676
vn -0.3496 -0.3973 -0.8485
vn -0.9070 0.3082 -0.2869
vn -0.6926 0.7003 -0.1729
vn -0.8484 0.4833 -0.2157
vn -0.8231 0.5466 -0.1538
vn -0.0305 -0.9682 -0.2484
vn 0.0175 -0.9956 -0.0922
vn -0.1534 -0.8236 -0.5461
vn -0.5060 0.8439 -0.1782
vn -0.3859 0.8814 -0.2726
vn -0.4978 0.8437 -0.2011
vn -0.1975 0.9415 -0.2732
vn -0.4007 0.0629 -0.9140
vn -0.0119 -0.9999 -0.0106
vn 0.0481 -0.9964 -0.0697
vn -0.3424 -0.9136 -0.2192
vn -0.1909 -0.9678 -0.1642
vn -0.5334 0.8390 -0.1074
vn -0.3268 0.0944 -0.9404
vn -0.4464 0.8255 -0.3453
vn -0.5557 0.7686 -0.3168
vn -0.4058 0.8639 -0.2984
vn -0.5984 0.7742 -0.2062
vn -0.4472 0.8075 -0.3848
vn -0.5011 0.8324 -0.2368
vn -0.4643 0.8227 -0.3279
vn -0.5010 0.8468 -0.1786
vn -0.7571 0.6117 -0.2296
vn -0.7580 0.6215 -0.1980
vn -0.4786 0.8192 -0.3159
vn -0.5695 0.7125 -0.4098
vn -0.4869 0.7390 -0.4655
vn -0.2143 0.9746 -0.0647
vn -0.5626 0.7726 -0.2942
vn -0.5379 0.0617 -0.8407
vn -0.3757 0.8922 -0.2506
vn -0.5361 0.8099 -0.2381
vn -0.0689 0.9674 -0.2437
vn -0.6150 0.6702 -0.4155
vn -0.6127 0.6674 -0.4234
vn -0.3749 0.9062 -0.1956
vn -0.2780 0.9412 -0.1920
vn -0.1206 0.9467 -0.2987
vn -0.5301 0.7841 -0.3227
vn -0.7135 0.6199 -0.3265
vn -0.5785 0.7651 -0.2830
vn -0.5161 0.7736 -0.3677
vn -0.1333 0.9601 -0.2458
vn -0.1031 0.9819 -0.1588
vn -0.2992 0.9001 -0.3168
vn -0.2662 0.8948 -0.3585
vn -0.5521 0.7408 -0.3826
vn -0.6814 0.7006 -0.2120
vn -0.2318 0.9294 -0.2871
vn -0.3072 0.9120 -0.2718
vn -0.2792 0.9256 -0.2556
vn -0.4698 0.7849 -0.4039
vn -0.6759 0.6569 -0.3340
vn -0.7629 0.6347 -0.1227
vn -0.4144 0.8046 -0.4253
vn -0.2629 0.9474 -0.1822
vn -0.1067 0.9768 -0.1858
vn -0.2360 0.0777 -0.9687
vn -0.2144 0.9599 -0.1807
vn -0.5637 0.7610 -0.3211
vn -0.2766 0.5867 -0.7611
vn 0.0204 0.4897 -0.8717
vn -0.5250 0.7155 -0.4609
vn -0.6774 0.6334 -0.3741
vn -0.6956 0.6874 -0.2089
vn -0.6310 -0.0584 -0.7736
vn -0.1156 -0.9535 -0.2783
vn -0.5236 -0.0771 -0.8484
vn -0.4152 -0.1302 -0.9004
vn -0.8060 0.5473 -0.2253
vn -0.8971 0.4062 -0.1736
vn -0.4968 0.7928 -0.3532
vn -0.5988 0.4808 -0.6405
vn -0.4830 0.3883 -0.7848
vn -0.6043 0.2984 -0.7388
vn -0.2725 -0.0615 -0.9602
vn 0.0269 0.5318 -0.8464
vn -0.1170 0.9602 -0.2537
vn -0.6910 0.6925 -0.2075
vn -0.7307 0.6323 -0.2574
vn -0.1220 0.9262 -0.3567
vn -0.0661 0.9650 -0.2538
vn -0.3136 0.8779 -0.3618
vn -0.5986 0.6447 -0.4754
vn -0.7012 0.6378 -0.3187
vn -0.4819 0.7457 -0.4600
vn -0.7373 0.5567 -0.3826
vn -0.2116 -0.9364 -0.2801
vn -0.7410 0.5999 -0.3016
vn -0.7229 0.5724 -0.3870
vn 0.1209 0.9408 -0.3167
vn -0.8015 0.4512 -0.3924
vn -0.3004 0.9474 -0.1106
vn -0.2619 0.8243 -0.5019
vn 0.1407 0.0938 -0.9856
vn -0.1425 0.8546 -0.4993
vn -0.2682 0.8180 -0.5088
vn -0.6318 0.3927 -0.6682
vn -0.7049 0.2052 -0.6789
vn -0.7596 0.0998 -0.6427
vn -0.3187 -0.8918 -0.3211
vn 0.1347 0.8749 -0.4653
vn 0.0472 -0.9931 0.1077
vn -0.0474 -0.9976 -0.0514
vn -0.7787 0.4712 -0.4143
vn -0.0776 0.4954 -0.8652
vn -0.3288 0.7404 -0.5863
vn -0.3114 0.8117 -0.4942
vn -0.3620 0.7265 -0.5840
vn 0.0448 0.9657 -0.2559
vn 0.1525 0.7431 -0.6516
vn -0.7739 0.4283 -0.4664
vn -0.7807 0.5717 -0.2525
vn -0.7301 0.5334 -0.4272
vn -0.6668 0.6244 -0.4068
vn -0.5334 0.5655 -0.6290
vn -0.7008 0.5325 -0.4746
vn -0.4714 0.6969 -0.5404
vn -0.3304 0.9434 -0.0300
vn -0.6075 0.5805 -0.5422
vn -0.3349 0.7785 -0.5308
vn -0.2348 0.7818 -0.5776
vn -0.3741 0.7339 -0.5669
vn -0.2019 0.3654 -0.9087
vn -0.3477 0.1737 -0.9214
vn -0.0393 0.2249 -0.9736
vn -0.2719 0.8455 -0.4595
vn -0.3027 0.8246 -0.4780
vn -0.3699 0.8842 -0.2852
vn -0.4185 0.0594 -0.9063
vn -0.4835 0.1992 -0.8524
vn -0.4257 0.9039 -0.0422
vn -0.3855 0.9196 -0.0758
vn -0.2530 0.8309 -0.4956
vn -0.7640 0.6436 -0.0470
vn -0.3116 0.8635 -0.3966
vn -0.3554 0.9144 -0.1938
vn -0.5938 0.8005 -0.0809
vn -0.3568 0.9315 0.0703
vn -0.6022 0.7862 -0.1388
vn -0.3945 0.8917 -0.2220
vn -0.4162 0.7355 -0.5346
vn -0.7870 0.5814 -0.2064
vn -0.3002 0.8174 -0.4917
vn -0.1876 0.7657 -0.6152
vn -0.8194 0.5715 -0.0454
vn -0.7526 0.6409 -0.1511
vn -0.7182 0.6929 -0.0642
vn -0.4321 0.8829 -0.1838
vn -0.8139 0.5668 -0.1273
vn -0.8369 0.4890 -0.2458
vn -0.7096 0.6661 -0.2297
vn -0.8059 0.5417 -0.2389
vn 0.1159 -0.9914 0.0615
vn -0.7042 0.6899 -0.1678
vn -0.1832 0.9268 -0.3279
vn -0.7983 0.5739 -0.1829
vn -0.6652 0.7083 -0.2363
vn -0.6929 0.6362 -0.3392
vn -0.8309 0.4251 -0.3590
vn -0.6844 0.6443 -0.3413
vn -0.7832 0.4790 -0.3963
vn -0.7342 0.6113 -0.2954
vn -0.7577 0.5385 -0.3688
vn -0.5034 0.7741 -0.3839
vn -0.7322 0.5492 -0.4028
vn -0.5076 0.6278 -0.5901
vn -0.3667 0.7241 -0.5842
vn -0.8089 0.4311 -0.3997
vn -0.7030 0.4843 -0.5208
vn -0.7949 0.4753 -0.3772
vn -0.7350 0.4556 -0.5022
vn -0.8005 0.3488 -0.4873
vn -0.3246 0.7550 -0.5697
vn -0.2793 0.7560 -0.5919
vn -0.3469 0.7597 -0.5500
vn -0.2635 0.8210 -0.5065
vn -0.3717 0.8108 -0.4522
vn -0.7500 0.3572 -0.5567
vn -0.5234 0.5185 -0.6761
vn -0.5150 0.5803 -0.6309
vn -0.6163 0.4620 -0.6377
vn -0.4876 0.5439 -0.6830
vn -0.6467 0.4973 -0.5783
vn -0.7041 0.4670 -0.5349
vn -0.3521 0.7176 -0.6009
vn -0.4934 0.6126 -0.6175
vn -0.6873 0.4772 -0.5476
vn -0.6044 0.3316 -0.7244
vn -0.4978 0.1603 -0.8524
vn -0.6026 0.4587 -0.6531
vn -0.0946 0.6905 -0.7171
vn -0.2711 0.6424 -0.7169
vn -0.4185 0.4365 -0.7965
vn -0.7172 -0.1956 -0.6689
vn -0.6146 0.4113 -0.6731
vn -0.4110 0.8934 -0.1818
vn -0.3289 0.9320 -0.1524
vn -0.3954 0.4483 -0.8017
vn -0.4563 0.4440 -0.7711
vn -0.6521 0.7355 -0.1840
vn -0.2986 0.5133 -0.8046
vn -0.2590 0.9574 -0.1280
vn -0.6641 0.6909 -0.2857
vn -0.2162 0.9593 -0.1819
vn -0.5367 0.1791 -0.8245
vn -0.5074 0.7163 -0.4789
vn -0.2645 0.8867 -0.3792
vn -0.3816 0.9039 -0.1931
vn -0.6884 0.7113 -0.1418
vn -0.5805 0.7811 -0.2301
vn -0.3449 0.8237 -0.4500
vn -0.6917 0.7027 -0.1667
vn -0.4775 0.7755 -0.4129
vn -0.4777 0.8507 -0.2193
vn -0.5345 0.6823 -0.4988
vn -0.5221 0.7359 -0.4310
vn -0.8958 0.4082 -0.1757
vn -0.0942 0.1672 -0.9814
vn -0.8472 0.4146 -0.3321
vn -0.4767 0.7409 -0.4731
vn -0.4660 0.7806 -0.4165
vn -0.5078 0.8427 -0.1790
vn -0.6802 0.5406 -0.4950
vn -0.4291 0.8412 -0.3291
vn -0.6205 0.6439 -0.4477
vn -0.3034 0.3559 -0.8839
vn -0.7546 0.5747 -0.3168
vn -0.8003 0.5365 -0.2679
vn -0.6684 0.6437 -0.3727
vn -0.4629 0.7656 -0.4467
vn -0.4535 0.7796 -0.4319
vn -0.3699 0.7721 -0.5167
vn -0.4206 0.8227 -0.3824
vn -0.2415 0.8652 -0.4395
vn -0.6654 0.6328 -0.3961
vn -0.7293 0.5846 -0.3555
vn -0.7567 0.5281 -0.3854
vn -0.6788 0.4930 -0.5442
vn -0.6209 0.5885 -0.5178
vn -0.7365 0.4618 -0.4943
vn -0.6168 0.5312 -0.5808
vn -0.3769 0.7335 -0.5656
vn -0.3015 0.8262 -0.4760
vn -0.7845 0.5170 -0.3424
vn -0.5406 0.6940 -0.4755
vn -0.5282 0.6703 -0.5213
vn -0.2608 0.8573 -0.4440
vn -0.4142 0.6728 -0.6131
vn -0.6617 0.5130 -0.5468
vn -0.6116 0.6051 -0.5097
vn -0.5649 0.5420 -0.6222
vn -0.4934 0.7255 -0.4797
vn -0.3615 0.7532 -0.5495
vn -0.4345 0.7138 -0.5493
vn -0.5748 0.6319 -0.5200
vn -0.7228 0.5236 -0.4510
vn -0.6868 0.5045 -0.5232
vn -0.2668 0.6431 -0.7178
vn -0.5905 0.5884 -0.5523
vn -0.8417 0.3102 -0.4420
vn -0.2486 0.7988 -0.5478
vn -0.1597 0.8259 -0.5406
vn -0.4284 0.6903 -0.5831
vn -0.3061 0.6201 -0.7224
vn -0.5691 0.6318 -0.5262
vn -0.5316 0.5377 -0.6544
vn -0.4894 0.5813 -0.6501
vn -0.6206 0.5508 -0.5580
vn -0.6158 0.5145 -0.5967
vn -0.7337 0.5198 -0.4376
vn -0.0221 0.6303 -0.7761
vn -0.6790 0.3150 -0.6632
vn -0.3794 0.4181 -0.8254
vn -0.5328 0.3798 -0.7562
vn -0.4034 -0.4245 -0.8106
vn -0.6810 0.4874 -0.5465
vn -0.8143 0.3712 -0.4461
vn -0.3104 0.7554 -0.5771
vn -0.2409 0.6398 -0.7298
vn -0.5305 0.4692 -0.7060
vn -0.4430 0.6892 -0.5734
vn -0.4812 0.4993 -0.7205
vn -0.3027 0.2731 -0.9131
vn -0.1555 0.5438 -0.8247
vn -0.4042 -0.0148 -0.9146
vn -0.3139 0.6720 -0.6707
vn -0.4295 0.6980 -0.5730
vn -0.3041 0.4305 -0.8498
vn -0.4361 0.5820 -0.6864
vn -0.0114 0.3902 -0.9207
vn -0.5209 0.2558 -0.8144
vn -0.7567 0.2620 -0.5990
vn -0.2905 0.0115 -0.9568
vn -0.4614 0.4716 -0.7515
vn -0.6236 0.4999 -0.6010
vn -0.2520 0.7534 -0.6073
vn -0.0012 0.8517 -0.5240
vn -0.4361 0.1807 -0.8816
vn -0.5479 0.4147 -0.7266
vn -0.4674 0.5185 -0.7161
vn -0.4904 0.0408 -0.8705
vn 0.2654 0.5610 -0.7842
vn -0.5090 0.6208 -0.5963
vn -0.1488 0.7890 -0.5961
vn -0.2049 0.0846 -0.9751
vn -0.4106 -0.0555 -0.9101
vn -0.1257 0.5786 -0.8058
vn -0.6334 0.4608 -0.6217
vn -0.5413 0.4622 -0.7024
vn -0.3353 0.6433 -0.6883
vn 0.0312 0.5935 -0.8043
vn -0.4919 0.6182 -0.6130
vn -0.4612 0.5498 -0.6964
vn -0.2059 0.0107 -0.9785
vn -0.5366 -0.1537 -0.8297
vn -0.6310 -0.3007 -0.7151
vn -0.5817 0.3177 -0.7488
vn -0.4282 -0.1062 -0.8974
vn -0.3358 -0.1348 -0.9322
vn -0.4577 0.1914 -0.8683
vn -0.5542 0.4128 -0.7228
vn -0.4211 0.2916 -0.8589
vn -0.5106 0.0168 -0.8596
vn -0.5554 0.0511 -0.8300
vn -0.1656 0.5164 -0.8402
vn -0.0021 0.4370 -0.8995
vn -0.0670 0.6123 -0.7878
vn -0.4794 0.4977 -0.7228
vn -0.4037 0.2637 -0.8760
vn -0.3819 0.4378 -0.8139
vn -0.7362 0.2705 -0.6204
vn 0.1725 -0.9792 -0.1067
vn -0.1090 -0.9685 -0.2239
vn -0.4649 -0.8201 -0.3335
vn -0.5133 -0.7799 -0.3580
vn -0.3699 -0.8788 -0.3015
vn -0.2015 0.2426 -0.9490
vn -0.4882 0.0532 -0.8711
vn -0.3921 0.2037 -0.8971
vn -0.5104 0.3205 -0.7980
vn -0.5857 0.3201 -0.7446
vn -0.2259 0.5033 -0.8340
vn -0.2672 0.4456 -0.8545
vn -0.1379 0.4304 -0.8920
vn -0.0239 -0.9986 0.0464
vn -0.3992 0.4024 -0.8239
vn -0.6120 0.2987 -0.7323
vn -0.5323 0.3225 -0.7827
vn -0.3129 0.1494 -0.9380
vn -0.0495 -0.9988 0.0007
vn -0.5791 0.1549 -0.8004
vn -0.1148 0.3853 -0.9156
vn -0.6750 0.0242 -0.7374
vn -0.4844 0.1772 -0.8567
vn -0.7093 0.1434 -0.6902
vn -0.2034 0.4087 -0.8897
vn -0.3555 0.3106 -0.8816
vn -0.3894 0.4658 -0.7946
vn -0.6466 0.1598 -0.7459
vn -0.4803 0.0973 -0.8717
vn -0.2311 0.2586 -0.9379
vn -0.4877 0.2203 -0.8447
vn -0.2591 0.2715 -0.9269
vn -0.4565 0.2377 -0.8574
vn -0.6472 -0.1363 -0.7500
vn -0.3758 0.4612 -0.8038
vn -0.2171 0.3098 -0.9257
vn -0.4537 0.1282 -0.8819
vn -0.2146 0.3928 -0.8942
vn -0.5085 0.3168 -0.8007
vn -0.2522 0.1280 -0.9592
vn -0.3925 0.1042 -0.9138
vn -0.0826 0.2585 -0.9625
vn -0.4756 0.1466 -0.8673
vn -0.2011 0.1124 -0.9731
vn 0.0498 -0.9987 0.0103
vn -0.3617 0.2553 -0.8966
vn -0.4175 0.1872 -0.8892
vn -0.9481 0.0010 -0.3181
vn -0.4066 0.2667 -0.8738
vn -0.5987 0.1878 -0.7787
vn -0.6017 0.2070 -0.7714
vn -0.5332 0.2796 -0.7985
vn -0.6020 0.3790 -0.7028
vn -0.5316 -0.1063 -0.8403
vn -0.5684 0.1059 -0.8159
vn -0.5001 0.1354 -0.8553
vn -0.1846 -0.9741 -0.1310
vn -0.8420 0.2800 -0.4611
vn -0.8254 0.4558 -0.3330
vn -0.7068 0.5388 -0.4584
vn -0.1217 -0.9925 0.0072
vn 0.0692 -0.9823 -0.1743
vn -0.0122 -0.9619 -0.2731
vn -0.5772 0.7276 -0.3706
vn -0.1547 -0.9340 -0.3220
vn 0.0420 -0.9942 -0.0985
vn 0.0614 -0.9981 0.0074
vn 0.0140 -0.9930 0.1169
vn -0.6240 0.6827 -0.3803
vn -0.0374 -0.9980 -0.0502
vn -0.8719 0.4878 0.0422
vn -0.8181 0.5748 -0.0178
vn -0.8399 0.5333 0.1007
vn 0.1936 -0.9805 -0.0347
vn -0.1205 -0.9723 -0.2001
vn -0.8153 0.5783 0.0296
vn -0.9557 0.0026 -0.2944
vn -0.4274 0.8951 -0.1267
vn -0.6805 0.7308 -0.0542
vn -0.8952 0.3180 -0.3124
vn -0.7031 -0.1023 -0.7037
vn -0.4712 -0.0301 -0.8815
vn -0.3915 -0.1356 -0.9101
vn -0.4524 0.8903 0.0516
vn -0.8899 0.4009 -0.2176
vn -0.3874 0.8610 0.3296
vn -0.5626 0.8063 -0.1827
vn -0.4836 0.8611 -0.1571
vn -0.1303 -0.9496 -0.2851
vn -0.5669 0.8198 0.0804
vn -0.8308 0.5267 0.1796
vn -0.5457 0.7774 -0.3128
vn -0.6055 0.7555 -0.2502
vn -0.7913 0.6048 -0.0902
vn -0.9497 0.1677 -0.2646
vn -0.5765 0.0984 -0.8112
vn -0.5127 0.1580 -0.8439
vn -0.6729 0.7263 -0.1403
vn -0.9271 0.2297 -0.2962
vn -0.8277 0.5122 -0.2294
vn -0.8503 0.2538 -0.4611
vn -0.7839 0.4094 -0.4668
vn -0.3438 0.9098 -0.2328
vn -0.6981 0.6090 -0.3766
vn -0.6826 0.5896 -0.4318
vn -0.8546 -0.2875 -0.4324
vn -0.6417 0.4821 0.5966
vn -0.8497 0.3404 -0.4026
vn -0.7378 0.5827 0.3408
vn -0.5450 0.5595 0.6244
vn -0.5875 0.7740 -0.2363
vn -0.7486 0.5650 -0.3470
vn -0.5706 0.7358 0.3647
vn -0.7851 0.0480 -0.6175
vn -0.7281 0.4978 -0.4712
vn -0.6325 0.5675 -0.5272
vn -0.8585 -0.1416 -0.4929
vn -0.8561 -0.3915 -0.3373
vn -0.7290 0.5278 0.4358
vn -0.8244 0.5272 0.2059
vn -0.6880 0.6966 0.2032
vn -0.8768 0.4094 0.2524
vn -0.9257 0.3587 0.1203
vn -0.9256 0.3466 0.1521
vn -0.3745 0.8930 -0.2494
vn -0.6552 0.6180 -0.4345
vn -0.6949 0.5777 0.4282
vn -0.5987 0.5825 0.5497
vn -0.9222 0.3630 0.1334
vn -0.8814 0.3161 0.3511
vn -0.7226 0.5859 0.3667
vn -0.9295 0.3675 0.0320
vn -0.8268 0.5624 0.0142
vn -0.9163 0.3775 0.1338
vn -0.8047 0.4753 0.3558
vn -0.8283 0.5253 0.1951
vn -0.7144 0.6969 -0.0625
vn -0.7954 0.5568 -0.2393
vn -0.7144 0.6041 0.3532
vn -0.7809 0.3715 -0.5022
vn -0.7781 0.5276 -0.3409
vn -0.6530 0.3197 -0.6865
vn -0.8350 0.3770 -0.4009
vn -0.8995 0.4333 0.0552
vn -0.9129 0.2710 -0.3052
vn -0.7586 0.1964 -0.6213
vn -0.9589 0.2830 -0.0176
vn -0.7609 0.1238 -0.6369
vn -0.4269 0.7789 -0.4594
vn -0.3908 0.7487 -0.5355
vn -0.7429 0.4119 -0.5277
vn -0.7376 0.2889 -0.6103
vn -0.6933 0.2818 -0.6632
vn -0.6675 -0.6000 -0.4409
vn -0.6015 -0.6890 -0.4044
vn -0.7061 0.1535 -0.6913
vn -0.6290 0.3550 -0.6916
vn -0.6231 0.3232 -0.7123
vn -0.6352 0.5529 -0.5393
vn -0.8198 -0.0569 -0.5698
vn -0.5813 0.3704 -0.7245
vn -0.1754 0.8757 -0.4498
vn -0.6743 0.1854 -0.7148
vn -0.6257 0.1986 -0.7544
vn -0.3441 0.6027 -0.7200
vn -0.6701 0.2685 -0.6920
vn -0.6400 0.0135 -0.7682
vn -0.4559 0.3389 -0.8230
vn -0.5943 -0.0218 -0.8040
vn -0.5774 0.2020 -0.7911
vn -0.6229 0.0259 -0.7819
vn -0.2579 0.6866 -0.6798
vn -0.7206 -0.1263 -0.6818
vn -0.5566 0.2846 -0.7805
vn -0.0498 0.7366 -0.6745
vn -0.8459 0.2999 -0.4410
vn -0.4632 0.2181 -0.8590
vn -0.5798 0.1970 -0.7906
vn -0.7213 0.2777 -0.6345
vn -0.1848 -0.9517 -0.2453
vn -0.5520 -0.0482 -0.8324
vn -0.7760 0.2316 -0.5866
vn 0.0590 0.5079 -0.8594
vn -0.1959 0.1685 -0.9661
vn -0.5802 -0.0987 -0.8085
vn -0.6035 0.0360 -0.7965
vn -0.6201 0.1320 -0.7734
vn -0.7328 0.0176 -0.6802
vn -0.1114 0.2556 -0.9603
vn -0.3457 0.1409 -0.9277
vn -0.5658 -0.0938 -0.8192
vn -0.4908 -0.2191 -0.8433
vn 0.0359 0.2496 -0.9677
vn -0.3846 0.0042 -0.9231
vn -0.2263 0.1605 -0.9607
vn -0.5500 -0.3407 -0.7625
vn -0.3431 -0.0599 -0.9374
vn -0.2917 0.0920 -0.9521
vn -0.4779 -0.1691 -0.8620
vn 0.2249 0.2296 -0.9470
vn -0.5940 -0.0794 -0.8005
vn 0.1503 0.1429 -0.9783
vn -0.3617 -0.1672 -0.9172
vn -0.1367 0.0121 -0.9905
vn -0.3012 -0.1325 -0.9443
vn -0.4363 -0.1369 -0.8893
vn 0.2219 -0.0379 -0.9743
vn -0.4851 -0.4300 -0.7615
vn -0.8623 0.4286 0.2697
vn -0.8306 0.5125 0.2176
vn -0.9641 0.2279 0.1361
vn -0.3891 -0.1952 -0.9003
vn -0.9370 0.1013 0.3344
vn -0.9909 0.0755 0.1111
vn -0.0853 -0.9959 0.0306
vn -0.8816 0.0735 0.4662
vn -0.9073 0.3542 0.2265
vn 0.0209 -0.0994 -0.9948
vn -0.4582 -0.5778 0.6755
vn -0.0264 -0.9455 0.3245
vn -0.2822 -0.9212 0.2677
vn -0.8935 0.1866 0.4085
vn -0.9788 0.1939 -0.0654
vn -0.9788 -0.1730 0.1094
vn -0.5322 -0.8055 -0.2606
vn 0.2769 -0.8566 -0.4354
vn -0.1291 -0.9912 -0.0276
vn -0.4926 0.7181 -0.4916
vn -0.1163 -0.9915 0.0586
vn -0.1792 -0.9741 0.1382
vn -0.9162 -0.3159 0.2467
vn -0.5738 -0.7885 -0.2213
vn -0.8280 -0.5580 0.0558
vn -0.2615 -0.9416 0.2121
vn -0.3579 -0.9207 -0.1557
vn -0.3838 -0.9208 0.0691
vn -0.4111 -0.8737 -0.2603
vn -0.0567 -0.9966 0.0591
vn 0.0117 -0.9937 0.1113
vn -0.9610 0.1632 0.2235
vn -0.2183 -0.9730 -0.0749
vn -0.2176 -0.9742 -0.0597
vn -0.0362 -0.9961 0.0801
vn -0.1187 -0.0701 0.9905
vn -0.0076 -0.7471 0.6647
vn -0.3244 -0.9091 -0.2614
vn -0.9149 0.0282 -0.4026
vn -0.8403 -0.3813 -0.3853
vn -0.7373 -0.0697 -0.6720
vn -0.5315 -0.7799 -0.3307
vn -0.5765 -0.4349 -0.6918
vn -0.7481 0.0231 -0.6632
vn -0.7124 -0.0457 -0.7003
vn -0.0408 -0.9990 -0.0201
vn -0.2827 -0.9137 -0.2919
vn -0.4040 -0.9057 -0.1281
vn -0.2330 -0.9634 -0.1329
vn -0.1574 -0.9871 -0.0302
vn -0.0480 -0.9985 -0.0274
vn -0.0949 -0.9925 -0.0771
vn -0.2865 -0.9420 -0.1745
vn -0.5025 -0.6409 -0.5803
vn -0.0899 -0.9936 0.0676
vn -0.4178 -0.9055 -0.0744
vn -0.3162 -0.9366 -0.1508
vn -0.2517 -0.9375 -0.2403
vn -0.0214 -0.9996 0.0181
vn 0.0348 -0.9992 -0.0198
vn -0.0243 -0.9986 0.0470
vn -0.7608 -0.0807 -0.6439
vn 0.1634 -0.9763 -0.1417
vn 0.0156 -0.9996 -0.0229
vn -0.2005 -0.9788 -0.0414
vn -0.1001 -0.9934 0.0567
vn 0.0134 -0.9971 0.0753
vn 0.0070 -0.9979 0.0642
vn -0.0127 -0.9998 -0.0160
vn -0.0526 -0.9922 0.1127
vn 0.0894 -0.9918 -0.0913
vn -0.2225 -0.9735 -0.0523
vn -0.1059 -0.9942 -0.0164
vn -0.1774 -0.9822 0.0620
vn 0.0708 -0.9971 -0.0293
vn 0.1032 -0.9779 -0.1818
vn 0.1059 -0.9753 -0.1940
vn 0.1106 -0.9882 -0.1059
vn 0.0538 -0.9984 -0.0141
vn 0.2141 -0.9518 -0.2198
vn 0.0272 -0.9992 -0.0309
vn 0.2011 -0.9572 -0.2080
vn -0.7627 0.0608 -0.6439
vn -0.0312 -0.9953 0.0913
vn -0.4624 -0.4732 -0.7499
vn -0.4744 -0.4415 -0.7616
vn -0.5515 -0.3967 -0.7338
vn -0.5419 -0.5197 -0.6606
vn -0.5078 -0.4645 -0.7255
vn -0.5748 -0.6605 -0.4831
vn -0.3970 -0.0989 -0.9125
vn -0.3667 -0.8114 -0.4551
vn -0.5310 -0.3060 -0.7902
vn -0.4067 -0.2301 -0.8841
vn -0.3590 -0.6029 -0.7125
vn -0.2551 -0.5856 -0.7694
vn -0.4718 -0.7891 -0.3933
vn -0.3366 -0.3135 -0.8879
vn -0.0830 -0.6758 -0.7324
vn 0.0829 -0.9539 -0.2886
vn -0.2873 -0.5958 -0.7500
vn -0.3855 -0.5138 -0.7664
vn -0.1326 -0.9906 -0.0331
vn -0.2367 -0.3356 -0.9118
vn 0.0773 -0.9927 -0.0930
vn 0.5098 -0.6676 -0.5426
vn 0.1618 -0.9644 -0.2093
vn -0.4138 -0.4069 -0.8144
vn 0.3204 -0.2663 -0.9091
vn -0.3930 -0.9062 -0.1561
vn 0.0771 -0.4561 -0.8866
vn -0.0955 -0.3907 -0.9156
vn -0.0172 -0.3790 -0.9252
vn 0.0332 -0.8909 -0.4530
vn 0.1616 -0.9311 -0.3271
vn -0.0183 -0.7648 -0.6440
vn -0.1650 -0.9796 -0.1144
vn 0.3472 -0.9023 0.2556
vn -0.0816 -0.9967 -0.0044
vn 0.0376 -0.9989 0.0287
vn -0.0468 -0.9961 0.0755
vn 0.0987 -0.9858 0.1357
vn -0.1568 -0.9874 0.0217
vn -0.1077 -0.9383 -0.3285
vn 0.0774 -0.9942 -0.0741
vn 0.1062 -0.9859 0.1297
vn 0.0779 -0.9868 0.1417
vn -0.7725 0.2807 -0.5696
vn -0.0098 0.4985 0.8668
vn 0.0359 0.0763 0.9964
vn 0.0012 0.4969 0.8678
vn 0.1008 0.2904 -0.9516
vn 0.1780 0.0434 -0.9831
vn -0.0143 0.0680 -0.9976
vn -0.5001 0.7521 0.4292
vn -0.1515 0.7862 0.5991
vn 0.0366 0.8245 0.5647
vn -0.0614 -0.6955 -0.7159
vn 0.1143 -0.8319 -0.5431
vn 0.2029 -0.7232 -0.6601
vn 0.1650 -0.1471 -0.9753
vn 0.1269 -0.0174 -0.9918
vn 0.0511 0.1892 -0.9806
vn -0.4123 0.6493 0.6391
vn 0.1232 0.1325 0.9835
vn 0.0668 0.1743 0.9824
vn -0.6087 0.6708 0.4238
vn -0.0255 0.7642 0.6445
vn 0.7104 -0.1742 -0.6819
vn 0.9808 0.1632 0.1067
vn 0.9951 0.0474 0.0873
vn -0.2156 0.6292 0.7468
vn 0.0895 0.2832 0.9549
vn 0.1284 0.3425 0.9307
vn 0.1211 0.3045 0.9448
vn 0.0521 0.3850 0.9214
vn 0.0361 0.5713 0.8200
vn -0.0549 0.4572 0.8877
vn -0.7055 0.6162 0.3500
vn 0.2360 0.2457 0.9402
vn 0.0980 0.7860 0.6104
vn 0.0751 0.8169 0.5719
vn 0.4536 0.3282 -0.8286
vn 0.4778 0.2737 -0.8348
vn 0.5572 0.2562 -0.7898
vn 0.0854 0.3512 0.9324
vn 0.0892 0.4067 0.9092
vn 0.1303 -0.7113 -0.6907
vn 0.3010 -0.7233 -0.6215
vn 0.1935 -0.8465 -0.4959
vn 0.6290 -0.1178 -0.7684
vn 0.3249 -0.0130 -0.9457
vn 0.6400 -0.0716 -0.7650
vn -0.5985 0.6922 0.4033
vn 0.0311 0.2704 0.9623
vn 0.7009 -0.3180 -0.6385
vn -0.0334 0.4176 0.9080
vn 0.5451 -0.0683 -0.8356
vn 0.0806 -0.2036 -0.9757
vn 0.6358 -0.6290 -0.4474
vn 0.5959 -0.6693 -0.4438
vn 0.3172 -0.6172 -0.7200
vn 0.1015 0.2515 0.9625
vn -0.0325 0.6648 0.7463
vn 0.2679 0.3687 -0.8901
vn 0.6063 -0.0177 -0.7951
vn 0.0422 0.6452 0.7629
vn 0.4777 0.3386 -0.8106
vn -0.0704 0.5245 0.8485
vn 0.0578 0.6823 0.7288
vn -0.0555 0.5545 0.8304
vn 0.2162 0.5170 0.8282
vn 0.2734 -0.9409 0.1997
vn -0.2431 -0.9686 0.0519
vn 0.0629 -0.9707 -0.2319
vn 0.0481 -0.9988 0.0021
vn 0.0880 0.6046 0.7917
vn 0.3671 0.3482 -0.8625
vn 0.4973 0.0322 -0.8670
vn 0.5214 0.1348 -0.8426
vn 0.0708 -0.8977 -0.4348
vn 0.0705 -0.9879 0.1380
vn 0.2485 0.5572 0.7923
vn -0.0808 -0.9675 -0.2396
vn 0.0241 -0.9828 -0.1828
vn -0.0627 -0.9044 -0.4221
vn -0.0778 0.4935 0.8663
vn 0.9713 0.1339 0.1967
vn 0.2487 0.3757 -0.8927
vn -0.0233 0.3615 -0.9321
vn 0.2702 0.1348 -0.9533
vn -0.0641 0.8881 0.4551
vn 0.1613 0.6378 0.7532
vn 0.5990 0.2481 -0.7614
vn 0.5291 0.0933 -0.8434
vn 0.0046 -0.4059 -0.9139
vn 0.3099 -0.4576 -0.8334
vn 0.0330 -0.3178 -0.9476
vn 0.0570 -0.9949 -0.0837
vn -0.1479 -0.9875 -0.0544
vn 0.0514 -0.9947 -0.0887
vn -0.3311 0.8482 0.4134
vn 0.1293 0.8959 0.4249
vn -0.0178 0.9393 0.3426
vn 0.0711 -0.9946 0.0760
vn 0.0637 -0.6185 -0.7832
vn 0.2046 -0.6043 -0.7700
vn 0.1167 -0.6726 -0.7308
vn 0.4558 0.4813 -0.7487
vn 0.8668 0.2466 -0.4334
vn 0.7948 0.1632 -0.5845
vn 0.7454 0.4425 -0.4986
vn 0.3457 0.8067 0.4793
vn 0.0609 0.9011 0.4292
vn 0.1810 -0.5848 -0.7907
vn -0.1162 -0.6983 -0.7063
vn -0.2145 -0.5964 -0.7735
vn 0.2531 -0.9091 -0.3308
vn -0.5545 0.7567 0.3462
vn -0.0958 0.9468 0.3071
vn -0.4843 0.8538 0.1911
vn -0.4945 0.8169 0.2968
vn -0.6053 0.7405 0.2920
vn -0.1106 0.9017 0.4180
vn 0.7292 0.5876 -0.3507
vn -0.1148 -0.7827 -0.6117
vn -0.0339 -0.6914 -0.7217
vn -0.6202 0.6811 0.3892
vn -0.4413 0.8133 0.3792
vn 0.4491 0.4828 -0.7518
vn 0.2934 0.4654 -0.8350
vn -0.1276 -0.7779 -0.6153
vn 0.1197 -0.7434 -0.6580
vn -0.0182 -0.7796 -0.6260
vn 0.1298 -0.9013 -0.4132
vn 0.0358 -0.9664 -0.2545
vn 0.2219 -0.9310 -0.2898
vn 0.0782 -0.7515 -0.6551
vn 0.1446 -0.8641 -0.4820
vn 0.3119 -0.8108 -0.4953
vn 0.1915 -0.5747 -0.7957
vn 0.0879 -0.5134 -0.8536
vn 0.3655 -0.5987 -0.7127
vn 0.2593 -0.8987 -0.3537
vn -0.0032 -0.9766 -0.2149
vn -0.1806 -0.9735 0.1406
vn 0.0716 0.4366 -0.8968
vn 0.2463 -0.8637 -0.4397
vn 0.2388 -0.7701 -0.5915
vn 0.4643 -0.7648 -0.4467
vn 0.0154 -0.6799 -0.7332
vn -0.0732 -0.4982 -0.8640
vn 0.0749 -0.1139 -0.9907
vn 0.0698 -0.9307 -0.3591
vn -0.0224 -0.9997 -0.0137
vn -0.0047 -0.9996 -0.0285
vn 0.0083 -0.9999 0.0105
vn -0.0791 -0.3570 -0.9307
vn -0.0321 -0.9976 -0.0611
vn -0.0334 -0.6219 -0.7824
vn 0.3582 -0.7310 -0.5808
vn -0.5664 0.8125 0.1378
vn -0.1033 0.9770 0.1866
vn -0.0030 -0.9668 -0.2556
vn 0.1820 0.9296 0.3204
vn -0.0171 -0.8224 -0.5686
vn -0.0132 -0.9177 -0.3970
vn 0.0780 -0.9273 -0.3661
vn -0.0072 -0.9364 -0.3508
vn -0.0398 -0.9623 -0.2691
vn 0.3461 -0.4187 -0.8396
vn 0.2651 -0.5903 -0.7624
vn 0.1682 0.9177 0.3599
vn 0.3668 -0.7606 -0.5357
vn 0.4109 -0.7369 -0.5368
vn 0.5340 -0.7311 -0.4246
vn -0.2300 -0.3828 -0.8948
vn 0.3839 -0.7813 -0.4921
vn 0.2054 -0.6732 -0.7103
vn 0.2125 -0.5247 -0.8243
vn -0.0426 -0.6286 -0.7766
vn 0.0305 -0.5447 -0.8380
vn 0.3304 -0.7703 -0.5454
vn 0.0135 -0.9632 -0.2685
vn -0.1711 -0.0015 -0.9853
vn 0.1019 -0.9196 -0.3794
vn 0.0200 -0.6115 -0.7910
vn -0.1827 -0.9831 0.0123
vn 0.0468 0.9857 0.1618
vn 0.1281 0.9917 0.0063
vn -0.2063 0.9727 0.1059
vn 0.2469 0.9681 0.0421
vn 0.1070 0.8459 0.5224
vn 0.5555 -0.6344 -0.5375
vn 0.4368 -0.6298 -0.6423
vn 0.0525 0.7940 0.6056
vn -0.5885 0.8055 0.0700
vn -0.5444 0.8375 0.0465
vn -0.3906 0.9193 0.0482
vn -0.1466 0.9879 0.0512
vn -0.3084 0.9475 0.0844
vn 0.0622 0.9965 0.0563
vn 0.4703 -0.6043 -0.6432
vn -0.5615 0.8273 -0.0157
vn -0.0461 -0.7114 -0.7013
vn -0.2364 -0.7805 -0.5787
vn 0.4259 0.7833 0.4528
vn 0.2900 0.7998 0.5256
vn 0.2415 0.8198 0.5192
vn -0.0812 0.3144 0.9458
vn 0.0639 0.4700 0.8804
vn 0.2311 0.3735 -0.8984
vn 0.4005 -0.1125 -0.9094
vn -0.0349 0.2772 -0.9602
vn 0.3901 -0.8193 -0.4201
vn 0.3881 -0.8218 -0.4171
vn 0.1600 -0.9319 -0.3257
vn 0.1594 -0.9713 -0.1768
vn -0.0026 -0.9376 -0.3478
vn 0.4721 -0.2545 -0.8440
vn 0.4621 -0.2437 -0.8527
vn 0.4959 -0.0810 -0.8646
vn 0.0373 -0.7088 -0.7044
vn 0.2779 -0.5726 -0.7713
vn -0.1470 -0.7794 -0.6090
vn -0.0702 -0.7974 -0.5993
vn -0.0099 -0.1959 -0.9806
vn -0.2787 -0.0101 -0.9603
vn 0.2599 -0.7370 -0.6239
vn 0.1829 -0.8678 -0.4620
vn 0.0949 0.8362 0.5402
vn 0.3839 0.8256 0.4136
vn 0.0286 -0.5333 -0.8454
vn 0.3150 -0.9429 -0.1085
vn 0.3161 -0.9487 0.0075
vn -0.0000 -0.9993 0.0362
vn 0.4227 0.4988 0.7567
vn 0.1363 -0.9459 -0.2944
vn 0.0957 -0.8553 -0.5093
vn 0.1603 0.2736 0.9484
vn 0.7707 0.5698 0.2852
vn 0.2578 0.5064 0.8228
vn 0.2419 0.2330 0.9419
vn 0.3212 0.3993 0.8587
vn 0.0380 0.4003 0.9156
vn 0.6170 0.6990 0.3614
vn 0.6344 0.5919 0.4971
vn 0.2146 -0.8878 -0.4070
vn 0.1216 -0.9462 -0.2997
vn -0.1703 0.4056 0.8981
vn -0.0841 -0.7814 -0.6183
vn 0.0417 0.3783 0.9247
vn 0.5163 0.1522 0.8428
vn 0.1177 0.3625 0.9245
vn 0.6612 0.4948 0.5639
vn 0.4552 0.4738 0.7539
vn 0.5391 0.5481 0.6395
vn 0.8598 0.4218 0.2877
vn 0.6572 0.6449 0.3902
vn 0.8012 0.5501 0.2355
vn 0.6382 0.6245 0.4502
vn 0.3161 0.4133 0.8540
vn 0.3243 0.7188 0.6150
vn 0.1756 0.7614 0.6240
vn 0.0512 0.6942 0.7179
vn 0.7164 0.5294 0.4544
vn 0.5798 0.5085 0.6366
vn 0.1666 0.4024 0.9002
vn 0.3442 0.4231 0.8382
vn 0.5837 0.2357 0.7770
vn 0.4761 0.3127 0.8219
vn 0.6779 0.5623 0.4736
vn 0.5469 0.6678 0.5049
vn 0.5350 0.6465 0.5440
vn 0.7718 0.5091 0.3809
vn 0.5625 0.3195 0.7626
vn -0.1863 0.5004 0.8455
vn 0.1592 0.5490 0.8205
vn -0.1831 0.5366 0.8237
vn 0.1040 0.5150 0.8509
vn 0.3907 0.6398 0.6618
vn 0.2323 0.4981 0.8354
vn 0.4649 0.3446 0.8155
vn -0.0726 0.6616 0.7463
vn -0.0886 0.5628 0.8219
vn 0.4661 0.3855 0.7963
vn 0.5062 0.4927 0.7079
vn 0.4966 0.4580 0.7373
vn 0.4787 0.6181 0.6235
vn 0.5467 0.6243 0.5580
vn 0.3909 0.3395 0.8555
vn 0.1434 -0.9297 -0.3392
vn -0.0379 -0.9563 -0.2900
vn 0.6334 0.4044 0.6597
vn 0.3184 0.4645 0.8263
vn 0.5593 0.0299 -0.8284
vn 0.6081 0.3894 0.6918
vn 0.1452 0.5116 0.8469
vn 0.6741 0.2759 0.6852
vn 0.3862 0.4351 0.8134
vn 0.1045 0.6163 0.7806
vn 0.4411 0.1178 0.8897
vn 0.1451 0.4848 0.8625
vn 0.3397 0.6234 0.7043
vn 0.5190 0.1344 0.8441
vn 0.1136 0.7347 0.6689
vn 0.5263 0.6587 0.5378
vn 0.5530 -0.5240 -0.6478
vn 0.7018 -0.3451 -0.6232
vn 0.9749 -0.0951 -0.2011
vn 0.3861 0.6117 0.6905
vn 0.5716 0.4713 0.6717
vn 0.5436 0.3907 0.7429
vn 0.9960 0.0873 -0.0195
vn -0.1595 -0.6034 -0.7813
vn 0.4292 0.4972 0.7540
vn 0.5559 0.5018 0.6627
vn 0.4265 0.4125 0.8050
vn 0.1971 0.4037 0.8934
vn 0.0094 0.5578 0.8299
vn 0.6211 0.4694 0.6277
vn -0.2299 0.5462 0.8055
vn 0.5508 0.7227 0.4176
vn 0.4000 0.5102 0.7614
vn 0.5219 0.4477 0.7261
vn 0.7150 0.4598 0.5267
vn -0.0294 0.3198 0.9470
vn 0.3422 0.2908 0.8935
vn 0.5587 0.6481 0.5176
vn 0.5180 0.5368 0.6660
vn 0.5964 0.3599 0.7175
vn 0.4343 0.2742 0.8580
vn 0.4677 0.3811 0.7975
vn 0.4908 0.3367 0.8036
vn 0.5599 0.4103 0.7199
vn 0.6802 0.5541 0.4799
vn 0.4550 0.5308 0.7150
vn 0.6614 0.4858 0.5714
vn 0.7660 0.4830 0.4242
vn 0.8381 0.3761 0.3952
vn 0.4177 0.4489 0.7899
vn 0.7240 0.4277 0.5412
vn 0.8747 0.3861 0.2931
vn 0.2359 0.1192 0.9644
vn 0.7096 0.2963 0.6392
vn 0.7580 0.2688 0.5944
vn 0.6877 0.2673 0.6750
vn 0.4148 0.2499 0.8749
vn 0.1089 0.1890 0.9759
vn 0.5701 0.7039 0.4237
vn 0.1929 0.8995 0.3919
vn 0.6951 0.3621 0.6211
vn 0.7436 0.6143 0.2639
vn 0.4483 0.7899 0.4184
vn 0.4206 -0.1635 -0.8924
vn 0.9849 0.0345 -0.1697
vn 0.6565 0.5310 0.5358
vn 0.3774 0.8926 0.2465
vn 0.3949 0.8458 0.3587
vn 0.5766 0.8094 0.1109
vn 0.3536 0.8555 0.3783
vn 0.6530 0.7119 0.2584
vn 0.8209 0.4999 0.2761
vn 0.6530 0.5120 0.5581
vn 0.2866 0.8699 0.4013
vn 0.3979 0.8522 0.3397
vn 0.5452 0.7221 0.4257
vn 0.2003 0.8583 0.4724
vn 0.3858 0.8720 0.3012
vn 0.7763 0.6054 0.1757
vn 0.4643 0.8181 0.3393
vn 0.6498 0.3590 0.6700
vn 0.6500 0.4651 0.6010
vn 0.5170 0.7583 0.3971
vn 0.7834 0.6167 0.0772
vn 0.3437 0.9334 0.1034
vn 0.8171 0.5230 0.2423
vn 0.8911 0.4360 0.1260
vn 0.0808 0.8185 0.5688
vn 0.0671 0.8867 0.4574
vn 0.4052 0.8592 0.3124
vn 0.1524 0.8822 0.4455
vn 0.3533 0.8783 0.3221
vn 0.0759 0.9689 0.2355
vn 0.7992 0.5926 0.1005
vn 0.0884 0.9313 0.3534
vn 0.9534 0.2703 0.1339
vn 0.2650 0.9233 0.2781
vn 0.2831 0.9023 0.3251
vn 0.9396 0.3407 0.0324
vn 0.8992 0.4309 0.0757
vn 0.6119 0.7665 0.1948
vn 0.4695 0.8531 0.2276
vn 0.7356 0.6675 0.1154
vn 0.8129 0.0510 0.5802
vn 0.6697 0.1318 0.7309
vn 0.5499 0.8014 0.2352
vn 0.6437 0.7549 0.1257
vn 0.7356 0.6753 0.0543
vn 0.5318 0.8094 0.2492
vn 0.9104 0.4135 0.0110
vn 0.1763 0.9830 0.0522
vn -0.0340 0.9847 0.1708
vn 0.0813 0.9479 0.3080
vn 0.2588 0.8336 0.4879
vn 0.5671 0.8231 0.0295
vn 0.9611 0.2753 -0.0240
vn 0.8733 0.4854 0.0417
vn 0.9400 0.3392 -0.0375
vn 0.3323 0.9231 0.1935
vn 0.0426 0.9934 0.1061
vn 0.3096 0.9459 0.0972
vn 0.0556 0.9906 -0.1247
vn 0.2708 0.9610 0.0562
vn 0.8283 0.5561 0.0688
vn 0.2077 0.9714 0.1153
vn -0.2492 0.9507 0.1845
vn 0.4268 0.9002 0.0865
vn 0.5112 0.8577 -0.0550
vn 0.5071 0.8599 0.0586
vn 0.4453 0.8939 -0.0515
vn -0.0664 0.9836 -0.1677
vn 0.0120 0.9981 0.0597
vn 0.5907 0.7996 -0.1082
vn 0.2776 0.9437 -0.1800
vn 0.9355 0.3459 -0.0722
vn 0.4066 0.7099 0.5751
vn 0.7611 0.6486 -0.0120
vn 0.7987 0.6014 -0.0194
vn 0.7405 0.6610 -0.1214
vn 0.8646 0.5002 -0.0476
vn 0.8103 0.5774 -0.1006
vn 0.3512 0.9042 0.2429
vn 0.4283 0.8703 0.2432
vn 0.7093 0.7045 -0.0242
vn -0.1577 0.9875 -0.0073
vn 0.8809 0.4640 -0.0936
vn 0.4847 0.8663 0.1207
vn 0.8240 0.5283 0.2046
vn 0.6990 0.6412 0.3166
vn 0.5293 0.7638 0.3694
vn 0.7560 0.6120 -0.2323
vn 0.4867 0.7076 0.5123
vn 0.4327 0.9012 -0.0223
vn 0.1048 0.9933 -0.0495
vn 0.7486 0.5361 0.3900
vn 0.6876 0.5872 0.4270
vn 0.9366 0.2435 0.2519
vn 0.2850 0.9493 -0.1327
vn 0.3071 0.9504 -0.0497
vn 0.5804 0.8091 0.0922
vn 0.6789 0.7036 0.2098
vn 0.6239 0.7728 -0.1161
vn 0.5359 0.8301 -0.1542
vn 0.5331 0.7089 0.4618
vn 0.6189 0.7579 0.2062
vn 0.6550 0.6849 0.3193
vn 0.7209 0.5303 0.4463
vn 0.6658 0.5610 0.4919
vn 0.6445 0.6176 0.4508
vn 0.5039 0.6594 0.5579
vn 0.8093 0.5578 0.1839
vn 0.5490 0.4989 0.6706
vn 0.7113 0.4474 0.5421
vn 0.5287 0.5737 0.6256
vn 0.5481 0.6665 0.5053
vn 0.7919 0.5181 0.3231
vn 0.5382 0.6770 0.5020
vn 0.6551 0.5979 0.4619
vn 0.8268 0.5040 0.2497
vn 0.5230 0.7677 0.3704
vn 0.7084 0.6352 0.3076
vn 0.5346 0.4230 0.7316
vn 0.6615 0.5768 0.4792
vn 0.6131 0.7157 0.3345
vn 0.6430 0.7342 0.2179
vn 0.9227 0.3489 0.1642
vn 0.4272 0.4806 0.7659
vn 0.5985 0.7702 0.2206
vn 0.5260 0.8343 0.1649
vn 0.5622 0.6205 0.5467
vn 0.6970 0.6317 0.3394
vn 0.6268 0.7381 0.2496
vn 0.1512 0.8370 0.5259
vn 0.0587 0.7115 0.7002
vn 0.0805 0.7936 0.6030
vn 0.3354 0.9382 -0.0849
vn 0.2403 0.8215 0.5171
vn 0.1655 0.7720 0.6137
vn -0.1073 0.7251 0.6803
vn 0.0367 0.8251 0.5638
vn 0.3611 0.7399 0.5676
vn 0.6447 0.7319 0.2206
vn 0.7583 0.4985 0.4201
vn 0.5748 0.5822 0.5750
vn -0.0762 0.6007 0.7958
vn 0.0450 0.7597 0.6487
vn 0.7343 0.5985 0.3204
vn 0.6535 0.7293 0.2025
vn 0.4415 0.8495 0.2887
vn 0.8564 0.3498 0.3798
vn 0.3968 0.8554 0.3330
vn 0.3903 0.8699 0.3015
vn 0.3819 0.8319 0.4026
vn 0.0628 0.7854 0.6157
vn 0.1160 0.7966 0.5933
vn 0.8055 0.5535 0.2116
vn 0.8140 0.5793 0.0438
vn 0.7740 0.6272 0.0868
vn 0.0412 0.7381 0.6735
vn -0.1734 0.6984 0.6944
vn 0.6362 0.7026 0.3186
vn 0.3520 0.8809 0.3164
vn 0.3715 0.8937 0.2516
vn 0.3987 0.9154 0.0552
vn 0.3523 0.9358 -0.0122
vn 0.2021 0.9767 -0.0717
vn 0.4125 0.9108 -0.0193
vn 0.8661 0.4992 -0.0243
vn 0.6153 0.7766 -0.1350
vn 0.6787 0.7306 -0.0743
vn 0.6809 0.7015 -0.2104
vn 0.3996 0.8565 -0.3267
vn 0.0794 0.9966 0.0210
vn 0.3003 0.9522 -0.0560
vn 0.1805 0.9585 0.2207
vn 0.1665 0.8438 0.5102
vn 0.5388 0.8416 -0.0373
vn 0.0887 0.8252 0.5578
vn 0.2570 0.9659 0.0303
vn 0.2756 0.9249 0.2620
vn 0.4467 0.6991 0.5583
vn 0.5348 0.6315 0.5614
vn 0.3903 0.7346 0.5551
vn -0.0304 0.9860 0.1637
vn 0.3116 0.8150 0.4885
vn 0.3280 0.9172 0.2261
vn 0.4597 0.7453 0.4828
vn 0.6218 0.7036 0.3441
vn 0.3886 0.8040 0.4501
vn 0.7554 0.5917 0.2816
vn 0.5393 0.6805 0.4961
vn 0.7687 0.5134 0.3814
vn 0.4510 0.7363 0.5044
vn 0.2556 0.7666 0.5891
vn 0.2987 0.9494 -0.0968
vn 0.4069 0.9102 0.0774
vn 0.4035 0.6653 0.6281
vn 0.3243 0.9453 0.0345
vn 0.4964 0.8409 -0.2154
vn 0.2990 0.9319 0.2052
vn 0.6171 0.7060 0.3476
vn 0.3284 0.9403 0.0896
vn 0.4176 0.8699 0.2623
vn 0.2966 0.9348 0.1953
vn 0.5956 0.6573 0.4618
vn 0.3544 0.6642 0.6582
vn 0.7800 0.5933 0.1989
vn 0.8407 0.5372 0.0682
vn 0.5480 0.7490 0.3723
vn 0.7616 0.6480 0.0064
vn 0.7332 0.6655 0.1399
vn 0.6752 0.6468 0.3547
vn 0.5090 0.7664 0.3918
vn 0.7258 0.6862 0.0489
vn 0.8056 0.5898 -0.0565
vn 0.7624 0.6454 0.0466
vn 0.6001 0.7592 0.2521
vn 0.7114 0.6983 -0.0787
vn 0.7034 0.7103 -0.0267
vn 0.9001 0.3923 -0.1893
vn 0.2512 0.9676 0.0243
vn 0.5878 0.5924 0.5510
vn 0.7695 0.6306 -0.1014
vn 0.9073 0.4181 -0.0441
vn 0.9663 0.2416 -0.0882
vn 0.5754 0.7873 0.2216
vn 0.7907 0.5368 0.2944
vn 0.0633 0.1937 0.9790
vn 0.1347 -0.0092 0.9908
vn 0.4259 -0.5971 -0.6798
vn 0.3440 -0.0014 0.9390
vn 0.5527 -0.0496 0.8319
vn -0.1619 0.0448 0.9858
vn 0.7994 0.5799 0.1574
vn 0.9535 0.2831 -0.1030
vn 0.2170 0.9748 -0.0523
vn 0.4190 -0.3467 -0.8392
vn -0.6110 -0.2438 -0.7531
vn -0.2467 -0.6466 -0.7218
vn -0.5768 -0.7246 0.3773
vn 0.6860 -0.2505 0.6831
vn 0.8292 -0.1985 0.5225
vn 0.3045 -0.1425 0.9418
vn 0.0231 -0.0291 0.9993
vn -0.9846 -0.1627 -0.0643
vn -0.8401 -0.5076 -0.1912
vn 0.3590 -0.5099 -0.7817
vn -0.0744 -0.1245 0.9894
vn 0.4553 -0.7309 -0.5084
vn 0.5166 -0.6402 -0.5686
vn 0.2722 -0.9024 -0.3341
vn 0.0063 -0.3469 -0.9379
vn 0.3004 -0.0776 0.9507
vn 0.0903 -0.5941 0.7993
vn 0.0057 -0.0146 0.9999
vn 0.1303 -0.8520 -0.5071
vn 0.0546 -0.8350 -0.5475
vn 0.5163 -0.2481 0.8197
vn 0.4297 -0.8605 -0.2736
vn 0.0962 -0.0511 0.9941
vn -0.0723 -0.3265 0.9424
vn -0.0119 -0.3144 0.9492
vn -0.0219 -0.9966 -0.0793
vn 0.2429 -0.0386 0.9693
vn 0.1499 -0.2127 0.9656
vn 0.2671 -0.5234 0.8092
vn -0.0438 -0.6911 0.7214
vn 0.2415 0.0841 -0.9668
vn 0.1639 0.0710 -0.9839
vn 0.1776 0.0878 -0.9802
vn 0.7441 -0.2772 -0.6078
vn 0.5903 0.4795 0.6493
vn 0.8992 0.4218 0.1158
vn 0.8581 0.5135 -0.0033
vn 0.3944 -0.2028 -0.8963
vn 0.2602 -0.3031 0.9168
vn 0.0639 -0.2715 0.9603
vn 0.2164 -0.3029 -0.9281
vn 0.2255 -0.1538 -0.9620
vn 0.3746 -0.2616 -0.8895
vn 0.3340 -0.4244 -0.8416
vn 0.6940 0.3179 0.6459
vn -0.1297 -0.4218 0.8974
vn -0.0047 -0.0165 0.9999
vn 0.4088 0.0290 -0.9122
vn 0.1662 0.1731 -0.9708
vn 0.1180 -0.3065 0.9445
vn 0.6055 -0.4810 -0.6340
vn 0.4995 -0.1432 -0.8544
vn 0.6464 -0.1922 -0.7383
vn 0.2919 -0.8444 -0.4493
vn 0.2056 -0.5040 0.8389
vn 0.2107 -0.2075 0.9553
vn 0.1941 -0.9582 -0.2100
vn 0.0539 -0.9980 -0.0324
vn 0.2672 -0.0914 -0.9593
vn 0.2886 -0.4220 -0.8594
vn 0.0401 -0.3190 -0.9469
vn 0.2846 -0.2691 -0.9201
vn 0.1499 -0.5845 0.7974
vn 0.2566 -0.4002 -0.8798
vn 0.2879 -0.4021 -0.8691
vn -0.0215 -0.9980 -0.0598
vn 0.4197 -0.2272 -0.8788
vn 0.3008 -0.7754 0.5552
vn 0.1055 -0.2262 -0.9684
vn 0.2891 -0.5276 0.7988
vn 0.2643 -0.8809 0.3927
vn 0.2595 -0.8229 0.5054
vn 0.1373 -0.8227 0.5516
vn 0.2329 -0.8631 0.4481
vn 0.3334 -0.8292 0.4486
vn 0.1002 -0.7657 0.6354
vn 0.1380 -0.8754 0.4633
vn 0.0375 -0.8671 0.4968
vn 0.1391 -0.5216 0.8418
vn -0.0548 -0.8457 0.5309
vn 0.2423 -0.5084 -0.8263
vn 0.2455 -0.6055 -0.7570
vn -0.4519 -0.6655 -0.5940
vn -0.0691 -0.6332 -0.7709
vn 0.3396 -0.0253 -0.9402
vn 0.4907 -0.0196 -0.8711
vn 0.0058 -0.1824 -0.9832
vn 0.5971 0.2311 -0.7682
vn 0.6671 0.2895 -0.6864
vn -0.0081 -0.8854 0.4648
vn 0.2288 -0.7931 0.5645
vn -0.0506 -0.1888 -0.9807
vn 0.2390 -0.0630 -0.9690
vn 0.4518 -0.1030 -0.8861
vn -0.3190 -0.0558 -0.9461
vn 0.0947 -0.0262 -0.9952
vn 0.5312 0.4357 -0.7266
vn 0.2320 0.2338 -0.9442
vn 0.0164 -0.9594 0.2815
vn 0.0057 -0.9988 -0.0482
vn 0.1044 -0.1938 -0.9755
vn 0.4828 -0.3769 -0.7905
vn 0.1180 -0.9926 -0.0301
vn 0.0099 -0.9691 0.2466
vn -0.3082 -0.4224 -0.8524
vn 0.2349 -0.4838 -0.8431
vn -0.0326 -0.0604 -0.9976
vn 0.3592 -0.4757 -0.8029
vn 0.2262 -0.9452 -0.2352
vn 0.0627 -0.9980 -0.0001
vn -0.0383 -0.9915 -0.1244
vn 0.3153 -0.3478 -0.8829
vn 0.0829 -0.3599 -0.9293
vn 0.0143 -0.8868 0.4619
vn 0.3702 0.0603 -0.9270
vn 0.3984 -0.4647 -0.7908
vn -0.1208 -0.3654 -0.9230
vn -0.0190 -0.9997 -0.0167
vn -0.0914 -0.9908 0.0993
vn -0.0168 -0.9978 -0.0637
vn 0.2210 0.1642 0.9613
vn 0.0517 -0.9974 0.0501
vn 0.4891 -0.8464 -0.2106
vn 0.5568 0.0349 0.8299
vn 0.1529 -0.4120 -0.8983
vn 0.9072 -0.2217 -0.3576
vn 0.8306 -0.3660 -0.4197
vn 0.6120 -0.0553 0.7889
vn 0.0155 -0.9831 -0.1824
vn 0.6050 -0.3102 -0.7333
vn 0.3337 -0.6158 -0.7138
vn 0.0387 -0.3233 -0.9455
vn 0.3184 -0.0004 0.9479
vn 0.0446 -0.3398 -0.9394
vn -0.2966 -0.6565 0.6936
vn -0.3571 -0.9136 -0.1946
vn 0.2227 -0.9428 -0.2481
vn 0.0098 -0.9977 0.0663
vn -0.1233 -0.2516 -0.9599
vn 0.0175 -0.9822 0.1870
vn 0.4121 -0.8864 -0.2108
vn -0.0372 -0.9992 0.0173
vn 0.4123 -0.1022 0.9053
vn 0.4290 -0.1795 0.8853
vn 0.5847 -0.1175 0.8027
vn 0.5069 -0.0729 0.8589
vn 0.5610 -0.7972 -0.2233
vn 0.3181 -0.0796 0.9447
vn 0.0790 -0.9960 0.0427
vn 0.2925 -0.5044 -0.8124
vn 0.1660 -0.2590 -0.9515
vn 0.3240 -0.1130 -0.9393
vn 0.5679 -0.0426 0.8220
vn 0.4318 0.0396 0.9011
vn 0.6114 -0.0704 0.7882
vn 0.3749 -0.1570 0.9137
vn 0.3655 -0.0653 0.9285
vn 0.2156 -0.3241 -0.9211
vn 0.5384 -0.1743 0.8245
vn 0.5492 -0.2416 0.8000
vn 0.3752 -0.3273 0.8672
vn 0.3475 -0.2630 0.9000
vn 0.1400 -0.5436 -0.8276
vn 0.1407 0.2820 0.9491
vn 0.1172 0.1128 0.9867
vn 0.1509 0.0462 0.9875
vn 0.3345 -0.4099 0.8486
vn 0.4623 -0.4537 0.7619
vn 0.3758 -0.0754 0.9236
vn 0.1071 0.2003 0.9738
vn 0.3736 -0.5626 0.7375
vn 0.3437 -0.3097 0.8865
vn 0.3273 -0.4181 0.8474
vn 0.0952 -0.2544 0.9624
vn -0.1395 -0.0179 0.9901
vn 0.3245 -0.1860 0.9274
vn 0.2489 -0.1013 0.9632
vn 0.2690 -0.1872 0.9448
vn 0.2136 -0.1468 0.9658
vn 0.5230 -0.3193 0.7903
vn 0.3508 0.0742 0.9335
vn 0.3731 0.0905 0.9234
vn 0.3030 -0.1605 -0.9394
vn 0.4068 -0.2195 -0.8868
vn 0.4069 0.0256 0.9131
vn 0.4462 0.2365 0.8631
vn 0.6697 0.1601 0.7251
vn 0.4749 -0.0038 0.8800
vn 0.2308 -0.1305 0.9642
vn 0.6954 -0.1791 0.6959
vn 0.1461 -0.9840 -0.1023
vn 0.3529 -0.9242 -0.1462
vn 0.4289 -0.8813 0.1984
vn 0.4580 -0.0821 0.8852
vn 0.3556 -0.1858 0.9160
vn 0.4419 -0.1443 0.8854
vn 0.7267 0.1494 0.6705
vn 0.6463 0.0253 0.7626
vn 0.6108 -0.0809 0.7876
vn 0.6523 0.0598 0.7556
vn 0.7531 0.0041 0.6579
vn 0.4384 0.0100 0.8987
vn 0.5207 0.0344 0.8530
vn 0.4126 0.1866 0.8916
vn 0.6082 0.1924 0.7701
vn 0.4325 0.0445 0.9005
vn 0.5021 -0.1458 0.8524
vn 0.6382 0.2866 0.7146
vn 0.3165 -0.2412 0.9174
vn 0.4608 0.0094 0.8874
vn 0.3432 -0.0263 0.9389
vn 0.3951 0.1979 0.8970
vn 0.2837 -0.3914 0.8754
vn 0.3426 -0.4805 0.8073
vn -0.0154 -0.2625 0.9648
vn 0.5932 0.1006 0.7987
vn 0.5616 -0.0380 0.8265
vn 0.4048 -0.4190 0.8128
vn 0.2932 -0.3996 0.8685
vn 0.2539 -0.3457 0.9033
vn 0.3673 -0.4339 0.8227
vn 0.1160 -0.5589 0.8211
vn 0.2366 -0.5164 0.8230
vn 0.3871 -0.3584 0.8495
vn 0.3701 -0.5198 0.7699
vn 0.2507 -0.5737 0.7798
vn 0.0318 -0.6002 0.7993
vn 0.4733 -0.0631 0.8786
vn 0.4153 -0.2663 0.8698
vn 0.3846 -0.1492 0.9109
vn 0.4980 -0.3930 0.7730
vn 0.2265 0.2280 0.9469
vn 0.4370 -0.4390 0.7851
vn 0.6086 -0.1798 0.7729
vn 0.4991 -0.1901 0.8454
vn 0.2985 -0.4877 0.8204
vn 0.5350 0.1504 0.8314
vn 0.1856 -0.0547 0.9811
vn -0.0121 -0.4638 0.8858
vn 0.3158 -0.5182 0.7949
vn 0.5014 0.3916 0.7715
vn 0.4826 -0.1960 0.8536
vn 0.4096 -0.3833 0.8278
vn 0.4867 -0.4788 0.7306
vn 0.3066 -0.1164 0.9447
vn 0.4331 -0.0937 0.8964
vn 0.2754 -0.5817 0.7653
vn 0.4690 -0.5126 0.7192
vn 0.6127 -0.4581 0.6440
vn 0.4341 -0.2696 0.8596
vn 0.2326 -0.3080 0.9225
vn 0.5793 -0.2777 0.7663
vn 0.4124 -0.5239 0.7453
vn 0.2206 -0.6150 0.7570
vn 0.1286 -0.5777 0.8060
vn 0.1700 -0.7199 0.6729
vn 0.2683 -0.5467 0.7932
vn 0.3443 -0.5476 0.7626
vn -0.1353 -0.7002 0.7010
vn 0.4296 -0.6837 0.5900
vn 0.0602 -0.6236 0.7794
vn 0.6647 -0.4044 0.6281
vn 0.4007 -0.4571 0.7941
vn 0.4022 -0.3540 0.8444
vn 0.2429 -0.6103 0.7540
vn 0.2116 -0.5797 0.7869
vn 0.5156 -0.5185 0.6822
vn 0.2320 -0.7199 0.6542
vn 0.3778 -0.6851 0.6228
vn 0.5042 -0.4503 0.7369
vn 0.4120 -0.6477 0.6409
vn 0.3091 -0.6474 0.6967
vn 0.3516 -0.6731 0.6506
vn 0.3631 -0.5011 0.7855
vn 0.2530 -0.7660 0.5909
vn 0.3195 -0.7938 0.5175
vn -0.0146 -0.8410 0.5409
vn 0.3741 -0.3551 0.8567
vn 0.0571 -0.8750 0.4807
vn -0.1998 -0.8790 0.4329
vn -0.3261 -0.8224 0.4662
vn -0.4995 -0.5796 0.6439
vn -0.0826 -0.6440 0.7605
vn 0.1230 -0.6872 0.7160
vn 0.0772 -0.7786 0.6227
vn 0.2778 -0.3156 0.9073
vn 0.0967 -0.7499 0.6545
vn 0.4859 -0.5938 0.6413
vn 0.2534 -0.5559 0.7917
vn 0.2284 -0.6147 0.7550
vn 0.1785 -0.6958 0.6957
vn 0.4638 -0.7613 0.4531
vn 0.4216 -0.7238 0.5462
vn 0.2513 -0.6345 0.7309
vn 0.4101 -0.8440 0.3456
vn 0.2694 -0.7022 0.6590
vn 0.7195 0.4211 0.5522
vn 0.2555 -0.7169 0.6487
vn 0.1202 -0.8690 0.4800
vn 0.6152 -0.4928 0.6153
vn 0.0357 0.6382 0.7691
vn 0.2168 -0.8336 0.5080
vn 0.5810 0.3570 0.7315
vn -0.0608 -0.0199 0.9980
vn -0.1230 0.2319 0.9649
vn -0.0911 0.1597 0.9829
vn 0.0143 0.2310 0.9729
vn -0.1975 0.4984 0.8441
vn 0.1509 -0.7725 0.6168
vn 0.1449 -0.8563 0.4957
vn -0.1977 0.5730 0.7953
vn 0.2042 0.6244 0.7539
vn -0.0992 0.2290 0.9684
vn 0.0418 0.0468 0.9980
vn 0.1919 -0.1451 0.9706
vn 0.1345 -0.4374 0.8892
vn 0.0149 0.1715 0.9851
vn 0.5664 0.1638 0.8077
vn 0.3098 -0.6673 0.6773
vn 0.3264 -0.6245 0.7096
vn 0.2083 -0.4266 0.8801
vn 0.3686 -0.0180 0.9294
vn 0.3660 -0.4536 0.8126
vn 0.2049 -0.3981 0.8942
vn 0.1652 0.4147 0.8949
vn 0.0694 0.1884 0.9796
vn 0.4220 0.3647 0.8300
vn -0.0440 0.2105 0.9766
vn 0.0729 -0.7760 0.6265
vn 0.4057 0.3565 0.8416
vn 0.4919 0.5899 0.6403
vn 0.4142 0.1779 0.8926
vn 0.5351 0.5191 0.6665
vn 0.6422 0.2813 0.7131
vn 0.7793 0.3555 0.5160
vn 0.7683 0.2016 0.6074
vn -0.0526 -0.1446 0.9881
vn 0.4826 0.3612 0.7979
vn 0.4584 0.5030 0.7327
vn -0.0077 -0.2018 0.9794
vn -0.0871 -0.1317 0.9875
vn 0.6932 0.2013 0.6921
vn 0.5975 0.1994 0.7767
vn 0.6408 0.4596 0.6150
vn 0.7770 0.4555 0.4346
vn 0.8175 0.3344 0.4689
vn 0.7152 0.5764 0.3953
vn 0.8134 0.3520 0.4631
vn -0.1935 -0.3906 0.9000
vn 0.0858 -0.4225 0.9023
vn 0.6712 -0.0619 0.7386
vn 0.7286 0.1207 0.6742
vn 0.6390 0.0534 0.7674
vn 0.6492 0.0601 0.7582
vn 0.4193 -0.0658 0.9055
vn 0.5996 -0.1279 0.7900
vn 0.7817 0.4158 0.4649
vn 0.1974 -0.0249 0.9800
vn 0.2963 -0.2216 0.9290
vn 0.6912 0.2574 0.6752
vn 0.7125 0.1644 0.6821
vn 0.8458 0.2259 0.4833
vn 0.4905 0.3960 0.7763
vn 0.5782 0.3057 0.7564
vn 0.8709 0.4113 0.2688
vn 0.4881 -0.3344 0.8062
vn 0.5549 -0.2230 0.8015
vn 0.7517 0.4788 0.4536
vn 0.5739 0.1115 0.8113
vn 0.5791 -0.1349 0.8040
vn 0.0376 -0.1301 0.9908
vn 0.7544 0.2653 0.6005
vn 0.6365 -0.0788 0.7673
vn 0.7157 0.2358 0.6574
vn 0.6828 0.2838 0.6732
vn 0.8344 0.4295 0.3454
vn 0.4252 -0.1005 0.8995
vn 0.4028 0.1361 0.9051
vn 0.3005 0.2455 0.9216
vn 0.3159 -0.1429 0.9380
vn 0.5337 -0.2238 0.8155
vn 0.9196 0.3549 0.1683
vn 0.8199 0.4472 0.3575
vn 0.9767 0.2145 -0.0095
vn -0.0012 -0.3524 0.9358
vn 0.8428 0.3757 0.3853
vn 0.8511 0.0317 0.5240
vn 0.7993 0.2844 0.5294
vn 0.2674 0.0055 0.9636
vn 0.9626 0.2684 -0.0362
vn 0.8353 0.4739 0.2789
vn 0.9881 0.0535 -0.1443
vn 0.9246 0.2591 -0.2792
vn 0.6829 0.6960 -0.2219
vn 0.5165 0.3356 0.7878
vn 0.5199 0.8247 0.2226
vn 0.5074 0.8394 0.1947
vn 0.3852 0.8939 0.2291
vn 0.4939 0.8682 0.0474
vn 0.8838 0.4620 0.0740
vn 0.4070 0.8254 0.3913
vn 0.7290 0.6446 0.2302
vn 0.8505 0.5195 -0.0820
vn 0.7783 0.6247 0.0635
vn 0.9952 0.0980 0.0048
vn 0.5120 0.8069 0.2945
vn 0.9856 0.0404 -0.1645
vn 0.6918 0.7221 -0.0010
vn 0.5649 0.7004 0.4363
vn 0.9802 0.1900 0.0559
vn 0.9545 0.2702 -0.1262
vn 0.9658 -0.0053 -0.2594
vn 0.8913 0.4425 -0.0994
vn 0.5566 0.8268 -0.0813
vn 0.9578 0.0478 -0.2833
vn 0.9793 0.2014 -0.0217
vn 0.9524 0.0288 -0.3035
vn 0.9298 -0.1459 -0.3380
vn 0.0205 0.2466 0.9689
vn 0.1575 0.6521 0.7416
vn 0.7820 0.2409 0.5749
vn 0.9718 0.1334 -0.1946
vn 0.6848 0.7080 0.1724
vn 0.1245 0.4114 0.9029
vn 0.7862 0.5716 0.2348
vn 0.8185 0.5683 0.0842
vn 0.7486 0.6620 -0.0358
vn 0.6642 0.6835 0.3027
vn 0.5832 0.6859 0.4352
vn 0.3542 0.8527 0.3840
vn 0.4156 0.8744 -0.2505
vn 0.2855 0.9570 0.0508
vn 0.3130 0.8797 0.3580
vn 0.7519 0.4380 0.4928
vn 0.4505 0.6748 0.5845
vn 0.9747 -0.0229 -0.2225
vn 0.4545 0.7627 0.4600
vn 0.4135 0.8792 0.2368
vn 0.3151 0.8905 0.3282
vn 0.5835 0.6384 0.5019
vn 0.2686 0.9411 -0.2055
vn 0.5950 0.8003 0.0743
vn 0.5831 0.7606 -0.2855
vn 0.6041 0.7963 0.0327
vn 0.3376 -0.9027 0.2666
vn 0.3853 -0.8416 0.3785
vn 0.2485 -0.9102 0.3313
vn 0.5194 0.6307 0.5765
vn 0.5823 0.5404 0.6074
vn 0.4888 0.5117 0.7066
vn 0.4442 0.8540 0.2707
vn 0.5838 0.3919 0.7110
vn 0.5274 0.3895 0.7550
vn 0.6741 0.4965 0.5469
vn 0.0229 -0.8634 0.5040
vn 0.7505 0.5507 0.3654
vn 0.5353 0.4589 0.7091
vn 0.3179 -0.8792 0.3550
vn 0.4455 -0.8194 0.3606
vn 0.0580 -0.9537 0.2951
vn 0.1229 -0.9703 0.2083
vn 0.0720 -0.9709 0.2285
vn -0.0825 -0.9762 0.2006
vn 0.2027 -0.8240 0.5290
vn 0.5013 0.5459 -0.6713
vn 0.6563 0.7284 -0.1968
vn 0.8036 0.5300 0.2709
vn 0.9400 0.2664 0.2132
vn 0.8566 0.4765 0.1978
vn 0.0771 -0.8999 0.4292
vn 0.0116 -0.9485 0.3167
vn -0.2639 -0.9380 0.2249
vn 0.6099 0.7712 -0.1824
vn 0.4667 -0.8816 0.0705
vn 0.4173 -0.8840 0.2108
vn 0.4741 0.2766 0.8359
vn 0.6783 0.4530 0.5786
vn 0.4374 -0.8652 0.2451
vn 0.6456 0.7003 -0.3045
vn 0.5539 0.4737 -0.6847
vn 0.7767 0.5914 0.2169
vn -0.1921 -0.9573 0.2159
vn 0.2721 -0.9598 -0.0684
vn 0.1978 -0.9776 0.0716
vn 0.0911 -0.9953 -0.0320
vn -0.1836 -0.8261 0.5328
vn 0.6682 0.6866 0.2864
vn 0.4697 -0.6394 0.6087
vn 0.2724 -0.9556 0.1126
vn 0.2104 -0.5743 0.7911
vn 0.8058 0.5846 0.0942
vn 0.0966 -0.5266 0.8446
vn 0.3437 -0.7176 0.6057
vn 0.4979 0.3122 0.8091
vn 0.4380 -0.5961 0.6729
vn 0.0313 -0.5413 0.8403
vn -0.0519 -0.5413 0.8392
vn 0.1851 -0.9121 0.3657
vn 0.1305 -0.7706 0.6238
vn 0.2413 -0.9576 0.1574
vn 0.1867 -0.6631 0.7248
vn 0.2477 -0.7997 0.5469
vn -0.1382 -0.5518 0.8225
vn 0.1740 -0.9189 0.3540
vn 0.3848 -0.8569 0.3430
vn 0.3364 -0.9193 0.2041
vn 0.1802 -0.8443 0.5046
vn 0.0404 -0.7581 0.6509
vn -0.5216 -0.7516 0.4037
vn 0.0363 -0.7821 0.6221
vn -0.3846 -0.8208 0.4223
vn 0.0213 -0.7743 0.6324
vn 0.3082 -0.7776 0.5480
vn 0.0765 -0.6139 0.7857
vn -0.2803 -0.9533 0.1123
vn 0.1753 -0.6753 0.7164
vn 0.2997 -0.8282 0.4735
vn 0.3777 -0.8259 0.4186
vn 0.0999 -0.7148 0.6921
vn 0.0935 -0.7467 0.6586
vn 0.1111 -0.9108 0.3976
vn -0.0700 -0.8233 0.5633
vn 0.3947 -0.8097 0.4342
vn 0.1868 -0.8740 0.4486
vn 0.4292 0.6937 0.5784
vn -0.1613 -0.9546 0.2506
vn -0.2188 -0.6705 0.7089
vn -0.1742 -0.6336 0.7538
vn 0.3167 -0.7682 0.5565
vn 0.3924 -0.7106 0.5840
vn 0.6312 0.6922 0.3498
vn -0.2981 -0.9042 0.3061
vn -0.1611 -0.9471 0.2774
vn -0.1781 -0.6296 0.7562
vn -0.1758 -0.4827 0.8580
vn -0.3500 -0.7827 0.5147
vn -0.2198 -0.8588 0.4627
vn -0.0428 -0.6341 0.7721
vn 0.1988 -0.9626 0.1842
vn -0.2079 -0.9486 0.2386
vn -0.3239 -0.9337 0.1527
vn -0.0807 -0.7771 0.6242
vn 0.1033 -0.9941 0.0342
vn 0.0439 -0.9969 -0.0647
vn -0.0002 -0.9987 -0.0519
vn -0.0698 -0.9702 0.2321
vn 0.5392 0.6310 0.5577
vn 0.0992 -0.9832 0.1535
vn 0.3529 -0.9150 0.1956
vn -0.0058 -0.9997 0.0218
vn -0.0465 -0.9989 -0.0005
vn -0.0035 -0.9981 -0.0612
vn -0.1630 -0.9829 -0.0860
vn -0.2286 -0.9733 -0.0195
vn -0.1033 -0.9926 -0.0634
vn 0.0823 -0.9919 0.0970
vn 0.0371 -0.9983 0.0453
vn -0.0078 -0.9339 0.3575
vn 0.3057 -0.9406 0.1479
vn -0.0800 -0.9960 -0.0401
vn 0.0499 -0.9566 0.2871
vn -0.4386 -0.8317 0.3404
vn -0.1253 -0.9921 -0.0062
vn -0.2591 -0.9470 0.1896
vn -0.0745 -0.9962 -0.0460
vn 0.0757 -0.9912 0.1088
vn -0.1456 -0.9822 -0.1185
vn 0.0848 -0.9916 -0.0975
vn 0.1441 -0.9872 0.0690
vn 0.0115 -0.9998 0.0187
vn 0.0325 -0.9994 -0.0146
vn -0.0466 -0.9985 -0.0284
vn 0.1976 -0.9803 0.0077
vn 0.0081 -0.9957 -0.0923
vn 0.0645 -0.9947 0.0797
vn 0.0851 -0.9938 0.0714
vn 0.0312 -0.9994 -0.0157
vn -0.1321 -0.9909 -0.0265
vn 0.0288 -0.9984 0.0490
vn 0.0665 -0.9964 0.0527
vn 0.1387 -0.9898 0.0321
vn -0.0825 -0.9910 0.1058
vn 0.1927 -0.9805 -0.0393
vn -0.0070 -0.9989 -0.0472
vn 0.0210 -0.9950 -0.0979
vn -0.2503 -0.9518 -0.1773
vn -0.0072 -0.9973 0.0736
vn 0.2034 -0.9785 -0.0346
vn 0.1874 -0.9471 -0.2605
vn 0.3864 -0.9170 0.0988
vn -0.1191 -0.9928 -0.0158
vn -0.0858 -0.9944 0.0622
vn -0.0073 -0.9972 0.0749
vn 0.1040 -0.9870 0.1225
vn -0.2250 -0.9438 0.2420
vn -0.0401 -0.9992 0.0025
vn -0.0003 -0.9974 -0.0714
vn -0.1245 -0.9307 0.3438
vn -0.0160 -0.9998 0.0139
vn -0.0056 -0.9998 0.0179
vn 0.0123 -0.9946 0.1029
vn -0.1530 -0.9882 0.0059
vn 0.0703 -0.9975 0.0064
vn -0.0270 -0.9996 0.0052
vn 0.2277 -0.9737 0.0097
vn -0.2360 -0.9549 0.1804
vn -0.1185 -0.9915 -0.0534
vn -0.2810 -0.9523 -0.1192
vn 0.4077 -0.3335 0.8500
vn 0.5351 -0.4967 0.6833
vn 0.5517 -0.4830 0.6799
vn 0.4706 -0.5433 0.6952
vn 0.4710 -0.5880 0.6576
vn 0.1174 -0.4500 0.8853
vn -0.0657 -0.9963 -0.0557
vn 0.0839 -0.9954 0.0456
vn 0.3313 -0.4793 0.8127
vn 0.0083 -0.9818 -0.1899
vn -0.0036 -0.5898 0.8075
vn 0.2256 -0.5348 0.8143
vn 0.1799 -0.7300 0.6593
vn 0.2850 -0.5484 0.7862
vn 0.5954 -0.1039 0.7967
vn 0.4710 -0.3445 0.8121
vn -0.2900 -0.9461 -0.1445
vn 0.9731 0.0796 0.2162
vn 0.2728 -0.2540 0.9279
vn 0.4721 -0.5832 0.6611
vn -0.1251 -0.5243 0.8423
vn 0.1234 -0.2473 0.9611
vn 0.0479 -0.4442 0.8946
vn -0.0677 -0.9974 -0.0255
vn 0.2085 -0.6829 0.7001
vn 0.2382 -0.8280 0.5075
vn 0.4074 -0.6234 0.6674
vn -0.0155 -0.9999 -0.0018
vn 0.6869 0.0677 0.7236
vn 0.6455 -0.0583 0.7615
vn 0.4367 -0.6277 0.6444
vn 0.3036 -0.2509 0.9191
vn 0.3965 -0.4909 0.7758
vn 0.8349 0.4149 0.3617
vn 0.1722 -0.7446 0.6449
vn 0.3234 -0.5968 0.7344
vn 0.2817 -0.7250 0.6285
vn 0.4489 -0.6272 0.6364
vn -0.1605 -0.7232 0.6717
vn 0.0263 -0.6711 0.7409
vn 0.3087 -0.6780 0.6671
vn 0.2099 -0.8899 0.4050
vn 0.5088 -0.3828 0.7711
vn 0.1431 -0.9039 0.4031
vn 0.5094 -0.6907 0.5132
vn 0.3437 -0.7431 0.5741
vn 0.3838 -0.6818 0.6228
vn 0.0626 -0.9331 0.3541
vn 0.0097 -0.8608 0.5089
vn 0.4169 -0.7937 0.4430
vn 0.3810 -0.7302 0.5672
vn 0.1002 -0.8988 0.4267
vn 0.2832 -0.8486 0.4468
vn -0.3675 -0.9240 -0.1057
vn 0.2513 -0.9574 -0.1421
vn -0.2475 -0.9616 0.1190
vn 0.2067 -0.9339 0.2916
vn 0.1530 0.2477 0.9567
vn 0.9888 0.1490 -0.0105
vn 0.3591 0.4358 0.8253
vn -0.1926 -0.9362 0.2940
vn 0.5685 0.2493 0.7840
vn -0.0326 -0.6027 -0.7973
vn -0.0593 -0.5064 -0.8603
vn 0.0920 -0.7009 -0.7073
vn -0.2933 -0.8144 0.5008
vn -0.0401 0.2241 0.9737
vn 0.5077 0.3394 0.7918
vn 0.1233 0.2783 0.9525
vn 0.2399 -0.0372 0.9701
vn -0.1404 -0.8115 0.5672
vn 0.2388 -0.8886 0.3917
vn -0.0713 -0.9707 0.2293
vn -0.0160 -0.9599 0.2800
vn -0.0294 -0.8884 0.4581
vn 0.2042 -0.8341 0.5124
vn -0.0143 -0.9960 0.0881
vn 0.4523 -0.7451 0.4901
vn 0.0428 -0.7954 -0.6046
vn 0.1012 -0.8288 0.5503
vn 0.4753 0.6630 0.5783
vn 0.2654 -0.3377 0.9031
vn 0.2272 -0.5268 0.8191
vn 0.3456 -0.2082 0.9150
vn 0.0438 0.1769 0.9833
vn 0.3413 0.0457 0.9389
vn 0.6555 0.7552 -0.0024
vn 0.2130 -0.5420 -0.8129
vn 0.1063 -0.2105 -0.9718
vn 0.1496 0.0049 -0.9887
vn 0.0738 -0.9916 -0.1067
vn 0.2578 -0.9221 -0.2885
vn 0.4619 -0.8869 -0.0105
vn 0.6988 0.5947 -0.3975
vn 0.6729 0.4248 -0.6056
vn 0.7070 -0.3401 0.6201
vn 0.5158 -0.2900 0.8061
vn 0.5089 0.5495 -0.6626
vn 0.7337 0.0213 0.6791
vn 0.7256 0.6627 0.1853
vn 0.5746 -0.8161 -0.0614
vn 0.9275 0.0157 0.3734
vn 0.7665 -0.6182 0.1738
vn 0.6051 0.2274 0.7630
vn 0.5347 -0.0746 0.8417
vn 0.5975 0.3715 0.7106
vn 0.7225 0.3850 0.5743
vn 0.5940 0.2284 0.7713
vn 0.5109 0.5899 -0.6253
vn 0.3559 0.1769 -0.9176
vn 0.3306 -0.8254 -0.4577
vn 0.2219 -0.7887 -0.5733
vn 0.3186 -0.3451 -0.8828
vn 0.1939 -0.9591 0.2062
vn 0.0344 -0.9978 0.0566
vn 0.0113 -0.9987 0.0494
vn 0.4698 0.4102 -0.7817
vn 0.3084 -0.9363 -0.1683
vn 0.3788 -0.7507 -0.5412
vn 0.0620 -0.5814 0.8113
vn 0.4929 -0.3218 0.8084
vn 0.3927 -0.8210 -0.4143
vn 0.9463 -0.3185 -0.0552
vn 0.2094 0.0390 -0.9771
vn 0.4758 0.0202 -0.8793
vn -0.0940 -0.9652 -0.2441
vn 0.0418 -0.9898 0.1364
vn -0.0594 -0.9967 -0.0554
vn 0.1672 -0.9389 -0.3007
vn -0.0723 -0.2587 -0.9632
vn 0.6681 0.6703 -0.3231
vn 0.5146 -0.2952 0.8050
vn 0.4427 -0.3862 0.8092
vn 0.6351 -0.1966 0.7470
vn 0.9717 -0.2351 -0.0233
vn 0.5998 0.1762 0.7805
vn 0.5744 0.0038 0.8186
vn 0.4263 -0.0202 -0.9043
vn 0.0036 -0.9933 0.1155
vn 0.1337 -0.9855 0.1049
vn 0.0038 -0.9982 0.0592
vn 0.5676 0.5442 0.6178
vn 0.0504 -0.9983 -0.0308
vn 0.0867 -0.9790 -0.1844
vn 0.0595 -0.9509 0.3038
vn 0.3889 -0.9058 -0.1683
vn 0.3942 -0.1565 0.9056
vn 0.4392 -0.1509 0.8856
vn 0.4810 -0.2184 0.8491
vn 0.6518 -0.5779 0.4911
vn 0.6874 -0.1714 -0.7058
vn 0.1796 -0.9409 0.2871
vn 0.8983 0.3232 0.2978
vn 0.3578 -0.0751 0.9308
vn 0.3481 -0.6074 0.7141
vn 0.4884 0.4432 -0.7517
vn 0.4091 -0.5333 0.7404
vn 0.1722 -0.9772 0.1246
vn 0.9196 0.0687 0.3867
vn 0.8903 -0.4308 0.1475
vn 0.4176 -0.6557 0.6290
vn -0.0521 -0.3417 -0.9384
vn -0.0505 -0.9986 0.0143
vn -0.0478 -0.9968 0.0648
vn -0.0565 -0.9982 -0.0214
vn 0.0001 -0.9994 -0.0357
vn -0.0349 -0.9983 0.0475
vn -0.0108 -0.9832 0.1821
vn -0.1672 -0.9832 0.0737
vn 0.2504 -0.9664 0.0588
vn 0.0087 -0.9998 -0.0176
vn 0.4451 -0.8339 0.3265
vn 0.1027 -0.9914 0.0805
vn -0.0813 -0.9818 -0.1719
vn -0.1629 -0.9762 -0.1432
vn 0.0483 -0.9969 0.0623
vn -0.0510 -0.9966 0.0641
vn 0.3751 -0.8762 0.3026
vn -0.1118 -0.8742 0.4725
vn -0.0315 -0.9992 -0.0239
vn 0.1079 -0.9941 -0.0127
vn 0.0749 -0.9494 0.3049
vn 0.5760 0.7631 -0.2932
vn 0.0499 -0.9987 0.0069
vn 0.3574 -0.6406 0.6796
vn 0.2807 -0.9297 0.2386
vn 0.0541 -0.9914 0.1191
vn 0.4129 -0.1556 0.8974
vn 0.2618 0.8851 0.3847
vn 0.4592 -0.6406 0.6154
vn 0.5131 -0.2114 0.8319
vn 0.5868 -0.2249 0.7779
vn 0.3253 -0.6466 0.6900
vn 0.5308 -0.5014 0.6833
vn 0.0449 -0.9978 -0.0487
vn 0.4576 -0.8618 0.2187
vn 0.6488 -0.4152 0.6378
vn 0.5026 -0.8583 0.1032
vn -0.0027 -0.9651 0.2620
vn 0.7346 -0.6337 0.2425
vn 0.5272 -0.8497 0.0077
vn -0.3625 0.9231 -0.1285
vn 0.0030 0.9888 -0.1493
vn -0.1501 0.0520 -0.9873
vn -0.3438 -0.5051 -0.7916
vn 0.2083 -0.9779 0.0188
vn 0.4800 -0.2261 -0.8476
vn 0.3556 -0.1652 0.9199
vn -0.4014 0.9020 -0.1588
vn 0.3725 -0.7577 0.5359
vn -0.6923 0.6972 -0.1862
vn -0.6547 0.7472 -0.1139
vn 0.5838 0.2366 0.7766
vn -0.4354 0.8808 -0.1863
vn 0.0839 -0.5107 -0.8556
vn -0.5616 0.8087 -0.1750
vn -0.0980 0.9749 -0.1998
vn 0.1774 -0.3124 -0.9332
vn 0.1396 -0.2655 -0.9539
vn -0.5611 0.8277 0.0027
vn 0.2912 0.9521 -0.0931
vn -0.5477 0.8006 -0.2431
vn 0.1691 -0.2633 -0.9498
vn -0.3052 0.9288 -0.2104
vn -0.0308 -0.5428 -0.8393
vn 0.6919 -0.0211 0.7217
vn 0.5792 0.0931 0.8098
vn 0.0894 0.9738 -0.2092
vn 0.5912 -0.0581 0.8044
vn 0.2255 -0.1250 -0.9662
vn 0.1960 -0.0433 -0.9796
vn -0.0727 -0.9889 -0.1299
vn -0.6590 0.7473 -0.0849
vn -0.0044 -0.9997 -0.0240
vn 0.3083 0.8441 -0.4386
vn -0.1935 0.8535 -0.4838
vn -0.4178 0.7864 -0.4550
vn 0.4620 -0.8861 -0.0355
vn -0.4578 0.8345 -0.3065
vn 0.0317 0.9623 -0.2703
vn -0.1833 0.8992 -0.3972
vn -0.7607 0.5590 -0.3298
vn -0.6651 0.7030 -0.2520
vn -0.6561 0.6572 -0.3710
vn -0.6678 0.7203 -0.1879
vn -0.7320 0.5307 -0.4273
vn 0.8030 0.5462 0.2384
vn 0.2557 0.1437 -0.9560
vn 0.4406 0.1929 -0.8767
vn -0.2375 0.8733 -0.4254
vn -0.6173 -0.6676 -0.4163
vn -0.7992 0.3482 -0.4899
vn -0.0163 -0.4917 -0.8706
vn 0.5392 0.1430 -0.8299
vn 0.1740 -0.4342 -0.8839
vn -0.6871 0.5939 -0.4185
vn 0.6323 -0.6940 -0.3443
vn 0.5448 -0.7179 -0.4333
vn 0.4215 -0.8056 -0.4164
vn -0.8282 0.4198 -0.3712
vn 0.9297 -0.1842 -0.3188
vn -0.1022 0.7814 -0.6156
vn 0.3713 -0.3552 -0.8579
vn 0.1625 0.8319 -0.5305
vn -0.8692 0.3428 -0.3565
vn -0.7804 0.4951 -0.3819
vn -0.4094 0.6516 -0.6385
vn -0.7410 0.3836 -0.5511
vn 0.2681 -0.2708 -0.9245
vn -0.8735 0.3214 -0.3657
vn 0.7279 -0.2205 -0.6492
vn 0.7850 0.0629 -0.6163
vn 0.8668 0.0575 -0.4954
vn 0.7558 -0.3855 -0.5293
vn 0.5842 -0.5246 -0.6193
vn 0.7704 -0.0623 -0.6345
vn 0.4507 -0.5175 -0.7274
vn 0.4905 -0.4637 0.7378
vn 0.0310 0.7179 -0.6954
vn -0.0426 0.6312 -0.7744
vn -0.8911 0.2551 -0.3754
vn -0.8508 0.3404 -0.4003
vn -0.6163 0.5042 -0.6049
vn 0.1377 -0.0756 -0.9876
vn 0.5192 -0.0784 -0.8510
vn -0.4231 0.5968 -0.6818
vn -0.7633 0.4072 -0.5015
vn -0.7720 0.3983 -0.4954
vn -0.0793 0.5975 -0.7980
vn -0.4166 0.4306 -0.8006
vn 0.1440 0.4479 -0.8824
vn -0.8475 0.2682 -0.4580
vn 0.8795 0.1250 -0.4592
vn -0.7306 0.4307 -0.5299
vn 0.0738 0.5370 -0.8404
vn -0.7560 0.3625 -0.5450
vn 0.3140 0.0167 -0.9493
vn 0.7454 0.2732 -0.6081
vn 0.2081 0.6431 -0.7369
vn 0.4860 0.5215 -0.7014
vn -0.9050 0.0950 -0.4147
vn 0.6419 -0.2054 -0.7388
vn -0.8347 0.2081 -0.5098
vn 0.4196 -0.0674 -0.9052
vn 0.1415 0.0133 -0.9898
vn 0.1920 -0.1794 -0.9649
vn -0.7562 0.1167 -0.6438
vn 0.6131 -0.7371 -0.2843
vn -0.7751 0.1910 -0.6023
vn -0.3861 0.2189 -0.8961
vn -0.7050 0.2759 -0.6533
vn -0.5470 0.3309 -0.7690
vn 0.0589 0.3962 -0.9163
vn -0.7622 0.1390 -0.6322
vn 0.3172 0.2585 -0.9124
vn 0.2442 0.0392 -0.9689
vn -0.4622 0.1066 -0.8803
vn -0.7990 0.0736 -0.5968
vn 0.3768 0.2226 -0.8991
vn -0.6166 0.0292 -0.7867
vn -0.7285 -0.0830 -0.6801
vn 0.6580 -0.0243 -0.7526
vn 0.4320 0.1069 -0.8955
vn 0.6170 -0.7317 -0.2896
vn 0.6892 -0.6042 -0.3999
vn 0.4096 -0.8025 -0.4338
vn 0.9831 -0.1038 -0.1506
vn 0.5873 0.1527 -0.7948
vn 0.2680 0.0877 -0.9594
vn 0.6627 -0.6960 -0.2765
vn -0.7739 0.1103 -0.6236
vn -0.5021 -0.1181 -0.8567
vn 0.5171 -0.7647 -0.3845
vn 0.2511 -0.8991 0.3585
vn -0.0665 -0.5837 0.8092
vn 0.4152 0.6899 -0.5930
vn 0.8681 0.0335 0.4953
vn 0.9350 0.3543 -0.0154
vn 0.6325 0.7731 -0.0485
vn 0.7038 -0.0381 -0.7094
vn 0.5226 0.8498 -0.0689
vn 0.8461 0.5313 -0.0437
vn 0.9988 0.0094 -0.0484
vn 0.9935 0.1127 -0.0130
vn -0.2661 -0.1608 -0.9505
vn 0.9908 -0.1327 -0.0280
vn 0.6997 0.6992 -0.1469
vn 0.8803 0.4476 -0.1574
vn 0.9756 0.1967 -0.0980
vn 0.3902 0.8868 -0.2479
vn 0.3734 0.8889 -0.2653
vn 0.3672 0.9139 -0.1727
vn 0.7368 0.6387 -0.2218
vn 0.7449 0.6597 -0.0998
vn 0.9903 -0.1182 -0.0725
vn 0.9778 0.1302 -0.1640
vn 0.7536 0.5907 -0.2885
vn 0.9888 -0.1316 -0.0709
vn 0.0691 0.9268 -0.3691
vn 0.4656 0.8391 -0.2814
vn 0.3870 0.9038 -0.1826
vn 0.9941 0.0067 -0.1087
vn 0.9582 0.2486 -0.1419
vn 0.0480 0.8645 -0.5003
vn 0.2647 0.9141 -0.3072
vn -0.2054 0.9512 -0.2303
vn 0.6525 0.7086 -0.2685
vn 0.9059 0.3585 -0.2254
vn 0.6869 0.6678 -0.2868
vn -0.6458 -0.0619 -0.7610
vn 0.5122 0.8113 -0.2819
vn 0.1655 0.9176 -0.3614
vn 0.1692 0.9762 -0.1353
vn -0.1485 0.9422 -0.3003
vn 0.5542 0.7790 -0.2933
vn -0.0973 0.8774 -0.4697
vn 0.3756 0.9014 -0.2155
vn 0.5428 0.7934 -0.2756
vn 0.6523 0.6642 -0.3652
vn 0.4403 0.7722 -0.4580
vn 0.4635 0.8453 -0.2658
vn 0.6067 0.7425 -0.2839
vn -0.2416 0.9351 -0.2593
vn 0.5684 0.7624 -0.3094
vn 0.5432 0.7607 -0.3553
vn 0.6968 0.5584 -0.4502
vn 0.3890 0.8366 -0.3857
vn 0.5197 0.8413 -0.1486
vn 0.2439 0.8953 -0.3727
vn 0.8179 0.4809 -0.3159
vn 0.7458 0.5789 -0.3297
vn 0.3809 0.7867 -0.4858
vn 0.7596 0.5070 -0.4074
vn 0.9777 0.1137 -0.1767
vn 0.4175 0.7950 -0.4400
vn 0.0895 0.9130 -0.3980
vn 0.5465 0.6715 -0.5004
vn 0.4912 0.6633 -0.5645
vn 0.2787 0.8162 -0.5061
vn 0.5528 0.7131 -0.4312
vn 0.4583 0.6986 -0.5494
vn 0.6039 0.6894 -0.4001
vn -0.0398 0.8798 -0.4737
vn 0.0563 0.8378 -0.5431
vn 0.9852 -0.0445 -0.1656
vn 0.9827 -0.0754 -0.1694
vn 0.9873 -0.1318 -0.0892
vn 0.6920 0.7097 -0.1326
vn 0.7448 0.5921 -0.3077
vn 0.9889 0.0126 -0.1477
vn 0.9965 -0.0674 -0.0493
vn 0.9165 0.3077 -0.2556
vn 0.5667 0.5634 -0.6012
vn 0.7678 0.3929 -0.5061
vn 0.8819 0.3640 -0.2995
vn 0.9296 0.1282 -0.3456
vn 0.2760 0.8989 -0.3403
vn 0.3228 0.9294 -0.1787
vn 0.9176 -0.3706 0.1435
vn 0.7595 0.3428 -0.5529
vn 0.5578 0.7926 -0.2465
vn 0.3325 0.6712 -0.6625
vn 0.3818 0.5895 -0.7119
vn 0.4217 0.6855 -0.5935
vn 0.2467 0.9197 -0.3055
vn 0.4188 0.8780 -0.2317
vn 0.4482 0.8877 0.1054
vn 0.3665 0.9302 -0.0167
vn 0.4022 0.9151 -0.0292
vn 0.5397 0.8287 -0.1479
vn 0.4722 0.8469 -0.2446
vn 0.8315 0.4932 -0.2556
vn 0.2307 0.9678 -0.1013
vn 0.1202 0.9326 -0.3402
vn 0.6039 0.7054 -0.3712
vn 0.6469 0.7187 -0.2548
vn 0.7329 0.6437 -0.2201
vn 0.1084 0.8975 -0.4275
vn 0.1107 0.9563 -0.2706
vn 0.4969 0.8093 -0.3133
vn 0.6559 0.5817 -0.4810
vn 0.6168 0.6825 -0.3921
vn 0.3373 0.9383 0.0761
vn 0.0709 0.9956 -0.0607
vn 0.4263 0.8324 -0.3540
vn 0.4830 0.7312 -0.4817
vn 0.1880 0.8661 -0.4633
vn 0.5534 0.5286 -0.6437
vn 0.4213 0.5635 -0.7106
vn 0.5764 0.6085 -0.5455
vn 0.3926 0.9110 -0.1263
vn 0.4023 0.7359 -0.5445
vn 0.2041 0.9446 -0.2570
vn 0.4817 0.7311 -0.4832
vn 0.3864 0.8793 -0.2785
vn 0.3912 0.7036 -0.5932
vn 0.3158 0.6901 -0.6512
vn 0.4232 0.6921 -0.5848
vn 0.2030 0.8146 -0.5433
vn 0.2726 0.8039 -0.5286
vn 0.6291 0.6239 -0.4637
vn 0.1467 0.8221 -0.5501
vn 0.5009 0.7224 -0.4766
vn 0.0286 0.8434 -0.5365
vn 0.3348 0.7922 -0.5103
vn 0.2701 0.1268 -0.9544
vn 0.2073 0.1897 -0.9597
vn 0.0498 0.8704 -0.4898
vn 0.3288 0.8128 -0.4809
vn 0.4277 0.8385 -0.3377
vn 0.1971 0.1166 -0.9734
vn 0.1147 0.8403 -0.5299
vn 0.1327 0.8899 -0.4364
vn 0.4086 0.6881 -0.5997
vn 0.3207 0.6962 -0.6422
vn 0.4354 0.6123 -0.6599
vn 0.4045 0.6343 -0.6588
vn 0.2691 0.6665 -0.6952
vn 0.4589 0.7834 -0.4191
vn 0.5061 0.8055 -0.3083
vn 0.2463 0.7610 -0.6001
vn 0.4110 0.6910 -0.5947
vn 0.2769 0.8198 -0.5013
vn 0.4967 0.6560 -0.5683
vn 0.4422 0.6951 -0.5668
vn 0.3051 0.7380 -0.6020
vn 0.5042 0.6182 -0.6031
vn 0.3215 0.6450 -0.6932
vn 0.2695 0.7873 -0.5545
vn 0.0808 0.9646 -0.2509
vn 0.1305 0.9615 -0.2419
vn 0.2771 0.7068 -0.6508
vn 0.3194 0.7043 -0.6340
vn 0.3567 0.7091 -0.6082
vn 0.0058 0.6850 -0.7285
vn 0.2301 0.6650 -0.7106
vn 0.5808 0.5552 -0.5954
vn 0.1847 0.6893 -0.7006
vn 0.4491 0.7165 -0.5339
vn 0.3622 0.7307 -0.5787
vn 0.3911 0.6049 -0.6937
vn 0.4368 0.5754 -0.6915
vn 0.1266 0.5656 -0.8149
vn 0.2518 0.5978 -0.7610
vn 0.5742 0.3176 -0.7546
vn 0.4088 0.5492 -0.7289
vn 0.6359 0.3681 -0.6783
vn 0.3067 0.6648 -0.6812
vn 0.3378 0.4435 -0.8302
vn 0.4356 0.5417 -0.7189
vn 0.4593 0.5690 -0.6821
vn 0.1655 0.5488 -0.8194
vn 0.2206 0.6790 -0.7002
vn 0.8268 0.2574 -0.5002
vn 0.5210 0.5064 -0.6871
vn 0.2144 0.5096 -0.8333
vn 0.4506 0.6063 -0.6552
vn -0.5592 0.7520 -0.3490
vn 0.4459 0.8027 -0.3961
vn 0.6135 0.4966 -0.6140
vn 0.5137 0.8262 -0.2314
vn 0.5678 0.7995 -0.1961
vn 0.3436 0.7868 -0.5126
vn 0.7618 0.1884 -0.6199
vn 0.2158 0.5421 -0.8121
vn 0.1762 0.5685 -0.8036
vn 0.3827 0.6542 -0.6523
vn 0.6415 0.2961 -0.7077
vn 0.7283 0.6440 -0.2340
vn 0.7884 0.5812 -0.2016
vn 0.6582 0.7019 -0.2724
vn 0.0728 0.6515 -0.7551
vn 0.9310 0.3091 -0.1942
vn 0.7692 0.5514 -0.3230
vn 0.3179 0.0549 -0.9465
vn 0.7429 0.6305 -0.2250
vn 0.6387 0.7427 -0.2009
vn 0.5069 0.8267 -0.2441
vn 0.7148 0.4260 -0.5546
vn 0.7610 0.5310 -0.3727
vn 0.9713 0.2194 -0.0918
vn 0.4356 0.8606 -0.2637
vn 0.5793 0.5174 -0.6298
vn 0.5668 0.6867 -0.4551
vn 0.8130 0.4819 -0.3267
vn 0.7437 0.6105 -0.2722
vn 0.4457 0.7710 -0.4549
vn 0.7931 0.5063 -0.3387
vn 0.8635 0.2841 -0.4166
vn 0.8698 0.2759 -0.4091
vn 0.6242 0.6340 -0.4565
vn 0.7889 0.4153 -0.4530
vn 0.8997 -0.0297 -0.4355
vn 0.6817 0.4691 -0.5615
vn 0.4972 0.5677 -0.6561
vn 0.6591 0.3586 -0.6611
vn 0.6927 0.4120 -0.5919
vn 0.9878 0.1457 -0.0550
vn 0.7245 0.5843 -0.3657
vn 0.4381 0.7221 -0.5353
vn 0.6675 0.5142 -0.5386
vn 0.8761 0.3471 -0.3346
vn 0.7222 0.5344 -0.4392
vn 0.6533 0.5578 -0.5120
vn 0.2495 0.6169 -0.7465
vn 0.9448 -0.0668 -0.3209
vn 0.6684 0.2242 -0.7092
vn 0.4055 0.5304 -0.7445
vn 0.3436 0.5936 -0.7277
vn 0.4031 0.4764 -0.7814
vn 0.7960 0.2984 -0.5265
vn 0.9770 -0.1498 -0.1514
vn 0.9421 -0.3218 0.0939
vn 0.4353 0.5690 -0.6976
vn 0.9565 0.0749 -0.2820
vn 0.6915 0.4136 -0.5922
vn 0.6708 0.4049 -0.6214
vn 0.8193 0.1872 -0.5420
vn 0.2092 0.7607 -0.6144
vn 0.2729 0.6007 -0.7514
vn 0.9512 -0.3066 0.0348
vn 0.1442 0.7599 -0.6338
vn 0.1904 0.5705 -0.7989
vn 0.9794 -0.2018 -0.0109
vn 0.9090 0.0058 -0.4167
vn 0.8247 0.1682 -0.5399
vn 0.3580 0.7163 -0.5990
vn 0.5982 0.3627 -0.7146
vn 0.8551 0.3046 -0.4195
vn 0.2305 0.6789 -0.6971
vn 0.2956 0.5823 -0.7574
vn 0.4478 0.5234 -0.7249
vn 0.7729 0.4273 -0.4692
vn 0.4766 0.6373 -0.6055
vn 0.2211 0.4496 -0.8654
vn 0.4340 0.4320 -0.7906
vn 0.4444 0.4142 -0.7943
vn 0.4383 0.3942 -0.8078
vn 0.4494 0.4087 -0.7944
vn 0.4671 0.5307 -0.7072
vn 0.5437 0.3834 -0.7466
vn 0.3864 0.4234 -0.8194
vn 0.1837 0.3988 -0.8985
vn 0.5067 0.2910 -0.8115
vn 0.3510 0.3919 -0.8504
vn 0.2429 0.3728 -0.8956
vn 0.1750 -0.8710 0.4590
vn 0.4541 0.2729 -0.8481
vn 0.3245 0.2171 -0.9206
vn 0.1975 0.2530 -0.9471
vn 0.2902 0.2089 -0.9339
vn 0.3142 0.3776 -0.8710
vn 0.3103 0.4891 -0.8151
vn 0.0738 0.4976 -0.8643
vn 0.5525 0.2821 -0.7843
vn 0.4499 0.2360 -0.8613
vn 0.3850 0.2946 -0.8746
vn 0.3959 0.1946 -0.8974
vn -0.1793 -0.9820 -0.0588
vn -0.0454 -0.9914 -0.1226
vn -0.1415 -0.9492 0.2811
vn 0.0253 -0.9983 0.0530
vn -0.0538 -0.9938 0.0971
vn -0.0507 -0.9871 0.1520
vn -0.0110 -0.9999 -0.0045
vn -0.0192 -0.9987 -0.0464
vn -0.0466 -0.9988 -0.0144
vn -0.0854 -0.9953 -0.0464
vn 0.0640 -0.9963 0.0582
vn 0.5860 0.1966 -0.7861
vn 0.4720 -0.6574 -0.5874
vn 0.5767 -0.4179 -0.7020
vn -0.0694 -0.9853 -0.1561
vn 0.6025 -0.5634 -0.5654
vn 0.0299 -0.9214 -0.3876
vn 0.1068 -0.9036 -0.4149
vn 0.0918 -0.9796 -0.1785
vn -0.1392 -0.9898 -0.0317
vn 0.0219 -0.6851 -0.7281
vn 0.0375 -0.9952 -0.0904
vn -0.4078 -0.6480 -0.6432
vn 0.1636 -0.9443 -0.2854
vn 0.1607 -0.9728 -0.1666
vn 0.2145 -0.9564 -0.1983
vn 0.2256 -0.9223 -0.3138
vn 0.0155 -0.9998 0.0159
vn 0.2780 -0.9510 -0.1356
vn -0.0281 -0.9990 0.0339
vn 0.4662 -0.8058 -0.3653
vn 0.2990 -0.9519 0.0674
vn 0.3786 -0.2223 -0.8985
vn 0.2432 -0.4538 -0.8573
vn 0.0601 -0.9039 -0.4235
vn 0.0345 -0.2177 -0.9754
vn 0.0320 -0.3437 -0.9385
vn 0.1620 -0.0013 -0.9868
vn -0.2233 -0.5263 -0.8205
vn 0.2745 -0.3323 -0.9023
vn -0.0371 -0.5407 -0.8404
vn 0.1310 -0.4972 -0.8577
vn 0.2566 -0.6060 -0.7529
vn 0.2003 -0.4873 -0.8500
vn 0.3898 0.1305 -0.9116
vn 0.5047 0.0658 -0.8608
vn 0.3076 0.2728 -0.9116
vn 0.1912 -0.6154 -0.7647
vn 0.3270 -0.5993 -0.7307
vn 0.2229 -0.4429 -0.8684
vn 0.8662 -0.2064 -0.4550
vn 0.7113 -0.6939 -0.1117
vn 0.2999 0.0163 -0.9538
vn 0.0438 -0.3526 -0.9347
vn -0.8624 -0.4979 -0.0914
vn -0.8386 -0.4365 -0.3258
vn -0.6012 0.0571 -0.7971
vn 0.1378 -0.1968 -0.9707
vn 0.3422 -0.3811 -0.8589
vn 0.2766 -0.2675 -0.9230
vn -0.7765 -0.5823 -0.2408
vn -0.8199 -0.5653 -0.0905
vn -0.4520 -0.4797 -0.7520
vn -0.7352 -0.3064 -0.6047
vn -0.0732 -0.1900 -0.9791
vn -0.7781 -0.5746 0.2538
vn -0.4984 -0.7700 -0.3983
vn -0.8049 -0.5013 -0.3174
vn -0.9979 0.0635 -0.0106
vn 0.1265 -0.2216 -0.9669
vn -0.9790 -0.0459 -0.1986
vn -0.0673 -0.3995 -0.9142
vn -0.9679 0.0490 -0.2464
vn -0.2373 0.0274 -0.9711
vn -0.8503 -0.1079 0.5151
vn -0.2275 -0.1355 -0.9643
vn -0.0244 -0.5044 -0.8631
vn -0.0851 -0.5383 -0.8385
vn -0.8303 -0.2549 0.4956
vn -0.9591 0.0443 0.2794
vn 0.2714 -0.5505 -0.7895
vn 0.3195 -0.6786 -0.6614
vn 0.0445 -0.4083 -0.9117
vn -0.8443 -0.4212 -0.3313
vn -0.7341 -0.4233 -0.5309
vn -0.1276 -0.6946 -0.7080
vn -0.1176 -0.8810 -0.4582
vn 0.0575 -0.8900 -0.4523
vn -0.0719 -0.7751 -0.6277
vn -0.2600 -0.2955 -0.9193
vn -0.7653 -0.0923 -0.6370
vn -0.2534 0.1356 -0.9578
vn -0.9880 -0.0464 0.1472
vn -0.1877 -0.9798 -0.0697
vn -0.2779 -0.9547 -0.1060
vn -0.0545 -0.7037 -0.7085
vn 0.4980 0.8364 -0.2287
vn 0.9795 0.1755 -0.0990
vn 0.8969 0.4420 0.0141
vn 0.6314 0.7729 -0.0624
vn 0.6216 0.7551 -0.2087
vn 0.7724 0.5924 -0.2290
vn 0.7089 0.6675 -0.2280
vn 0.1398 0.9847 0.1041
vn 0.8024 0.5151 -0.3014
vn 0.7823 0.3361 -0.5244
vn 0.7284 0.6202 -0.2912
vn 0.3299 0.9235 0.1959
vn 0.1567 -0.8058 -0.5710
vn 0.7559 0.4182 -0.5037
vn 0.7577 0.4229 -0.4971
vn 0.3851 0.8368 -0.3891
vn -0.0035 0.8825 -0.4703
vn 0.7580 0.4706 -0.4516
vn 0.0301 0.9484 -0.3157
vn 0.0877 0.9877 -0.1297
vn 0.6341 0.7304 0.2538
vn 0.7008 0.6898 0.1818
vn 0.6293 0.7607 0.1590
vn 0.3875 0.8453 -0.3678
vn 0.3914 0.9018 -0.1834
vn 0.7527 0.6568 0.0453
vn 0.8092 0.5549 0.1933
vn 0.8676 0.4558 0.1986
vn 0.7968 0.6030 0.0384
vn 0.4663 0.7609 -0.4512
vn 0.7909 0.5953 0.1415
vn 0.6558 0.7134 0.2470
vn 0.8079 0.5776 0.1173
vn 0.5694 0.7374 -0.3632
vn 0.3876 0.7961 -0.4648
vn 0.8070 0.5235 0.2733
vn 0.5439 0.6958 -0.4690
vn 0.7709 0.6243 -0.1266
vn 0.8698 0.3741 -0.3216
vn 0.9562 0.1590 -0.2460
vn 0.9241 0.3571 0.1360
vn 0.8265 0.5466 0.1349
vn 0.8312 0.5558 0.0161
vn 0.8363 0.4916 -0.2428
vn 0.7127 0.6982 -0.0674
vn 0.7023 0.5550 -0.4458
vn 0.7504 0.6184 0.2335
vn 0.8579 0.4884 0.1593
vn 0.8310 0.4945 -0.2547
vn 0.9313 0.3557 -0.0781
vn 0.7851 0.6090 -0.1125
vn 0.6434 0.2964 -0.7058
vn 0.5014 0.4730 -0.7244
vn 0.5003 0.6687 -0.5500
vn 0.6902 0.4932 -0.5294
vn 0.8695 0.4884 0.0742
vn 0.7144 0.3378 -0.6128
vn 0.6220 0.2982 -0.7240
vn 0.7116 0.3989 -0.5783
vn 0.1885 0.6170 -0.7640
vn 0.8966 0.2557 -0.3616
vn 0.0494 0.8050 -0.5913
vn 0.6820 0.4362 -0.5870
vn 0.6680 0.2266 -0.7088
vn 0.4850 0.7173 -0.5003
vn 0.6216 0.2148 -0.7533
vn -0.3098 0.5904 -0.7453
vn 0.4227 0.5550 -0.7165
vn -0.0440 0.6249 -0.7795
vn 0.5338 0.3806 -0.7551
vn 0.6760 0.2328 -0.6992
vn 0.5404 0.3997 -0.7404
vn 0.4423 0.2150 -0.8707
vn 0.2807 0.0729 -0.9570
vn 0.5518 0.3264 -0.7675
vn 0.5442 0.3158 -0.7772
vn 0.6488 -0.1277 -0.7502
vn 0.5984 0.0445 -0.8000
vn 0.6035 0.1609 -0.7810
vn 0.5097 -0.0891 -0.8558
vn 0.5784 0.4058 -0.7076
vn 0.5440 0.4346 -0.7178
vn 0.5220 0.2304 -0.8213
vn 0.6996 0.2387 -0.6735
vn -0.0742 0.5982 -0.7979
vn 0.3870 -0.1982 -0.9005
vn 0.5778 0.0458 -0.8149
vn -0.0787 0.4458 -0.8916
vn 0.5847 -0.0753 -0.8078
vn 0.0805 0.6896 -0.7197
vn 0.5753 -0.0368 -0.8171
vn 0.0872 0.4435 -0.8920
vn 0.1702 0.1523 -0.9736
vn 0.4395 -0.1987 -0.8760
vn -0.0532 0.0149 -0.9985
vn 0.4582 -0.0702 -0.8861
vn -0.0832 -0.1502 -0.9851
vn -0.0058 -0.3026 -0.9531
vn 0.7828 0.0269 -0.6217
vn 0.7126 0.0624 -0.6988
vn 0.8053 0.0707 -0.5887
vn 0.8724 0.1201 -0.4737
vn 0.0369 -0.9878 0.1510
vn -0.0602 -0.9898 0.1292
vn 0.0721 -0.9932 0.0911
vn 0.2200 0.5304 -0.8187
vn 0.0644 -0.9938 0.0910
vn 0.0374 -0.9933 0.1095
vn -0.0975 -0.9950 -0.0207
vn -0.0654 -0.9941 0.0860
vn -0.0905 -0.9831 0.1590
vn -0.2382 -0.9712 -0.0080
vn -0.1710 -0.9839 0.0514
vn -0.1604 -0.9861 -0.0441
vn 0.1381 -0.9828 0.1226
vn 0.0477 -0.9988 0.0110
vn 0.1995 -0.9788 0.0470
vn 0.3820 -0.9173 -0.1123
vn 0.2641 -0.9611 0.0805
vn 0.1570 -0.9828 0.0968
vn 0.0528 -0.9984 0.0175
vn 0.1326 -0.9853 0.1080
vn 0.1587 -0.9873 0.0068
vn 0.0779 -0.9959 0.0469
vn 0.0093 -0.9998 -0.0157
vn -0.0371 -0.9865 0.1592
vn 0.1107 -0.9816 0.1556
vn 0.0749 -0.9420 -0.3271
vn -0.0666 -0.9961 -0.0575
vn 0.0082 -0.9903 -0.1389
vn -0.4313 -0.8611 -0.2694
vn 0.1583 -0.9849 0.0707
vn 0.0805 -0.9940 0.0737
vn 0.0289 -0.9972 -0.0695
vn -0.2936 -0.9545 -0.0521
vn 0.0378 -0.9961 0.0794
vn -0.0280 -0.9971 0.0708
vn 0.0988 -0.9899 0.1021
vn -0.0004 -0.9944 -0.1052
vn -0.0580 -0.9976 -0.0370
vn -0.5581 -0.7397 -0.3761
vn 0.0359 -0.9978 -0.0557
vn 0.0504 -0.9917 0.1181
vn -0.2418 -0.9377 0.2493
vn 0.1046 -0.9688 -0.2245
vn -0.2945 -0.9553 -0.0250
vn 0.1607 -0.9813 -0.1064
vn -0.0416 -0.9780 -0.2043
vn 0.0676 -0.9975 0.0212
vn -0.0930 -0.9604 -0.2627
vn -0.0242 -0.9990 0.0371
vn 0.0920 -0.9564 -0.2772
vn 0.0241 -0.9748 -0.2219
vn -0.0430 -0.9693 -0.2420
vn 0.3709 -0.9139 -0.1648
vn 0.0715 -0.9969 -0.0316
vn 0.3289 -0.9282 -0.1737
vn -0.1818 -0.9133 -0.3646
vn -0.0652 -0.9299 -0.3620
vn 0.1019 -0.7924 -0.6014
vn -0.0179 -0.9887 -0.1489
vn 0.2821 -0.8785 -0.3857
vn 0.5696 0.1515 0.8078
vn 0.1261 -0.9520 -0.2788
vn 0.1979 -0.9678 -0.1553
vn -0.0946 -0.8569 -0.5067
vn -0.0164 -0.9218 -0.3872
vn 0.1214 -0.9729 -0.1966
vn 0.2121 -0.8811 -0.4227
vn 0.1795 -0.8885 -0.4223
vn 0.2310 -0.8872 -0.3994
vn 0.3186 -0.8761 -0.3618
vn 0.0740 -0.8996 -0.4303
vn 0.9827 0.0669 -0.1726
vn -0.0188 -0.8801 -0.4744
vn 0.3420 -0.9074 -0.2441
vn 0.0849 -0.9493 -0.3027
vn 0.2786 -0.9184 -0.2810
vn 0.2071 -0.9091 -0.3615
vn 0.0214 -0.8416 -0.5397
vn 0.1492 -0.7836 -0.6030
vn 0.2601 -0.8055 -0.5325
vn 0.2269 -0.7543 -0.6161
vn 0.1107 -0.8204 -0.5609
vn 0.0937 -0.9298 -0.3559
vn -0.0941 -0.8563 -0.5079
vn 0.3278 -0.6629 -0.6732
vn -0.0554 -0.8631 -0.5020
vn 0.1970 -0.8575 -0.4754
vn 0.3116 -0.6947 -0.6483
vn 0.1965 -0.8763 -0.4399
vn 0.2454 -0.8948 -0.3729
vn 0.1676 -0.8735 -0.4570
vn -0.1013 -0.9615 0.2555
vn 0.9359 0.3524 -0.0039
vn 0.7876 -0.5810 -0.2053
vn 0.8110 0.5724 0.1206
vn 0.7647 -0.6380 0.0901
vn 0.8654 0.4991 -0.0430
vn 0.0147 -0.9993 -0.0335
vn 0.5470 0.1453 -0.8244
vn 0.5112 -0.7608 -0.3998
vn 0.4613 -0.7966 -0.3907
vn 0.5644 -0.7551 -0.3335
vn 0.3950 -0.7451 -0.5374
vn 0.6381 -0.6652 -0.3877
vn 0.1636 -0.7359 -0.6571
vn 0.7769 -0.3333 -0.5342
vn -0.0064 -0.9998 0.0176
vn 0.5065 -0.6148 0.6046
vn -0.0542 -0.9962 0.0681
vn 0.1680 0.0621 -0.9838
vn -0.9730 -0.2308 0.0017
vn 0.3589 -0.1406 0.9227
vn 0.2433 -0.0972 0.9651
vn 0.8642 -0.3092 -0.3970
vn 0.0785 -0.5173 -0.8522
vn -0.1001 -0.2309 -0.9678
vn 0.6065 -0.6962 0.3839
vn 0.5710 -0.8189 0.0579
vt 0.924820 0.683731
vt 0.931166 0.679280
vt 0.933124 0.691313
vt 0.937048 0.745800
vt 0.944773 0.740076
vt 0.943078 0.749689
vt 0.903016 0.771761
vt 0.907563 0.767144
vt 0.905366 0.777033
vt 0.939016 0.734622
vt 0.947077 0.722650
vt 0.928837 0.745014
vt 0.918616 0.752896
vt 0.918821 0.742864
vt 0.933600 0.761692
vt 0.939973 0.768059
vt 0.933700 0.768287
vt 0.933849 0.753874
vt 0.897918 0.776845
vt 0.901679 0.764491
vt 0.042536 0.020194
vt 0.039148 0.013970
vt 0.044488 0.012717
vt 0.912779 0.772115
vt 0.912811 0.764351
vt 0.918247 0.767402
vt 0.938000 0.708254
vt 0.936239 0.719810
vt 0.928800 0.717700
vt 0.036998 0.011576
vt 0.038198 0.008334
vt 0.931641 0.730211
vt 0.927666 0.724819
vt 0.923103 0.736332
vt 0.915093 0.758849
vt 0.907536 0.758016
vt 0.043303 0.004858
vt 0.904237 0.749758
vt 0.897895 0.746743
vt 0.892293 0.744654
vt 0.899592 0.739064
vt 0.896430 0.758339
vt 0.917881 0.775371
vt 0.904963 0.735233
vt 0.905758 0.740329
vt 0.923188 0.676212
vt 0.038493 0.021174
vt 0.035713 0.014859
vt 0.923495 0.775519
vt 0.928654 0.776006
vt 0.923045 0.779411
vt 0.926421 0.759270
vt 0.926551 0.768138
vt 0.922653 0.691117
vt 0.054750 0.014702
vt 0.046648 0.017397
vt 0.133978 0.003068
vt 0.131922 0.010512
vt 0.122247 0.002193
vt 0.038901 0.003118
vt 0.050170 0.007522
vt 0.659339 0.091011
vt 0.663998 0.098469
vt 0.651864 0.088639
vt 0.663783 0.110085
vt 0.651689 0.108193
vt 0.125510 0.009512
vt 0.655405 0.083278
vt 0.642633 0.089344
vt 0.642306 0.077317
vt 0.926900 0.782930
vt 0.927283 0.671728
vt 0.930316 0.656438
vt 0.897027 0.767749
vt 0.893400 0.771098
vt 0.890377 0.770895
vt 0.922674 0.728793
vt 0.914530 0.727543
vt 0.918402 0.722143
vt 0.923030 0.700514
vt 0.931316 0.702649
vt 0.922169 0.715058
vt 0.941635 0.759143
vt 0.028412 0.013763
vt 0.032242 0.021462
vt 0.676467 0.125603
vt 0.670399 0.132449
vt 0.669741 0.121586
vt 0.940425 0.683788
vt 0.945595 0.692018
vt 0.648826 0.100380
vt 0.632035 0.110500
vt 0.125234 0.016355
vt 0.130453 0.014303
vt 0.128804 0.017152
vt 0.128424 0.019960
vt 0.660204 0.122133
vt 0.909155 0.716594
vt 0.907221 0.707589
vt 0.915334 0.705617
vt 0.901500 0.717238
vt 0.892330 0.710030
vt 0.902232 0.702714
vt 0.895002 0.722760
vt 0.907710 0.726215
vt 0.899111 0.730033
vt 0.128569 0.022593
vt 0.132851 0.018022
vt 0.034555 0.011545
vt 0.909757 0.699789
vt 0.915330 0.694929
vt 0.926813 0.665777
vt 0.917460 0.666321
vt 0.669702 0.113260
vt 0.942981 0.699279
vt 0.945936 0.712618
vt 0.917314 0.680829
vt 0.913881 0.675940
vt 0.911063 0.685222
vt 0.678160 0.117296
vt 0.031447 0.004920
vt 0.029019 0.007893
vt 0.029608 0.004619
vt 0.033440 0.008171
vt 0.137653 0.023841
vt 0.137081 0.018078
vt 0.035012 0.004486
vt 0.135902 0.015042
vt 0.134636 0.013178
vt 0.917306 0.790461
vt 0.137472 0.009206
vt 0.136693 0.011866
vt 0.135699 0.008809
vt 0.035097 0.002023
vt 0.032253 0.002670
vt 0.137795 0.005548
vt 0.055736 0.002421
vt 0.905603 0.731274
vt 0.913198 0.779535
vt 0.912396 0.787214
vt 0.819586 0.333346
vt 0.826348 0.357420
vt 0.812905 0.352126
vt 0.796857 0.244126
vt 0.790190 0.213354
vt 0.799105 0.226554
vt 0.036031 0.608687
vt 0.058026 0.611068
vt 0.052407 0.627415
vt 0.364205 0.297952
vt 0.371543 0.312695
vt 0.356405 0.298364
vt 0.353186 0.289950
vt 0.349981 0.284060
vt 0.356984 0.287936
vt 0.052703 0.657566
vt 0.041737 0.639767
vt 0.059678 0.647390
vt 0.351083 0.272549
vt 0.811510 0.246736
vt 0.807650 0.221691
vt 0.378157 0.290328
vt 0.796265 0.269833
vt 0.367250 0.264215
vt 0.343566 0.285465
vt 0.267504 0.676286
vt 0.265267 0.692165
vt 0.250900 0.681340
vt 0.382939 0.307949
vt 0.395306 0.304644
vt 0.385984 0.289861
vt 0.799762 0.335580
vt 0.793362 0.359888
vt 0.357372 0.777164
vt 0.331845 0.772067
vt 0.352645 0.763874
vt 0.062794 0.595327
vt 0.069823 0.599052
vt 0.242189 0.685125
vt 0.249346 0.686937
vt 0.338875 0.273396
vt 0.332636 0.264551
vt 0.343753 0.265294
vt 0.324773 0.692932
vt 0.332426 0.679385
vt 0.333899 0.696244
vt 0.411342 0.682409
vt 0.396946 0.691257
vt 0.400491 0.677413
vt 0.383520 0.272544
vt 0.389170 0.260658
vt 0.399018 0.284904
vt 0.831845 0.257125
vt 0.821484 0.226871
vt 0.825426 0.235637
vt 0.337898 0.303645
vt 0.784596 0.235366
vt 0.831707 0.231025
vt 0.836016 0.217712
vt 0.825258 0.218936
vt 0.819201 0.362203
vt 0.815176 0.373749
vt 0.808168 0.372658
vt 0.375334 0.266224
vt 0.326670 0.286584
vt 0.319116 0.275934
vt 0.327236 0.272663
vt 0.317841 0.678073
vt 0.314130 0.697433
vt 0.053291 0.465733
vt 0.041833 0.462630
vt 0.049637 0.462235
vt 0.347650 0.303478
vt 0.332370 0.292878
vt 0.346506 0.699134
vt 0.356976 0.681626
vt 0.364313 0.700076
vt 0.392485 0.696808
vt 0.392032 0.677443
vt 0.377779 0.681875
vt 0.021523 0.446138
vt 0.015507 0.467289
vt 0.007529 0.458839
vt 0.827363 0.268303
vt 0.084759 0.576669
vt 0.092182 0.599361
vt 0.075482 0.581794
vt 0.804504 0.282787
vt 0.804686 0.263605
vt 0.748351 0.248345
vt 0.751957 0.264620
vt 0.746056 0.268887
vt 0.094138 0.621072
vt 0.080299 0.629534
vt 0.809029 0.318760
vt 0.816886 0.310295
vt 0.777956 0.311672
vt 0.780607 0.327615
vt 0.759867 0.318558
vt 0.764776 0.346797
vt 0.761255 0.336855
vt 0.324470 0.755122
vt 0.805979 0.312803
vt 0.791193 0.331647
vt 0.791466 0.312093
vt 0.762084 0.357954
vt 0.405755 0.330846
vt 0.399413 0.320306
vt 0.407245 0.310480
vt 0.055433 0.638169
vt 0.756333 0.294680
vt 0.758032 0.269238
vt 0.770907 0.280874
vt 0.400095 0.307661
vt 0.775705 0.285912
vt 0.779102 0.281885
vt 0.778730 0.296973
vt 0.348541 0.228762
vt 0.366576 0.218430
vt 0.365700 0.240868
vt 0.378258 0.215383
vt 0.371239 0.708724
vt 0.366659 0.719227
vt 0.401718 0.302300
vt 0.789889 0.301971
vt 0.827552 0.305107
vt 0.825064 0.326518
vt 0.322902 0.248019
vt 0.823422 0.287235
vt 0.786308 0.346512
vt 0.351959 0.200645
vt 0.314145 0.260061
vt 0.748088 0.283020
vt 0.334346 0.220112
vt 0.816775 0.275913
vt 0.822631 0.276010
vt 0.341842 0.710554
vt 0.800657 0.302575
vt 0.803381 0.295882
vt 0.781705 0.349485
vt 0.794918 0.293534
vt 0.337952 0.243637
vt 0.347499 0.243102
vt 0.791483 0.283119
vt 0.762447 0.303259
vt 0.336334 0.196491
vt 0.355693 0.707776
vt 0.346802 0.717372
vt 0.368321 0.788036
vt 0.367832 0.769163
vt 0.394287 0.776807
vt 0.755218 0.308906
vt 0.799441 0.287585
vt 0.397002 0.808932
vt 0.398638 0.814559
vt 0.383332 0.821894
vt 0.386553 0.246940
vt 0.366680 0.249078
vt 0.828729 0.287109
vt 0.332328 0.228743
vt 0.832473 0.295864
vt 0.295049 0.674174
vt 0.296165 0.691997
vt 0.281453 0.665516
vt 0.790614 0.274394
vt 0.339641 0.251767
vt 0.755986 0.327171
vt 0.783089 0.276767
vt 0.755209 0.237498
vt 0.746034 0.237397
vt 0.312393 0.219712
vt 0.318839 0.238432
vt 0.373962 0.188198
vt 0.790908 0.249618
vt 0.331738 0.241899
vt 0.313297 0.286598
vt 0.347070 0.341659
vt 0.360035 0.353225
vt 0.346766 0.360155
vt 0.293511 0.234103
vt 0.296315 0.256055
vt 0.283412 0.241371
vt 0.308503 0.231585
vt 0.338395 0.333580
vt 0.348375 0.333448
vt 0.339227 0.343906
vt 0.385573 0.793731
vt 0.783776 0.357333
vt 0.774053 0.362555
vt 0.262952 0.771460
vt 0.269884 0.779504
vt 0.260906 0.791442
vt 0.308405 0.767024
vt 0.774191 0.368561
vt 0.769308 0.384442
vt 0.764330 0.378822
vt 0.293512 0.212876
vt 0.285428 0.218293
vt 0.338747 0.361202
vt 0.403976 0.349730
vt 0.395174 0.348392
vt 0.357916 0.818041
vt 0.332473 0.328630
vt 0.332129 0.344616
vt 0.411129 0.802966
vt 0.405004 0.789887
vt 0.416878 0.798776
vt 0.401637 0.360729
vt 0.784703 0.404537
vt 0.793365 0.406009
vt 0.793655 0.416850
vt 0.002410 0.499755
vt 0.028179 0.494930
vt 0.012667 0.508326
vt 0.767505 0.363003
vt 0.812692 0.400482
vt 0.787397 0.416645
vt 0.787332 0.433276
vt 0.779483 0.427787
vt 0.389444 0.366806
vt 0.802467 0.392246
vt 0.325977 0.363111
vt 0.764689 0.390646
vt 0.385511 0.357093
vt 0.779114 0.435926
vt 0.773891 0.424482
vt 0.401488 0.330859
vt 0.389519 0.328647
vt 0.813973 0.419058
vt 0.318505 0.708543
vt 0.768126 0.398933
vt 0.825602 0.393738
vt 0.794358 0.427191
vt 0.804473 0.430126
vt 0.322442 0.351779
vt 0.803478 0.414621
vt 0.790781 0.395239
vt 0.797577 0.435688
vt 0.279264 0.675572
vt 0.394787 0.388705
vt 0.401158 0.391109
vt 0.398945 0.398121
vt 0.403479 0.368419
vt 0.398341 0.369628
vt 0.823165 0.438983
vt 0.824775 0.408462
vt 0.777394 0.376797
vt 0.785713 0.378182
vt 0.778367 0.242663
vt 0.367735 0.693668
vt 0.400798 0.759539
vt 0.389628 0.731699
vt 0.406196 0.751772
vt 0.042691 0.447663
vt 0.015703 0.490547
vt 0.376828 0.378382
vt 0.787656 0.366615
vt 0.783480 0.389175
vt 0.775149 0.229913
vt 0.776205 0.256910
vt 0.346106 0.687312
vt 0.384899 0.402883
vt 0.101547 0.576061
vt 0.112702 0.589452
vt 0.808988 0.442802
vt 0.369551 0.732596
vt 0.376488 0.362665
vt 0.371833 0.372327
vt 0.376354 0.388266
vt 0.817953 0.468150
vt 0.799722 0.455690
vt 0.764194 0.227487
vt 0.412540 0.732680
vt 0.427590 0.759603
vt 0.284063 0.774182
vt 0.293626 0.776906
vt 0.269521 0.799546
vt 0.306877 0.372457
vt 0.309558 0.385274
vt 0.302576 0.391363
vt 0.344912 0.401722
vt 0.345021 0.379218
vt 0.353851 0.391391
vt 0.357632 0.366000
vt 0.334404 0.383109
vt 0.326629 0.389964
vt 0.327703 0.375447
vt 0.806697 0.482835
vt 0.798582 0.479207
vt 0.436934 0.723668
vt 0.438570 0.742385
vt 0.009780 0.483856
vt 0.031851 0.454402
vt 0.034249 0.442106
vt 0.309354 0.400082
vt 0.320804 0.392672
vt 0.312575 0.415728
vt 0.821615 0.457652
vt 0.826979 0.459700
vt 0.284145 0.691382
vt 0.290200 0.707994
vt 0.319929 0.377375
vt 0.329604 0.408687
vt 0.824486 0.494717
vt 0.813342 0.496609
vt 0.363032 0.336018
vt 0.785913 0.253055
vt 0.426669 0.734522
vt 0.304656 0.666326
vt 0.308593 0.667669
vt 0.334082 0.444524
vt 0.320332 0.432941
vt 0.339504 0.419999
vt 0.301609 0.420908
vt 0.297978 0.406184
vt 0.376543 0.327671
vt 0.344952 0.675066
vt 0.338268 0.720551
vt 0.362713 0.396032
vt 0.361786 0.378803
vt 0.805004 0.494306
vt 0.294890 0.417452
vt 0.290567 0.401804
vt 0.281966 0.405090
vt 0.282082 0.396450
vt 0.312801 0.373289
vt 0.447962 0.681478
vt 0.444272 0.693669
vt 0.424652 0.678191
vt 0.325509 0.666391
vt 0.340155 0.657148
vt 0.313963 0.356851
vt 0.802485 0.488758
vt 0.790783 0.441583
vt 0.357180 0.410480
vt 0.303912 0.713900
vt 0.299254 0.385997
vt 0.398614 0.660640
vt 0.416188 0.661131
vt 0.293048 0.389655
vt 0.373887 0.414369
vt 0.373892 0.396673
vt 0.780827 0.456095
vt 0.770561 0.449952
vt 0.777812 0.450363
vt 0.808668 0.508890
vt 0.795092 0.494929
vt 0.419218 0.698225
vt 0.768570 0.431967
vt 0.370419 0.386927
vt 0.346109 0.444667
vt 0.355848 0.451919
vt 0.347914 0.452002
vt 0.289494 0.389406
vt 0.788774 0.472102
vt 0.781255 0.486129
vt 0.775965 0.475038
vt 0.248646 0.319511
vt 0.234868 0.302100
vt 0.253080 0.303044
vt 0.787985 0.454110
vt 0.390339 0.411698
vt 0.375561 0.437842
vt 0.382538 0.436128
vt 0.379778 0.447452
vt 0.225260 0.267953
vt 0.234333 0.253609
vt 0.235669 0.274877
vt 0.226004 0.253132
vt 0.246700 0.252741
vt 0.249768 0.281950
vt 0.240851 0.293054
vt 0.794105 0.454946
vt 0.261653 0.256657
vt 0.258666 0.271728
vt 0.351825 0.425739
vt 0.785803 0.498631
vt 0.257048 0.294550
vt 0.359070 0.460578
vt 0.362913 0.435469
vt 0.183379 0.282409
vt 0.190756 0.269258
vt 0.190514 0.282667
vt 0.378804 0.460225
vt 0.371908 0.472289
vt 0.250253 0.235194
vt 0.213381 0.268722
vt 0.212691 0.260153
vt 0.231588 0.285261
vt 0.218333 0.286723
vt 0.265974 0.281639
vt 0.262885 0.284752
vt 0.212707 0.278703
vt 0.799783 0.512895
vt 0.235862 0.284213
vt 0.225332 0.298720
vt 0.752566 0.227646
vt 0.208128 0.288644
vt 0.198298 0.276539
vt 0.200622 0.262453
vt 0.266779 0.295297
vt 0.212416 0.298958
vt 0.239593 0.340444
vt 0.238097 0.356602
vt 0.230400 0.349194
vt 0.231222 0.337186
vt 0.748407 0.211042
vt 0.194855 0.289354
vt 0.215899 0.320214
vt 0.255661 0.315027
vt 0.219925 0.342937
vt 0.220135 0.362903
vt 0.208560 0.358831
vt 0.230606 0.358922
vt 0.190666 0.316139
vt 0.184700 0.303156
vt 0.186682 0.293236
vt 0.236418 0.318319
vt 0.230844 0.312222
vt 0.177484 0.296473
vt 0.226245 0.320314
vt 0.154362 0.282987
vt 0.163775 0.280537
vt 0.170008 0.293793
vt 0.209874 0.348692
vt 0.206788 0.337040
vt 0.167063 0.306973
vt 0.162262 0.312179
vt 0.149754 0.299893
vt 0.427653 0.660725
vt 0.200288 0.302527
vt 0.195802 0.337941
vt 0.185085 0.349951
vt 0.174744 0.332310
vt 0.172556 0.285667
vt 0.205530 0.318175
vt 0.198338 0.328339
vt 0.163339 0.322781
vt 0.197173 0.357928
vt 0.049074 0.593635
vt 0.035844 0.584847
vt 0.225319 0.373212
vt 0.175932 0.312946
vt 0.211789 0.330710
vt 0.374248 0.727063
vt 0.186990 0.324396
vt 0.172517 0.276697
vt 0.786365 0.266290
vt 0.157589 0.337123
vt 0.172738 0.324251
vt 0.166708 0.338792
vt 0.770943 0.270234
vt 0.152733 0.315902
vt 0.785780 0.222728
vt 0.144387 0.320514
vt 0.148924 0.331016
vt 0.336919 0.320301
vt 0.356466 0.323125
vt 0.151018 0.334316
vt 0.754938 0.215117
vt 0.307837 0.345202
vt 0.315934 0.351984
vt 0.320984 0.330608
vt 0.315241 0.314785
vt 0.302971 0.319702
vt 0.296246 0.332060
vt 0.287967 0.331928
vt 0.295726 0.278430
vt 0.307152 0.298045
vt 0.321673 0.309642
vt 0.327649 0.311018
vt 0.285552 0.314471
vt 0.267052 0.328268
vt 0.272962 0.311121
vt 0.296742 0.358610
vt 0.281575 0.289847
vt 0.294616 0.306749
vt 0.266028 0.315944
vt 0.381692 0.328040
vt 0.292332 0.338532
vt 0.286238 0.304862
vt 0.287467 0.347293
vt 0.276258 0.335282
vt 0.283425 0.278024
vt 0.280399 0.258222
vt 0.278395 0.271470
vt 0.269697 0.281250
vt 0.268136 0.271646
vt 0.277838 0.263741
vt 0.272591 0.262164
vt 0.286752 0.361537
vt 0.291555 0.359106
vt 0.371521 0.668083
vt 0.377561 0.657969
vt 0.284037 0.375096
vt 0.279585 0.371319
vt 0.457052 0.689540
vt 0.451755 0.711753
vt 0.382763 0.710090
vt 0.277310 0.346944
vt 0.255830 0.375045
vt 0.261763 0.359730
vt 0.264665 0.367220
vt 0.288941 0.371354
vt 0.251003 0.353831
vt 0.249791 0.365059
vt 0.301556 0.362935
vt 0.297783 0.368869
vt 0.270441 0.343769
vt 0.259445 0.344012
vt 0.263516 0.387637
vt 0.279030 0.379144
vt 0.268781 0.397462
vt 0.236623 0.372905
vt 0.242079 0.367574
vt 0.274083 0.359311
vt 0.269374 0.366337
vt 0.260988 0.378774
vt 0.285430 0.383747
vt 0.274072 0.406372
vt 0.269072 0.402021
vt 0.283146 0.346554
vt 0.278584 0.357511
vt 0.256446 0.395573
vt 0.248468 0.398603
vt 0.275084 0.252404
vt 0.241383 0.385186
vt 0.038886 0.627554
vt 0.445756 0.654078
vt 0.371574 0.679363
vt 0.362350 0.668833
vt 0.791162 0.200223
vt 0.802026 0.203083
vt 0.814659 0.202106
vt 0.047452 0.539408
vt 0.029835 0.543959
vt 0.016964 0.530611
vt 0.042943 0.569247
vt 0.024025 0.579780
vt 0.021867 0.569438
vt 0.054561 0.573536
vt 0.795971 0.188080
vt 0.132866 0.659670
vt 0.138879 0.640201
vt 0.145705 0.656407
vt 0.785742 0.199913
vt 0.354679 0.665032
vt 0.825378 0.191525
vt 0.827576 0.168932
vt 0.833225 0.175368
vt 0.091163 0.770928
vt 0.098355 0.763913
vt 0.102094 0.769948
vt 0.814785 0.173494
vt 0.817591 0.164491
vt 0.822082 0.199111
vt 0.786582 0.153640
vt 0.796553 0.170600
vt 0.095636 0.759523
vt 0.784462 0.177686
vt 0.088592 0.765646
vt 0.079570 0.658763
vt 0.084015 0.643206
vt 0.803370 0.158199
vt 0.071017 0.637334
vt 0.054444 0.422972
vt 0.036767 0.429923
vt 0.797940 0.151624
vt 0.815203 0.190949
vt 0.802785 0.187801
vt 0.837485 0.159148
vt 0.814067 0.142028
vt 0.022903 0.560430
vt 0.048138 0.553348
vt 0.833859 0.140575
vt 0.353543 0.722180
vt 0.362024 0.187305
vt 0.088841 0.649332
vt 0.315991 0.175596
vt 0.312184 0.193156
vt 0.309222 0.185034
vt 0.746328 0.195810
vt 0.744229 0.167291
vt 0.752451 0.185208
vt 0.366152 0.173790
vt 0.345152 0.146094
vt 0.354358 0.146272
vt 0.352641 0.165960
vt 0.297261 0.181885
vt 0.279522 0.206129
vt 0.327314 0.201777
vt 0.098935 0.667220
vt 0.762543 0.187426
vt 0.751683 0.170708
vt 0.284807 0.202550
vt 0.342681 0.183750
vt 0.297381 0.203110
vt 0.287937 0.184407
vt 0.281260 0.190198
vt 0.332425 0.177161
vt 0.752339 0.197932
vt 0.757828 0.203709
vt 0.268860 0.199681
vt 0.315551 0.153422
vt 0.271673 0.236487
vt 0.299706 0.159440
vt 0.292084 0.172157
vt 0.816876 0.128379
vt 0.261168 0.209166
vt 0.800152 0.131562
vt 0.255974 0.188760
vt 0.258526 0.171902
vt 0.336306 0.162135
vt 0.807677 0.122232
vt 0.251226 0.200125
vt 0.328886 0.148894
vt 0.765103 0.174479
vt 0.773099 0.180081
vt 0.281801 0.163179
vt 0.771173 0.216565
vt 0.278835 0.162816
vt 0.766932 0.166843
vt 0.755853 0.162143
vt 0.751135 0.145975
vt 0.776017 0.200344
vt 0.758251 0.143558
vt 0.779958 0.217031
vt 0.763439 0.213219
vt 0.308333 0.133966
vt 0.303687 0.124589
vt 0.320899 0.123662
vt 0.248127 0.147674
vt 0.266448 0.163365
vt 0.251996 0.114035
vt 0.258442 0.118314
vt 0.268518 0.133217
vt 0.343275 0.131762
vt 0.764859 0.127221
vt 0.746813 0.127077
vt 0.748255 0.115791
vt 0.289850 0.150390
vt 0.288143 0.163779
vt 0.283406 0.153290
vt 0.323845 0.099399
vt 0.329500 0.110144
vt 0.320472 0.103451
vt 0.742884 0.150272
vt 0.259417 0.134453
vt 0.266595 0.147425
vt 0.778110 0.166130
vt 0.249913 0.139022
vt 0.271264 0.124758
vt 0.652183 0.075660
vt 0.762657 0.110301
vt 0.276440 0.125223
vt 0.283943 0.131734
vt 0.777505 0.149723
vt 0.768050 0.150937
vt 0.238514 0.164807
vt 0.290300 0.106012
vt 0.296493 0.101058
vt 0.772012 0.121176
vt 0.778991 0.130849
vt 0.790975 0.129374
vt 0.792289 0.141753
vt 0.273001 0.113750
vt 0.838611 0.126250
vt 0.800865 0.116024
vt 0.177057 0.349129
vt 0.775080 0.107056
vt 0.796526 0.092752
vt 0.805184 0.099488
vt 0.801027 0.105795
vt 0.790649 0.113930
vt 0.760827 0.100547
vt 0.743645 0.093345
vt 0.743860 0.079514
vt 0.750791 0.087324
vt 0.781099 0.101031
vt 0.770157 0.089069
vt 0.747814 0.098258
vt 0.810445 0.117499
vt 0.683832 0.128428
vt 0.684758 0.135309
vt 0.832972 0.110893
vt 0.280162 0.084955
vt 0.306608 0.081353
vt 0.778996 0.088488
vt 0.793071 0.084822
vt 0.259024 0.098548
vt 0.764075 0.070756
vt 0.827018 0.087394
vt 0.838128 0.086945
vt 0.837811 0.105205
vt 0.119149 0.563722
vt 0.139741 0.564003
vt 0.136454 0.577427
vt 0.299008 0.069698
vt 0.276201 0.701908
vt 0.272482 0.691862
vt 0.263192 0.244424
vt 0.264201 0.087513
vt 0.092012 0.776834
vt 0.806580 0.079004
vt 0.816702 0.070727
vt 0.795061 0.071426
vt 0.783708 0.073008
vt 0.362918 0.742212
vt 0.353722 0.736435
vt 0.797754 0.054884
vt 0.833372 0.060000
vt 0.768320 0.074348
vt 0.331837 0.718716
vt 0.036012 0.516038
vt 0.017960 0.518404
vt 0.012474 0.512802
vt 0.400896 0.940166
vt 0.407203 0.955595
vt 0.383293 0.942737
vt 0.130711 0.592183
vt 0.144778 0.583664
vt 0.753388 0.069136
vt 0.167332 0.644285
vt 0.159256 0.652427
vt 0.842562 0.077877
vt 0.031847 0.505262
vt 0.837917 0.049121
vt 0.775706 0.054251
vt 0.785194 0.057634
vt 0.209363 0.243714
vt 0.215772 0.248788
vt 0.784571 0.043758
vt 0.790751 0.055798
vt 0.106961 0.640489
vt 0.763112 0.060976
vt 0.196167 0.237913
vt 0.205049 0.234540
vt 0.123943 0.555967
vt 0.134121 0.556122
vt 0.194737 0.249846
vt 0.062265 0.664361
vt 0.257466 0.218659
vt 0.314454 0.663367
vt 0.065832 0.585381
vt 0.214338 0.234593
vt 0.176752 0.224672
vt 0.184069 0.213826
vt 0.186867 0.225622
vt 0.348636 0.749728
vt 0.347532 0.736309
vt 0.807789 0.043073
vt 0.245741 0.214616
vt 0.237349 0.235070
vt 0.339913 0.726903
vt 0.220697 0.207749
vt 0.224576 0.236176
vt 0.228013 0.223199
vt 0.199898 0.217834
vt 0.231721 0.204865
vt 0.185012 0.258981
vt 0.232607 0.236187
vt 0.174210 0.263013
vt 0.172225 0.227942
vt 0.177314 0.242203
vt 0.166344 0.249398
vt 0.178911 0.262579
vt 0.148124 0.245810
vt 0.146265 0.232862
vt 0.159425 0.249681
vt 0.156658 0.228451
vt 0.238123 0.196237
vt 0.243925 0.202811
vt 0.162840 0.241357
vt 0.164025 0.213712
vt 0.224763 0.189779
vt 0.218332 0.162954
vt 0.234248 0.166386
vt 0.176527 0.213092
vt 0.179477 0.198525
vt 0.138903 0.257631
vt 0.149231 0.263994
vt 0.161339 0.263215
vt 0.194509 0.193728
vt 0.136998 0.238210
vt 0.212231 0.201765
vt 0.187152 0.240253
vt 0.162370 0.200814
vt 0.208072 0.160243
vt 0.219087 0.153264
vt 0.202851 0.191991
vt 0.212887 0.181461
vt 0.195987 0.156966
vt 0.150592 0.215065
vt 0.217729 0.190357
vt 0.166208 0.264175
vt 0.181258 0.178776
vt 0.197482 0.138822
vt 0.191897 0.169120
vt 0.224436 0.204928
vt 0.046637 0.500890
vt 0.050805 0.524056
vt 0.154044 0.174372
vt 0.168577 0.178857
vt 0.236097 0.188080
vt 0.120082 0.261483
vt 0.118167 0.276846
vt 0.113710 0.261363
vt 0.107624 0.274540
vt 0.149654 0.192573
vt 0.081652 0.770711
vt 0.082634 0.759282
vt 0.165562 0.166975
vt 0.095273 0.292969
vt 0.117047 0.306200
vt 0.107508 0.303261
vt 0.147375 0.284882
vt 0.140140 0.268420
vt 0.145084 0.175782
vt 0.130902 0.192682
vt 0.099956 0.562418
vt 0.083437 0.550195
vt 0.097705 0.544114
vt 0.098511 0.281693
vt 0.106534 0.287590
vt 0.126858 0.283781
vt 0.118875 0.284145
vt 0.142790 0.292266
vt 0.061159 0.563222
vt 0.066492 0.548493
vt 0.068347 0.557706
vt 0.132935 0.260660
vt 0.130710 0.249952
vt 0.132769 0.281666
vt 0.126245 0.262275
vt 0.126569 0.303540
vt 0.132828 0.304192
vt 0.090849 0.294881
vt 0.090138 0.285019
vt 0.126489 0.308874
vt 0.124421 0.210085
vt 0.140929 0.210573
vt 0.122241 0.178306
vt 0.111689 0.199561
vt 0.117115 0.293858
vt 0.121800 0.247284
vt 0.123267 0.235519
vt 0.110686 0.216833
vt 0.112744 0.251181
vt 0.100608 0.259684
vt 0.103086 0.238570
vt 0.098916 0.214019
vt 0.693306 0.695793
vt 0.680756 0.694620
vt 0.690100 0.690053
vt 0.086497 0.271866
vt 0.084419 0.248887
vt 0.094915 0.270068
vt 0.085569 0.237454
vt 0.080830 0.241477
vt 0.076332 0.257071
vt 0.079618 0.281968
vt 0.084811 0.225204
vt 0.096674 0.246084
vt 0.122446 0.327292
vt 0.067464 0.248808
vt 0.063944 0.231082
vt 0.075316 0.243930
vt 0.699425 0.692138
vt 0.703527 0.699371
vt 0.095017 0.211020
vt 0.076916 0.231848
vt 0.698825 0.717064
vt 0.690684 0.712133
vt 0.704670 0.707996
vt 0.665976 0.691118
vt 0.655215 0.686240
vt 0.657762 0.679339
vt 0.679643 0.706218
vt 0.666185 0.708331
vt 0.070733 0.262456
vt 0.242115 0.179658
vt 0.231541 0.130725
vt 0.132205 0.238179
vt 0.059677 0.234709
vt 0.059267 0.242279
vt 0.082802 0.287318
vt 0.228803 0.153657
vt 0.059223 0.258828
vt 0.052265 0.248194
vt 0.711044 0.710345
vt 0.710054 0.701891
vt 0.188218 0.128365
vt 0.169055 0.149706
vt 0.220667 0.138074
vt 0.048191 0.240162
vt 0.119064 0.149376
vt 0.120054 0.165639
vt 0.109806 0.163703
vt 0.098416 0.203485
vt 0.120146 0.138557
vt 0.129685 0.141586
vt 0.151108 0.156561
vt 0.225943 0.138625
vt 0.134991 0.156668
vt 0.149310 0.147669
vt 0.143442 0.133685
vt 0.160100 0.134154
vt 0.114779 0.136845
vt 0.107308 0.143848
vt 0.100748 0.139180
vt 0.105399 0.132376
vt 0.215516 0.132080
vt 0.123879 0.131266
vt 0.137076 0.127125
vt 0.171336 0.117159
vt 0.161169 0.097737
vt 0.221164 0.127987
vt 0.131986 0.115381
vt 0.106169 0.179518
vt 0.110686 0.190044
vt 0.133376 0.098242
vt 0.138318 0.105171
vt 0.126754 0.113409
vt 0.117620 0.120763
vt 0.085147 0.214010
vt 0.149798 0.113355
vt 0.082397 0.220051
vt 0.227279 0.872325
vt 0.226174 0.865736
vt 0.231555 0.863433
vt 0.003704 0.056787
vt 0.010173 0.067080
vt 0.003389 0.068745
vt 0.153621 0.101387
vt 0.137667 0.085535
vt 0.011239 0.056675
vt 0.200782 0.869918
vt 0.185754 0.860369
vt 0.196871 0.862044
vt 0.098657 0.181478
vt 0.144205 0.091478
vt 0.184675 0.849167
vt 0.199113 0.849638
vt 0.207046 0.865242
vt 0.208448 0.862229
vt 0.212381 0.872416
vt 0.012568 0.023141
vt 0.026470 0.020993
vt 0.023437 0.028004
vt 0.078614 0.224184
vt 0.215024 0.858414
vt 0.011869 0.046038
vt 0.003552 0.047902
vt 0.058650 0.221516
vt 0.054431 0.220249
vt 0.057332 0.206695
vt 0.071729 0.219393
vt 0.031505 0.223074
vt 0.035408 0.233678
vt 0.026658 0.226868
vt 0.029749 0.061623
vt 0.021031 0.065157
vt 0.074424 0.216130
vt 0.004511 0.026247
vt 0.083742 0.203697
vt 0.091594 0.187985
vt 0.027511 0.045399
vt 0.048450 0.216988
vt 0.015724 0.031116
vt 0.721083 0.707291
vt 0.736964 0.714893
vt 0.724468 0.716685
vt 0.063729 0.212732
vt 0.068023 0.206304
vt 0.071824 0.212405
vt 0.042583 0.052114
vt 0.042134 0.039316
vt 0.034641 0.212422
vt 0.042633 0.212668
vt 0.055446 0.229506
vt 0.012398 0.223807
vt 0.016723 0.218871
vt 0.045440 0.209597
vt 0.027428 0.204383
vt 0.051096 0.227536
vt 0.066133 0.216686
vt 0.100213 0.788035
vt 0.097401 0.799587
vt 0.083497 0.791329
vt 0.090639 0.785659
vt 0.049484 0.192574
vt 0.007285 0.002852
vt 0.019674 0.011745
vt 0.002051 0.011911
vt 0.041684 0.031894
vt 0.023273 0.215968
vt 0.016082 0.211602
vt 0.713504 0.718144
vt 0.068885 0.223570
vt 0.024583 0.202180
vt 0.102664 0.781478
vt 0.101751 0.164338
vt 0.013255 0.016265
vt 0.102484 0.776206
vt 0.226990 0.855394
vt 0.078901 0.775838
vt 0.014004 0.204899
vt 0.010742 0.213324
vt 0.101898 0.146054
vt 0.249329 0.804041
vt 0.237066 0.804557
vt 0.247412 0.789097
vt 0.008433 0.207309
vt 0.023271 0.190051
vt 0.032185 0.196657
vt 0.042821 0.201984
vt 0.106756 0.807311
vt 0.138886 0.801759
vt 0.126106 0.812931
vt 0.054410 0.058462
vt 0.039670 0.058504
vt 0.053171 0.048490
vt 0.094443 0.164930
vt 0.088894 0.151724
vt 0.034658 0.190592
vt 0.052937 0.039733
vt 0.087364 0.143904
vt 0.127312 0.781196
vt 0.170830 0.843391
vt 0.179412 0.855125
vt 0.179943 0.836016
vt 0.200260 0.799044
vt 0.196974 0.781314
vt 0.207597 0.796222
vt 0.084957 0.175466
vt 0.079202 0.195696
vt 0.073529 0.187481
vt 0.230466 0.818371
vt 0.216850 0.802037
vt 0.164147 0.828609
vt 0.140970 0.814191
vt 0.061218 0.049260
vt 0.071969 0.060732
vt 0.075758 0.173449
vt 0.217206 0.852176
vt 0.199881 0.834326
vt 0.175663 0.827362
vt 0.080153 0.156217
vt 0.232150 0.775972
vt 0.252658 0.855713
vt 0.234714 0.839901
vt 0.190865 0.827353
vt 0.251682 0.828650
vt 0.251572 0.839756
vt 0.065304 0.044720
vt 0.074684 0.055723
vt 0.146003 0.791291
vt 0.171804 0.776890
vt 0.190575 0.798328
vt 0.172054 0.805416
vt 0.146263 0.774856
vt 0.208445 0.819976
vt 0.214777 0.816271
vt 0.211140 0.832554
vt 0.083689 0.068723
vt 0.154433 0.817105
vt 0.236248 0.110104
vt 0.217818 0.109189
vt 0.214957 0.777078
vt 0.243572 0.098798
vt 0.199441 0.809074
vt 0.203192 0.129943
vt 0.245603 0.084541
vt 0.233821 0.089034
vt 0.275778 0.045899
vt 0.278950 0.038032
vt 0.287306 0.048141
vt 0.207975 0.810626
vt 0.221310 0.078777
vt 0.233612 0.078586
vt 0.248164 0.069882
vt 0.266830 0.070904
vt 0.274553 0.056031
vt 0.241879 0.062421
vt 0.256668 0.054615
vt 0.244375 0.044449
vt 0.253016 0.044048
vt 0.256535 0.035853
vt 0.271294 0.037079
vt 0.191149 0.098351
vt 0.197747 0.109375
vt 0.179788 0.116163
vt 0.263715 0.027685
vt 0.170092 0.084285
vt 0.171766 0.096167
vt 0.266998 0.021728
vt 0.275281 0.028953
vt 0.199407 0.069938
vt 0.214691 0.090070
vt 0.199830 0.093394
vt 0.747454 0.055859
vt 0.227073 0.063604
vt 0.186667 0.083332
vt 0.210505 0.067437
vt 0.240817 0.031115
vt 0.246400 0.029153
vt 0.174563 0.063295
vt 0.210451 0.114405
vt 0.203360 0.102825
vt 0.202100 0.048704
vt 0.221626 0.034745
vt 0.231002 0.042316
vt 0.348761 0.877434
vt 0.351412 0.889426
vt 0.341012 0.890427
vt 0.742676 0.002415
vt 0.758833 0.019168
vt 0.748548 0.034836
vt 0.155002 0.075453
vt 0.160859 0.081359
vt 0.229161 0.028822
vt 0.358675 0.888936
vt 0.354188 0.875964
vt 0.234054 0.012242
vt 0.247701 0.013406
vt 0.175917 0.047590
vt 0.253681 0.003375
vt 0.364042 0.935435
vt 0.355929 0.906671
vt 0.360749 0.899955
vt 0.373309 0.923859
vt 0.372324 0.902961
vt 0.295397 0.872422
vt 0.301859 0.863619
vt 0.315033 0.880435
vt 0.337464 0.879533
vt 0.406025 0.926743
vt 0.393140 0.922476
vt 0.744584 0.043393
vt 0.149320 0.070875
vt 0.402581 0.905010
vt 0.383249 0.914750
vt 0.256300 0.868282
vt 0.239683 0.875262
vt 0.058938 0.506425
vt 0.394963 0.888645
vt 0.384117 0.887996
vt 0.409285 0.889109
vt 0.255593 0.861393
vt 0.066135 0.510662
vt 0.054540 0.580090
vt 0.368378 0.880447
vt 0.365425 0.893926
vt 0.418200 0.892622
vt 0.416401 0.912180
vt 0.342103 0.733511
vt 0.262125 0.842772
vt 0.264207 0.856922
vt 0.274255 0.712194
vt 0.275350 0.847148
vt 0.269331 0.852350
vt 0.268164 0.839987
vt 0.166662 0.051241
vt 0.171043 0.054856
vt 0.167652 0.059914
vt 0.402528 0.835737
vt 0.410373 0.828910
vt 0.398859 0.847345
vt 0.417582 0.831569
vt 0.399162 0.875127
vt 0.394123 0.833296
vt 0.361242 0.874938
vt 0.285395 0.843472
vt 0.280381 0.842535
vt 0.303990 0.846227
vt 0.312791 0.864826
vt 0.260316 0.827061
vt 0.081595 0.530893
vt 0.086478 0.541106
vt 0.074963 0.538943
vt 0.355593 0.897347
vt 0.280450 0.835631
vt 0.328567 0.858290
vt 0.328640 0.818293
vt 0.316909 0.815280
vt 0.325802 0.804164
vt 0.282484 0.853001
vt 0.288021 0.850561
vt 0.109843 0.570616
vt 0.407918 0.817881
vt 0.337278 0.860901
vt 0.322990 0.883312
vt 0.313074 0.839709
vt 0.326998 0.839347
vt 0.344115 0.837672
vt 0.348507 0.845463
vt 0.335015 0.842982
vt 0.160491 0.061698
vt 0.066318 0.536086
vt 0.303820 0.825134
vt 0.309878 0.814376
vt 0.295237 0.818178
vt 0.291733 0.836097
vt 0.280239 0.823802
vt 0.268111 0.816688
vt 0.345510 0.822051
vt 0.340880 0.819148
vt 0.292806 0.806441
vt 0.283814 0.828322
vt 0.340834 0.807498
vt 0.391164 0.861980
vt 0.397601 0.866557
vt 0.345081 0.805887
vt 0.715697 0.583143
vt 0.710798 0.605842
vt 0.700846 0.606324
vt 0.352836 0.825970
vt 0.374025 0.842916
vt 0.371965 0.853734
vt 0.419294 0.866373
vt 0.407451 0.858036
vt 0.377731 0.836171
vt 0.381619 0.861901
vt 0.333539 0.728124
vt 0.325857 0.734628
vt 0.341584 0.741590
vt 0.088168 0.516954
vt 0.096560 0.522828
vt 0.076848 0.516906
vt 0.107554 0.613076
vt 0.187404 0.674948
vt 0.189825 0.690210
vt 0.175741 0.688392
vt 0.310756 0.727486
vt 0.119424 0.646517
vt 0.075711 0.209845
vt 0.081115 0.501216
vt 0.075071 0.495588
vt 0.041469 0.490407
vt 0.134183 0.595548
vt 0.121070 0.601949
vt 0.073598 0.476130
vt 0.062567 0.478906
vt 0.090056 0.492989
vt 0.055616 0.491099
vt 0.030241 0.478105
vt 0.813661 0.546705
vt 0.807039 0.531174
vt 0.826896 0.533508
vt 0.136166 0.626025
vt 0.816295 0.514953
vt 0.822710 0.507069
vt 0.828670 0.514198
vt 0.155420 0.604898
vt 0.045330 0.472629
vt 0.805230 0.542370
vt 0.809945 0.562112
vt 0.820618 0.574542
vt 0.835074 0.554557
vt 0.177006 0.699642
vt 0.165827 0.707090
vt 0.160067 0.692406
vt 0.313522 0.440578
vt 0.321944 0.446605
vt 0.305023 0.453697
vt 0.313778 0.458004
vt 0.112120 0.554571
vt 0.175189 0.730094
vt 0.190862 0.715056
vt 0.280395 0.725984
vt 0.274433 0.722989
vt 0.285322 0.415144
vt 0.169838 0.624339
vt 0.300012 0.459924
vt 0.287944 0.455595
vt 0.299000 0.467802
vt 0.308011 0.426476
vt 0.268895 0.469329
vt 0.279165 0.437865
vt 0.281846 0.454383
vt 0.291880 0.439584
vt 0.267411 0.433947
vt 0.274612 0.426422
vt 0.263867 0.452129
vt 0.256229 0.457046
vt 0.256602 0.467263
vt 0.360841 0.479802
vt 0.279040 0.473802
vt 0.149891 0.569954
vt 0.357244 0.490290
vt 0.366943 0.492980
vt 0.324869 0.458359
vt 0.343807 0.498722
vt 0.344063 0.488864
vt 0.350671 0.487691
vt 0.310135 0.477875
vt 0.339370 0.455361
vt 0.788391 0.513360
vt 0.341410 0.475968
vt 0.352439 0.462430
vt 0.351026 0.470280
vt 0.283441 0.494913
vt 0.352815 0.475625
vt 0.317485 0.489886
vt 0.304659 0.509341
vt 0.297336 0.503575
vt 0.798147 0.533613
vt 0.347598 0.479879
vt 0.361049 0.504745
vt 0.351258 0.508896
vt 0.352659 0.499549
vt 0.295725 0.488570
vt 0.366548 0.503269
vt 0.336542 0.490272
vt 0.342260 0.511027
vt 0.270276 0.419426
vt 0.355016 0.481641
vt 0.328149 0.513565
vt 0.329398 0.480880
vt 0.113814 0.542557
vt 0.323505 0.477643
vt 0.341976 0.520035
vt 0.099519 0.490411
vt 0.104396 0.484752
vt 0.104426 0.492141
vt 0.333446 0.518338
vt 0.356743 0.518158
vt 0.101649 0.496772
vt 0.094698 0.495660
vt 0.299731 0.728925
vt 0.109387 0.533554
vt 0.109065 0.539638
vt 0.836870 0.578751
vt 0.829274 0.594803
vt 0.810775 0.577455
vt 0.112297 0.418536
vt 0.113697 0.428243
vt 0.103677 0.421805
vt 0.090726 0.484589
vt 0.101380 0.481728
vt 0.348229 0.529354
vt 0.313293 0.522434
vt 0.819051 0.580280
vt 0.822485 0.587452
vt 0.322961 0.533333
vt 0.321084 0.525687
vt 0.306812 0.538538
vt 0.253886 0.508164
vt 0.275749 0.481190
vt 0.265104 0.504265
vt 0.340414 0.527730
vt 0.265830 0.714207
vt 0.332091 0.542298
vt 0.821403 0.610226
vt 0.317163 0.540123
vt 0.328462 0.554755
vt 0.831474 0.610952
vt 0.315542 0.547175
vt 0.292597 0.519154
vt 0.097756 0.499753
vt 0.285613 0.501836
vt 0.285408 0.511061
vt 0.109242 0.411660
vt 0.099679 0.417193
vt 0.092846 0.418208
vt 0.149076 0.698494
vt 0.308821 0.545842
vt 0.419424 0.814171
vt 0.433004 0.830891
vt 0.329932 0.534448
vt 0.106658 0.473498
vt 0.264111 0.515278
vt 0.300484 0.529177
vt 0.293414 0.545302
vt 0.301406 0.561656
vt 0.306129 0.552362
vt 0.307226 0.557456
vt 0.322338 0.541960
vt 0.315075 0.553758
vt 0.304036 0.570548
vt 0.301948 0.544089
vt 0.826420 0.629264
vt 0.821781 0.639463
vt 0.285192 0.571112
vt 0.212414 0.377154
vt 0.827094 0.638500
vt 0.266923 0.523105
vt 0.265632 0.541674
vt 0.280517 0.561807
vt 0.127942 0.488135
vt 0.116549 0.514132
vt 0.104699 0.505982
vt 0.200859 0.413589
vt 0.170700 0.410940
vt 0.192097 0.396425
vt 0.147590 0.549885
vt 0.110554 0.490165
vt 0.201678 0.365797
vt 0.197875 0.370373
vt 0.292388 0.571310
vt 0.166212 0.349462
vt 0.167487 0.399839
vt 0.185193 0.382058
vt 0.219906 0.389767
vt 0.188444 0.363906
vt 0.160728 0.343919
vt 0.207994 0.401105
vt 0.244631 0.535043
vt 0.148186 0.367304
vt 0.185965 0.424904
vt 0.826339 0.654975
vt 0.143155 0.331173
vt 0.145379 0.343513
vt 0.169649 0.362746
vt 0.180113 0.374824
vt 0.133732 0.333006
vt 0.134355 0.343482
vt 0.127699 0.345207
vt 0.137730 0.351776
vt 0.415917 0.778935
vt 0.145093 0.353198
vt 0.173126 0.385202
vt 0.124184 0.334524
vt 0.160064 0.371581
vt 0.143169 0.365301
vt 0.116901 0.349505
vt 0.129863 0.373274
vt 0.136316 0.365842
vt 0.124026 0.361467
vt 0.146145 0.384571
vt 0.161209 0.394252
vt 0.136370 0.373489
vt 0.145439 0.398468
vt 0.158163 0.404708
vt 0.136559 0.385463
vt 0.139008 0.397571
vt 0.122915 0.371117
vt 0.124036 0.380852
vt 0.117925 0.370719
vt 0.160960 0.431256
vt 0.163192 0.442726
vt 0.149833 0.441929
vt 0.163892 0.423919
vt 0.174813 0.437548
vt 0.114014 0.397633
vt 0.133481 0.407629
vt 0.137466 0.415973
vt 0.123481 0.418788
vt 0.136726 0.430629
vt 0.120990 0.399394
vt 0.111083 0.391385
vt 0.156040 0.417330
vt 0.140734 0.434329
vt 0.128254 0.399522
vt 0.140836 0.447519
vt 0.136834 0.444041
vt 0.118795 0.411825
vt 0.143187 0.451974
vt 0.157659 0.456157
vt 0.123374 0.429890
vt 0.139098 0.451441
vt 0.134023 0.452331
vt 0.235595 0.403554
vt 0.231095 0.398075
vt 0.126764 0.439598
vt 0.115199 0.441444
vt 0.259465 0.404426
vt 0.127563 0.455757
vt 0.249011 0.414947
vt 0.254996 0.420037
vt 0.246061 0.425537
vt 0.135290 0.458830
vt 0.211804 0.409715
vt 0.233784 0.440771
vt 0.232454 0.418814
vt 0.224989 0.396061
vt 0.219533 0.403361
vt 0.190595 0.436013
vt 0.263131 0.419182
vt 0.223678 0.431123
vt 0.226830 0.416351
vt 0.207627 0.426530
vt 0.202808 0.436881
vt 0.259012 0.433999
vt 0.128990 0.461099
vt 0.239945 0.464967
vt 0.250107 0.472751
vt 0.242238 0.473699
vt 0.246579 0.433770
vt 0.215087 0.426625
vt 0.223237 0.416403
vt 0.214223 0.438902
vt 0.113757 0.455083
vt 0.244249 0.446018
vt 0.253802 0.448887
vt 0.257638 0.490888
vt 0.252072 0.488631
vt 0.258266 0.479258
vt 0.206972 0.463366
vt 0.214725 0.448351
vt 0.216759 0.463639
vt 0.220543 0.473870
vt 0.228802 0.466619
vt 0.229685 0.476117
vt 0.222371 0.482460
vt 0.225801 0.487830
vt 0.195254 0.462547
vt 0.194730 0.470853
vt 0.196581 0.478056
vt 0.226748 0.451491
vt 0.255411 0.429018
vt 0.245061 0.487504
vt 0.234053 0.513827
vt 0.220816 0.449232
vt 0.189469 0.485795
vt 0.187713 0.480440
vt 0.239249 0.515897
vt 0.230863 0.530167
vt 0.237086 0.480242
vt 0.251694 0.522900
vt 0.211899 0.482053
vt 0.225263 0.506425
vt 0.203070 0.449333
vt 0.204013 0.508370
vt 0.194007 0.500140
vt 0.204226 0.494661
vt 0.200064 0.505491
vt 0.174815 0.447810
vt 0.182542 0.454892
vt 0.176312 0.469403
vt 0.167785 0.467727
vt 0.194959 0.447778
vt 0.205560 0.515321
vt 0.213592 0.522345
vt 0.186433 0.469709
vt 0.176499 0.478037
vt 0.187109 0.460947
vt 0.138868 0.465143
vt 0.151150 0.495733
vt 0.153556 0.484187
vt 0.159793 0.488108
vt 0.134352 0.468113
vt 0.178874 0.488079
vt 0.191284 0.509833
vt 0.243326 0.544182
vt 0.182563 0.491778
vt 0.174379 0.499410
vt 0.273336 0.581523
vt 0.181663 0.512473
vt 0.102656 0.474783
vt 0.169548 0.507723
vt 0.129176 0.531026
vt 0.273951 0.599067
vt 0.285204 0.597989
vt 0.145166 0.478633
vt 0.218138 0.532225
vt 0.109110 0.496210
vt 0.117028 0.489503
vt 0.166095 0.490664
vt 0.082827 0.464567
vt 0.199355 0.549877
vt 0.214922 0.546780
vt 0.254979 0.567268
vt 0.251813 0.565346
vt 0.164109 0.555196
vt 0.189996 0.517228
vt 0.235362 0.538211
vt 0.115891 0.558616
vt 0.246829 0.572258
vt 0.249485 0.576108
vt 0.244366 0.564559
vt 0.152700 0.587558
vt 0.136743 0.544483
vt 0.233491 0.569460
vt 0.230280 0.541282
vt 0.200585 0.531253
vt 0.251827 0.594376
vt 0.253652 0.599992
vt 0.231750 0.553110
vt 0.260711 0.601140
vt 0.124499 0.540716
vt 0.070138 0.448553
vt 0.058719 0.440639
vt 0.185602 0.531467
vt 0.070689 0.458469
vt 0.062232 0.466732
vt 0.146927 0.531726
vt 0.207640 0.566331
vt 0.125055 0.481603
vt 0.137569 0.507416
vt 0.121703 0.521739
vt 0.230879 0.578844
vt 0.215081 0.574098
vt 0.237772 0.575217
vt 0.239596 0.592437
vt 0.220453 0.622883
vt 0.235803 0.620334
vt 0.233021 0.639462
vt 0.367043 0.752648
vt 0.373056 0.748020
vt 0.762147 0.685109
vt 0.771600 0.660965
vt 0.783092 0.672396
vt 0.196378 0.577162
vt 0.078663 0.449729
vt 0.090040 0.455176
vt 0.182916 0.546886
vt 0.173592 0.522645
vt 0.173356 0.516733
vt 0.169359 0.518006
vt 0.163624 0.514202
vt 0.302872 0.789206
vt 0.160515 0.509857
vt 0.223288 0.639137
vt 0.161695 0.541133
vt 0.128916 0.471626
vt 0.351724 0.793546
vt 0.144131 0.501568
vt 0.212843 0.588395
vt 0.133011 0.522449
vt 0.150762 0.514380
vt 0.150721 0.508066
vt 0.236002 0.607084
vt 0.231479 0.599076
vt 0.159353 0.522179
vt 0.173625 0.559957
vt 0.149959 0.541692
vt 0.133470 0.478364
vt 0.140329 0.528173
vt 0.209209 0.602551
vt 0.159197 0.550483
vt 0.072384 0.452064
vt 0.243882 0.612286
vt 0.109017 0.462973
vt 0.143423 0.523546
vt 0.153913 0.520235
vt 0.189517 0.565571
vt 0.181190 0.578651
vt 0.162457 0.573092
vt 0.193410 0.600085
vt 0.182218 0.642253
vt 0.172206 0.612925
vt 0.305582 0.740433
vt 0.089862 0.461468
vt 0.192110 0.627436
vt 0.107000 0.493439
vt 0.109271 0.451813
vt 0.178162 0.564587
vt 0.206660 0.632627
vt 0.215011 0.629847
vt 0.250308 0.618252
vt 0.176313 0.649926
vt 0.195061 0.639453
vt 0.083729 0.442017
vt 0.271018 0.739252
vt 0.719814 0.635201
vt 0.708748 0.637228
vt 0.713749 0.628595
vt 0.293302 0.739856
vt 0.447918 0.727183
vt 0.444341 0.713139
vt 0.698683 0.636498
vt 0.429203 0.716821
vt 0.412091 0.762488
vt 0.425682 0.762655
vt 0.392105 0.796715
vt 0.700852 0.620812
vt 0.437951 0.760179
vt 0.115443 0.316252
vt 0.107176 0.312269
vt 0.107999 0.318245
vt 0.440408 0.728371
vt 0.390400 0.712975
vt 0.101928 0.311389
vt 0.093038 0.313541
vt 0.671352 0.629748
vt 0.656028 0.640173
vt 0.658240 0.627760
vt 0.755824 0.603925
vt 0.744865 0.600879
vt 0.759449 0.596947
vt 0.672939 0.647085
vt 0.084185 0.322079
vt 0.084614 0.306360
vt 0.667056 0.665853
vt 0.654932 0.657739
vt 0.663220 0.619280
vt 0.677780 0.620288
vt 0.416720 0.715931
vt 0.679011 0.658715
vt 0.658489 0.666902
vt 0.683042 0.624709
vt 0.687364 0.612073
vt 0.109628 0.326797
vt 0.096053 0.324673
vt 0.739679 0.607464
vt 0.730556 0.591839
vt 0.692031 0.646740
vt 0.095906 0.338450
vt 0.115541 0.337577
vt 0.110678 0.366098
vt 0.108646 0.378991
vt 0.679491 0.604807
vt 0.104826 0.369354
vt 0.109636 0.360700
vt 0.081535 0.332275
vt 0.084856 0.297659
vt 0.086128 0.341406
vt 0.673272 0.671457
vt 0.095536 0.342873
vt 0.682943 0.666157
vt 0.678403 0.681022
vt 0.106469 0.340110
vt 0.111462 0.345611
vt 0.686867 0.682496
vt 0.084890 0.372075
vt 0.094320 0.352332
vt 0.094129 0.367460
vt 0.083227 0.353497
vt 0.085222 0.359294
vt 0.698008 0.682365
vt 0.703976 0.688268
vt 0.719202 0.678324
vt 0.720974 0.681753
vt 0.712097 0.678793
vt 0.712976 0.691493
vt 0.081940 0.349705
vt 0.080004 0.361798
vt 0.687836 0.673960
vt 0.689402 0.679685
vt 0.717318 0.697026
vt 0.715344 0.676519
vt 0.082328 0.294105
vt 0.722115 0.674980
vt 0.702554 0.666709
vt 0.709213 0.671060
vt 0.700887 0.676892
vt 0.704378 0.682695
vt 0.696364 0.662343
vt 0.699540 0.652924
vt 0.656497 0.671494
vt 0.694798 0.667347
vt 0.727571 0.649153
vt 0.712263 0.660381
vt 0.720618 0.642001
vt 0.727455 0.660942
vt 0.715378 0.670749
vt 0.732892 0.665411
vt 0.737801 0.645698
vt 0.736433 0.682148
vt 0.741114 0.660031
vt 0.690718 0.604454
vt 0.693822 0.594051
vt 0.098700 0.383375
vt 0.100368 0.392310
vt 0.102998 0.403053
vt 0.755748 0.674546
vt 0.761298 0.665732
vt 0.077945 0.394909
vt 0.091967 0.383425
vt 0.089836 0.390820
vt 0.099781 0.377466
vt 0.077621 0.388030
vt 0.069162 0.377526
vt 0.685434 0.593381
vt 0.089823 0.414613
vt 0.093737 0.427097
vt 0.678273 0.585073
vt 0.671998 0.591981
vt 0.091125 0.400176
vt 0.079773 0.435772
vt 0.105168 0.440677
vt 0.071851 0.432966
vt 0.076619 0.416636
vt 0.068312 0.417715
vt 0.698723 0.585331
vt 0.062525 0.412749
vt 0.064567 0.393774
vt 0.075921 0.368656
vt 0.700621 0.573152
vt 0.683425 0.573595
vt 0.720114 0.629769
vt 0.092892 0.437385
vt 0.725214 0.609463
vt 0.721071 0.623310
vt 0.698466 0.561210
vt 0.446805 0.749096
vt 0.079087 0.442915
vt 0.735105 0.634030
vt 0.715764 0.564075
vt 0.715036 0.547979
vt 0.743158 0.612389
vt 0.741432 0.626799
vt 0.730484 0.617591
vt 0.745023 0.637267
vt 0.725477 0.565338
vt 0.733343 0.582036
vt 0.067734 0.426667
vt 0.755691 0.614985
vt 0.737385 0.557691
vt 0.749479 0.582489
vt 0.744759 0.570184
vt 0.763016 0.613195
vt 0.038495 0.420087
vt 0.045524 0.413536
vt 0.052388 0.406702
vt 0.754634 0.633206
vt 0.749773 0.545239
vt 0.723848 0.540910
vt 0.061422 0.425838
vt 0.734283 0.536762
vt 0.029464 0.425582
vt 0.021187 0.436746
vt 0.752358 0.565601
vt 0.052621 0.433451
vt 0.061905 0.433328
vt 0.776771 0.526647
vt 0.745330 0.530677
vt 0.033530 0.466901
vt 0.727117 0.689957
vt 0.727189 0.696223
vt 0.732604 0.690118
vt 0.755934 0.581033
vt 0.730505 0.695593
vt 0.729732 0.703444
vt 0.360399 0.757488
vt 0.736597 0.697080
vt 0.738652 0.702995
vt 0.768028 0.547268
vt 0.002639 0.215222
vt 0.086501 0.753206
vt 0.096325 0.753461
vt 0.292089 0.580833
vt 0.742105 0.697329
vt 0.743706 0.684444
vt 0.749760 0.692100
vt 0.100955 0.757055
vt 0.259239 0.717611
vt 0.121178 0.746573
vt 0.837127 0.658328
vt 0.073926 0.765928
vt 0.110096 0.766693
vt 0.840151 0.666241
vt 0.754103 0.712220
vt 0.748483 0.716496
vt 0.749207 0.711273
vt 0.753980 0.691987
vt 0.752893 0.704111
vt 0.105950 0.750390
vt 0.768164 0.701813
vt 0.761636 0.704485
vt 0.762062 0.693809
vt 0.759829 0.716121
vt 0.127792 0.771576
vt 0.136976 0.766110
vt 0.746302 0.709314
vt 0.101889 0.746640
vt 0.112187 0.738031
vt 0.130918 0.760394
vt 0.010644 0.216373
vt 0.094272 0.749358
vt 0.087874 0.745907
vt 0.097375 0.738837
vt 0.777284 0.691139
vt 0.082821 0.749334
vt 0.747093 0.674052
vt 0.752012 0.684037
vt 0.753715 0.662632
vt 0.757100 0.681216
vt 0.760773 0.659753
vt 0.750029 0.650690
vt 0.755680 0.651358
vt 0.143408 0.745876
vt 0.107443 0.722818
vt 0.119377 0.721055
vt 0.103041 0.730709
vt 0.117833 0.730488
vt 0.131034 0.724831
vt 0.125895 0.733480
vt 0.132616 0.737737
vt 0.795455 0.649227
vt 0.792969 0.664379
vt 0.776210 0.650677
vt 0.150304 0.766117
vt 0.774050 0.680398
vt 0.129289 0.709809
vt 0.141198 0.711530
vt 0.136750 0.716706
vt 0.162619 0.751536
vt 0.171179 0.761599
vt 0.167605 0.743979
vt 0.744582 0.649853
vt 0.781146 0.681365
vt 0.201612 0.720546
vt 0.197016 0.738945
vt 0.155487 0.713309
vt 0.146514 0.721288
vt 0.180547 0.754991
vt 0.206474 0.760388
vt 0.188697 0.768080
vt 0.191132 0.760963
vt 0.238784 0.750749
vt 0.243497 0.731075
vt 0.258150 0.742961
vt 0.255781 0.764302
vt 0.224287 0.753753
vt 0.216891 0.732591
vt 0.233163 0.728873
vt 0.216807 0.712893
vt 0.184126 0.781494
vt 0.665846 0.608912
vt 0.253978 0.726083
vt 0.081236 0.340689
vt 0.180772 0.770775
vt 0.262781 0.744435
vt 0.755178 0.644625
vt 0.205920 0.770669
vt 0.763138 0.599351
vt 0.768428 0.607547
vt 0.759277 0.640914
vt 0.782355 0.631023
vt 0.763473 0.649832
vt 0.770472 0.636778
vt 0.766805 0.624723
vt 0.789708 0.634714
vt 0.806783 0.643380
vt 0.773158 0.628544
vt 0.803598 0.627031
vt 0.776150 0.617772
vt 0.782273 0.622777
vt 0.793700 0.610230
vt 0.804276 0.613245
vt 0.785334 0.643966
vt 0.776111 0.608150
vt 0.206905 0.670291
vt 0.201844 0.698810
vt 0.806958 0.595226
vt 0.791874 0.597796
vt 0.783565 0.589142
vt 0.241525 0.718128
vt 0.774776 0.569139
vt 0.228438 0.709860
vt 0.245151 0.697852
vt 0.211278 0.694486
vt 0.769819 0.592248
vt 0.241543 0.668253
vt 0.247347 0.712926
vt 0.225059 0.668338
vt 0.760048 0.523540
vt 0.784967 0.555189
vt 0.778739 0.512834
vt 0.006898 0.448342
vt 0.797931 0.577386
vt 0.791397 0.535678
vt 0.238935 0.689794
vt 0.223612 0.694251
vt 0.247951 0.664336
vt 0.257888 0.665459
vt 0.795198 0.555221
vt 0.217003 0.684497
vt 0.301709 0.778567
vt 0.300699 0.766732
vt 0.343305 0.792013
vt 0.329071 0.787800
vt 0.335178 0.801470
vt 0.785910 0.518421
vt 0.299454 0.759154
vt 0.276428 0.753514
vt 0.374663 0.736896
vt 0.431581 0.819809
vt 0.442064 0.800045
vt 0.442567 0.778105
vt 0.858031 0.729880
vt 0.843511 0.707749
vt 0.854851 0.713360
vt 0.851231 0.241893
vt 0.856643 0.233383
vt 0.859627 0.241150
vt 0.532869 0.172666
vt 0.517687 0.169088
vt 0.524726 0.155448
vt 0.836102 0.367127
vt 0.843529 0.355940
vt 0.850471 0.363621
vt 0.759731 0.785640
vt 0.751526 0.809462
vt 0.751726 0.793902
vt 0.515987 0.149214
vt 0.521285 0.130162
vt 0.533364 0.156084
vt 0.834832 0.331874
vt 0.866727 0.230830
vt 0.871276 0.239725
vt 0.835224 0.343499
vt 0.848677 0.338831
vt 0.912673 0.812184
vt 0.918452 0.811080
vt 0.921785 0.819650
vt 0.835714 0.307562
vt 0.852214 0.232190
vt 0.860308 0.262804
vt 0.869565 0.275162
vt 0.856563 0.280028
vt 0.866122 0.248711
vt 0.842563 0.276796
vt 0.833473 0.355256
vt 0.860589 0.227079
vt 0.859422 0.350329
vt 0.864500 0.337987
vt 0.507028 0.205034
vt 0.518088 0.231839
vt 0.492747 0.241836
vt 0.841664 0.256871
vt 0.855956 0.256564
vt 0.504209 0.671745
vt 0.532780 0.676789
vt 0.506650 0.679349
vt 0.122180 0.966079
vt 0.123924 0.957053
vt 0.134388 0.967408
vt 0.825698 0.370121
vt 0.845182 0.222275
vt 0.131145 0.958438
vt 0.844581 0.239016
vt 0.906625 0.798336
vt 0.903816 0.808960
vt 0.031227 0.969023
vt 0.019414 0.974998
vt 0.020470 0.954368
vt 0.859792 0.217263
vt 0.842453 0.326668
vt 0.516071 0.215423
vt 0.130368 0.956314
vt 0.852538 0.315120
vt 0.517989 0.242239
vt 0.855680 0.334029
vt 0.855046 0.327600
vt 0.862665 0.330293
vt 0.849351 0.332020
vt 0.740106 0.865174
vt 0.744485 0.868457
vt 0.741079 0.870125
vt 0.735545 0.869670
vt 0.857992 0.292621
vt 0.482240 0.216687
vt 0.474477 0.217138
vt 0.488687 0.207732
vt 0.735740 0.803298
vt 0.741761 0.875144
vt 0.874478 0.286899
vt 0.724843 0.811238
vt 0.709095 0.809952
vt 0.718286 0.795998
vt 0.843428 0.288629
vt 0.919555 0.799207
vt 0.547299 0.183864
vt 0.554025 0.180857
vt 0.541028 0.148637
vt 0.848356 0.381145
vt 0.864705 0.318413
vt 0.476270 0.231013
vt 0.468382 0.227211
vt 0.472089 0.120385
vt 0.483850 0.119595
vt 0.484557 0.137508
vt 0.500754 0.727984
vt 0.495436 0.729073
vt 0.492614 0.723454
vt 0.846300 0.417163
vt 0.857639 0.416100
vt 0.850328 0.427355
vt 0.489470 0.726975
vt 0.431028 0.132931
vt 0.429151 0.155411
vt 0.424258 0.133774
vt 0.532946 0.192155
vt 0.163557 0.946794
vt 0.147564 0.947100
vt 0.148893 0.938445
vt 0.871761 0.393070
vt 0.862181 0.399104
vt 0.442349 0.149253
vt 0.064471 0.958264
vt 0.056508 0.974262
vt 0.053048 0.966793
vt 0.838632 0.432255
vt 0.849235 0.437270
vt 0.841129 0.445072
vt 0.835562 0.405262
vt 0.831534 0.415786
vt 0.847738 0.399796
vt 0.160490 0.932881
vt 0.631781 0.719699
vt 0.614939 0.725170
vt 0.608725 0.714493
vt 0.832360 0.379832
vt 0.836256 0.392637
vt 0.536316 0.198299
vt 0.521652 0.186876
vt 0.601614 0.714991
vt 0.587430 0.712622
vt 0.595763 0.706059
vt 0.554236 0.726606
vt 0.559301 0.742254
vt 0.551003 0.749877
vt 0.559944 0.701599
vt 0.548972 0.714119
vt 0.536973 0.706391
vt 0.514135 0.017081
vt 0.525890 0.040438
vt 0.505582 0.048101
vt 0.485115 0.731403
vt 0.477876 0.721357
vt 0.486623 0.723298
vt 0.526838 0.208762
vt 0.760482 0.809859
vt 0.772477 0.793797
vt 0.782401 0.812347
vt 0.728509 0.795608
vt 0.723652 0.790581
vt 0.728079 0.789418
vt 0.531365 0.726237
vt 0.744872 0.852458
vt 0.716584 0.846073
vt 0.726407 0.823306
vt 0.496237 0.033646
vt 0.747816 0.788066
vt 0.720661 0.873909
vt 0.460897 0.104834
vt 0.443508 0.100960
vt 0.454633 0.096379
vt 0.484465 0.044242
vt 0.834535 0.457562
vt 0.851907 0.453447
vt 0.513761 0.739300
vt 0.865910 0.439731
vt 0.598752 0.736688
vt 0.489850 0.682817
vt 0.491373 0.700659
vt 0.474177 0.704550
vt 0.485706 0.710494
vt 0.444123 0.175143
vt 0.424235 0.170691
vt 0.866678 0.423602
vt 0.462880 0.081135
vt 0.463399 0.097606
vt 0.454518 0.086478
vt 0.710144 0.781067
vt 0.708450 0.786887
vt 0.698646 0.790345
vt 0.477422 0.058551
vt 0.498019 0.079122
vt 0.474372 0.064830
vt 0.441903 0.108673
vt 0.455979 0.137866
vt 0.002273 0.983128
vt 0.008382 0.965253
vt 0.493190 0.751232
vt 0.721525 0.783854
vt 0.503806 0.702635
vt 0.064276 0.729617
vt 0.050543 0.721756
vt 0.059345 0.707248
vt 0.481440 0.715872
vt 0.864539 0.457072
vt 0.859356 0.509294
vt 0.852252 0.500988
vt 0.874413 0.501602
vt 0.872307 0.347627
vt 0.469067 0.094491
vt 0.467827 0.099711
vt 0.874434 0.335160
vt 0.829017 0.484181
vt 0.835665 0.480265
vt 0.835168 0.497749
vt 0.847925 0.487011
vt 0.847494 0.476433
vt 0.858986 0.470569
vt 0.492663 0.049490
vt 0.840363 0.502570
vt 0.697535 0.769796
vt 0.701794 0.774155
vt 0.681875 0.786873
vt 0.877505 0.363184
vt 0.874402 0.370430
vt 0.866997 0.361562
vt 0.878013 0.327809
vt 0.865711 0.334146
vt 0.098092 0.934005
vt 0.091763 0.945616
vt 0.084764 0.930739
vt 0.779988 0.820958
vt 0.579712 0.700265
vt 0.586390 0.707455
vt 0.577713 0.710529
vt 0.752352 0.819508
vt 0.695257 0.801385
vt 0.686921 0.796860
vt 0.425197 0.209700
vt 0.441852 0.201210
vt 0.447466 0.221672
vt 0.469217 0.074601
vt 0.503204 0.071883
vt 0.040605 0.706614
vt 0.046952 0.701261
vt 0.731751 0.773118
vt 0.715358 0.780476
vt 0.725490 0.770170
vt 0.517645 0.693633
vt 0.874235 0.355235
vt 0.877799 0.347017
vt 0.080250 0.707677
vt 0.782386 0.865904
vt 0.781789 0.875656
vt 0.769244 0.879260
vt 0.884508 0.330155
vt 0.704622 0.797193
vt 0.572572 0.695599
vt 0.565439 0.712699
vt 0.884054 0.323968
vt 0.898364 0.356692
vt 0.875511 0.252639
vt 0.884773 0.230843
vt 0.884851 0.247343
vt 0.874699 0.224554
vt 0.885090 0.337056
vt 0.891980 0.324852
vt 0.532262 0.707904
vt 0.506095 0.712496
vt 0.889444 0.246355
vt 0.633549 0.725561
vt 0.681480 0.777449
vt 0.893812 0.239623
vt 0.900604 0.235216
vt 0.878054 0.266115
vt 0.918626 0.298449
vt 0.928157 0.284285
vt 0.931118 0.293085
vt 0.902525 0.323413
vt 0.914895 0.347832
vt 0.904881 0.368115
vt 0.919463 0.337679
vt 0.895262 0.249668
vt 0.693343 0.461478
vt 0.701811 0.450498
vt 0.706749 0.464531
vt 0.916761 0.317989
vt 0.899208 0.304248
vt 0.890533 0.256356
vt 0.937365 0.241717
vt 0.921372 0.238624
vt 0.933186 0.236151
vt 0.936267 0.314069
vt 0.926531 0.327352
vt 0.924135 0.318411
vt 0.898186 0.320899
vt 0.897040 0.311262
vt 0.686876 0.527300
vt 0.687952 0.507554
vt 0.701217 0.508219
vt 0.889753 0.316686
vt 0.880129 0.307743
vt 0.875809 0.320096
vt 0.506038 0.002080
vt 0.679985 0.525263
vt 0.693783 0.483146
vt 0.703587 0.496072
vt 0.936902 0.254679
vt 0.942220 0.259722
vt 0.932857 0.272343
vt 0.684943 0.471877
vt 0.671385 0.464410
vt 0.875895 0.242716
vt 0.538353 0.751284
vt 0.521856 0.748299
vt 0.922304 0.266979
vt 0.884333 0.282328
vt 0.447851 0.240619
vt 0.901936 0.258804
vt 0.884112 0.313865
vt 0.905750 0.242034
vt 0.896372 0.267145
vt 0.718855 0.483495
vt 0.904285 0.219316
vt 0.869710 0.283330
vt 0.885688 0.295648
vt 0.925275 0.220478
vt 0.736364 0.457618
vt 0.739686 0.461209
vt 0.736488 0.482361
vt 0.915180 0.841543
vt 0.916430 0.830343
vt 0.923047 0.842032
vt 0.728689 0.481864
vt 0.898499 0.291234
vt 0.900420 0.273326
vt 0.923300 0.827833
vt 0.565217 0.693835
vt 0.687355 0.489708
vt 0.677173 0.476946
vt 0.562704 0.693215
vt 0.936392 0.334959
vt 0.943269 0.245084
vt 0.959099 0.237894
vt 0.955471 0.254426
vt 0.947580 0.255183
vt 0.694225 0.499776
vt 0.934359 0.345003
vt 0.955285 0.270048
vt 0.673050 0.502929
vt 0.942222 0.283949
vt 0.679325 0.547437
vt 0.701350 0.532149
vt 0.691912 0.544506
vt 0.940052 0.235002
vt 0.739716 0.452896
vt 0.721388 0.498618
vt 0.923263 0.251293
vt 0.947013 0.294095
vt 0.656036 0.540610
vt 0.654126 0.516076
vt 0.671458 0.523396
vt 0.655228 0.496545
vt 0.662561 0.482930
vt 0.671777 0.483493
vt 0.639870 0.480144
vt 0.649778 0.478392
vt 0.643967 0.495461
vt 0.667636 0.496017
vt 0.636828 0.495765
vt 0.653751 0.484484
vt 0.940097 0.218164
vt 0.648497 0.509314
vt 0.632055 0.506634
vt 0.643088 0.515810
vt 0.949236 0.221818
vt 0.706885 0.518697
vt 0.669681 0.561126
vt 0.885578 0.408075
vt 0.872505 0.410417
vt 0.624449 0.499707
vt 0.893527 0.398780
vt 0.885622 0.384835
vt 0.605428 0.038693
vt 0.600803 0.047317
vt 0.597915 0.042162
vt 0.670008 0.472818
vt 0.875671 0.432463
vt 0.882766 0.414117
vt 0.887840 0.429149
vt 0.925748 0.364543
vt 0.919568 0.372131
vt 0.889197 0.415919
vt 0.632799 0.476011
vt 0.931562 0.380697
vt 0.925323 0.377333
vt 0.932735 0.364148
vt 0.939535 0.368038
vt 0.927154 0.401357
vt 0.914884 0.399431
vt 0.924086 0.386408
vt 0.612941 0.501494
vt 0.619141 0.482949
vt 0.884452 0.375157
vt 0.919767 0.433550
vt 0.924886 0.432522
vt 0.897268 0.385636
vt 0.901133 0.409940
vt 0.731574 0.422358
vt 0.737943 0.410997
vt 0.738262 0.425912
vt 0.718004 0.394651
vt 0.726030 0.408763
vt 0.707176 0.404378
vt 0.751861 0.395100
vt 0.750753 0.373596
vt 0.754937 0.366720
vt 0.894591 0.432372
vt 0.742487 0.379954
vt 0.901967 0.423948
vt 0.940986 0.383457
vt 0.698998 0.394916
vt 0.696098 0.410957
vt 0.908248 0.432178
vt 0.901049 0.445999
vt 0.888312 0.455118
vt 0.684972 0.391269
vt 0.679540 0.396098
vt 0.909695 0.217884
vt 0.913172 0.222904
vt 0.874181 0.460381
vt 0.884117 0.465558
vt 0.885885 0.489749
vt 0.876249 0.447602
vt 0.914882 0.460881
vt 0.874056 0.466700
vt 0.743307 0.365105
vt 0.732856 0.378598
vt 0.703042 0.430820
vt 0.924570 0.466830
vt 0.907083 0.480283
vt 0.895384 0.492987
vt 0.900017 0.477982
vt 0.717753 0.364720
vt 0.729839 0.341623
vt 0.698610 0.343857
vt 0.706187 0.335770
vt 0.712434 0.340546
vt 0.892136 0.480190
vt 0.745357 0.351304
vt 0.753389 0.333244
vt 0.740652 0.349608
vt 0.652094 0.366876
vt 0.665016 0.335636
vt 0.663840 0.357491
vt 0.747455 0.307527
vt 0.734807 0.298478
vt 0.741646 0.331584
vt 0.691968 0.334473
vt 0.690873 0.321856
vt 0.895797 0.466944
vt 0.738504 0.443788
vt 0.685942 0.357530
vt 0.674380 0.370381
vt 0.676068 0.334001
vt 0.684002 0.338312
vt 0.682281 0.349486
vt 0.938097 0.350915
vt 0.708745 0.361245
vt 0.692249 0.366918
vt 0.675633 0.354392
vt 0.730240 0.316832
vt 0.920925 0.490096
vt 0.668827 0.360748
vt 0.671186 0.436049
vt 0.666950 0.431521
vt 0.685304 0.421801
vt 0.684925 0.318405
vt 0.683435 0.441227
vt 0.883528 0.498509
vt 0.878383 0.485090
vt 0.660739 0.451533
vt 0.669460 0.452194
vt 0.664393 0.458933
vt 0.704998 0.322528
vt 0.720314 0.330304
vt 0.939304 0.342179
vt 0.674203 0.384735
vt 0.670923 0.401567
vt 0.651070 0.335021
vt 0.654038 0.320818
vt 0.640700 0.411931
vt 0.645270 0.405597
vt 0.649787 0.408255
vt 0.638162 0.459976
vt 0.626647 0.466076
vt 0.634708 0.448561
vt 0.928531 0.493754
vt 0.623208 0.454487
vt 0.678981 0.411114
vt 0.598702 0.485108
vt 0.587712 0.475285
vt 0.611574 0.467721
vt 0.614375 0.437883
vt 0.609913 0.416085
vt 0.622404 0.424363
vt 0.638502 0.429205
vt 0.604410 0.429071
vt 0.623014 0.396865
vt 0.653045 0.418306
vt 0.610666 0.493471
vt 0.596455 0.451823
vt 0.649385 0.395114
vt 0.655325 0.394944
vt 0.601302 0.414657
vt 0.607690 0.488365
vt 0.643084 0.372254
vt 0.653406 0.383246
vt 0.614374 0.454177
vt 0.648167 0.429218
vt 0.648082 0.389118
vt 0.584384 0.408641
vt 0.582164 0.431267
vt 0.568496 0.432406
vt 0.641520 0.360020
vt 0.569507 0.410056
vt 0.587702 0.428330
vt 0.588847 0.415003
vt 0.597483 0.413385
vt 0.559109 0.412443
vt 0.637073 0.369253
vt 0.642688 0.449258
vt 0.586772 0.457815
vt 0.571837 0.467037
vt 0.571762 0.450612
vt 0.594455 0.437203
vt 0.637102 0.382821
vt 0.633711 0.388428
vt 0.660304 0.465955
vt 0.574032 0.399239
vt 0.576338 0.378937
vt 0.587106 0.384376
vt 0.564011 0.445319
vt 0.584396 0.443273
vt 0.612330 0.396491
vt 0.606253 0.377037
vt 0.617242 0.371143
vt 0.558313 0.459036
vt 0.563958 0.469130
vt 0.606044 0.388745
vt 0.634300 0.374214
vt 0.626080 0.373811
vt 0.632077 0.361383
vt 0.581196 0.350462
vt 0.591679 0.360435
vt 0.577461 0.364034
vt 0.606856 0.365933
vt 0.605371 0.337097
vt 0.618212 0.349862
vt 0.644375 0.338971
vt 0.641528 0.344793
vt 0.638336 0.341618
vt 0.626064 0.336841
vt 0.593325 0.372419
vt 0.599395 0.386420
vt 0.646152 0.346368
vt 0.594244 0.393261
vt 0.567715 0.353265
vt 0.561308 0.406077
vt 0.535978 0.454761
vt 0.540880 0.447487
vt 0.547636 0.456693
vt 0.602996 0.367601
vt 0.559177 0.423797
vt 0.560441 0.396240
vt 0.534373 0.426531
vt 0.530891 0.414219
vt 0.544437 0.412230
vt 0.519946 0.417590
vt 0.525038 0.434266
vt 0.514347 0.435966
vt 0.540963 0.431312
vt 0.555009 0.440219
vt 0.558824 0.352427
vt 0.553872 0.367330
vt 0.534133 0.435537
vt 0.600411 0.344923
vt 0.544792 0.355793
vt 0.563165 0.374853
vt 0.558990 0.388561
vt 0.550722 0.390665
vt 0.549139 0.400448
vt 0.541539 0.395497
vt 0.556776 0.381852
vt 0.549087 0.463014
vt 0.509248 0.411183
vt 0.516890 0.399124
vt 0.535791 0.403197
vt 0.531303 0.381969
vt 0.531767 0.395913
vt 0.549747 0.376437
vt 0.547494 0.380707
vt 0.501995 0.390196
vt 0.505681 0.367593
vt 0.512664 0.395799
vt 0.536803 0.373413
vt 0.528962 0.369623
vt 0.536530 0.363480
vt 0.495474 0.376323
vt 0.540793 0.383786
vt 0.520119 0.447879
vt 0.517612 0.365558
vt 0.493137 0.394098
vt 0.487361 0.389717
vt 0.543060 0.686997
vt 0.542268 0.377792
vt 0.499639 0.421766
vt 0.847041 0.199109
vt 0.556575 0.691683
vt 0.858062 0.203693
vt 0.504088 0.054600
vt 0.847797 0.189913
vt 0.851715 0.195851
vt 0.843398 0.183616
vt 0.495709 0.404691
vt 0.611020 0.047235
vt 0.535398 0.379433
vt 0.906953 0.823448
vt 0.885077 0.836315
vt 0.881867 0.833342
vt 0.887040 0.830376
vt 0.851221 0.189393
vt 0.846761 0.182815
vt 0.852922 0.181545
vt 0.860332 0.193304
vt 0.900362 0.837295
vt 0.900116 0.831638
vt 0.904118 0.833061
vt 0.859672 0.177583
vt 0.919940 0.855891
vt 0.910013 0.846132
vt 0.760855 0.827953
vt 0.878018 0.844410
vt 0.843826 0.165346
vt 0.838549 0.175301
vt 0.872260 0.199271
vt 0.566035 0.734953
vt 0.581860 0.732049
vt 0.847566 0.179039
vt 0.040978 0.971718
vt 0.783285 0.830282
vt 0.864090 0.155011
vt 0.870558 0.160421
vt 0.860164 0.165746
vt 0.748555 0.825298
vt 0.853773 0.159186
vt 0.851663 0.152330
vt 0.847561 0.170450
vt 0.840452 0.178720
vt 0.618033 0.066766
vt 0.631557 0.064083
vt 0.639673 0.067713
vt 0.593128 0.033759
vt 0.581785 0.036922
vt 0.578479 0.031932
vt 0.927490 0.802272
vt 0.931642 0.798385
vt 0.931081 0.806864
vt 0.586915 0.041005
vt 0.851554 0.168235
vt 0.487801 0.676132
vt 0.864220 0.139306
vt 0.495470 0.140218
vt 0.509616 0.131314
vt 0.453155 0.188086
vt 0.428805 0.185283
vt 0.924542 0.805690
vt 0.865999 0.168630
vt 0.871606 0.183123
vt 0.615492 0.055514
vt 0.620303 0.061741
vt 0.873561 0.169611
vt 0.116125 0.989017
vt 0.113032 0.975887
vt 0.124522 0.977332
vt 0.907148 0.851252
vt 0.869789 0.130658
vt 0.873968 0.143221
vt 0.762414 0.834534
vt 0.769750 0.857464
vt 0.606089 0.055917
vt 0.449752 0.168378
vt 0.468957 0.155619
vt 0.472545 0.165283
vt 0.854486 0.111428
vt 0.496439 0.108402
vt 0.499009 0.120106
vt 0.673445 0.805596
vt 0.463410 0.181426
vt 0.862497 0.104635
vt 0.898086 0.818393
vt 0.868096 0.121539
vt 0.855890 0.081207
vt 0.865044 0.097567
vt 0.875418 0.063425
vt 0.853523 0.074037
vt 0.844254 0.065217
vt 0.857324 0.054719
vt 0.870440 0.081017
vt 0.873693 0.042932
vt 0.873050 0.051277
vt 0.862673 0.045074
vt 0.455913 0.152543
vt 0.472195 0.107885
vt 0.752612 0.779169
vt 0.764603 0.781617
vt 0.491409 0.178928
vt 0.478261 0.192643
vt 0.488160 0.165500
vt 0.623323 0.050740
vt 0.621187 0.054296
vt 0.618018 0.051771
vt 0.849712 0.035835
vt 0.843583 0.051849
vt 0.509739 0.111455
vt 0.596144 0.068353
vt 0.461118 0.201041
vt 0.895058 0.797793
vt 0.901907 0.789396
vt 0.632521 0.055883
vt 0.625839 0.059372
vt 0.419286 0.945925
vt 0.428804 0.934907
vt 0.437084 0.921371
vt 0.502831 0.160133
vt 0.523097 0.067087
vt 0.429013 0.895192
vt 0.446164 0.936527
vt 0.710466 0.793451
vt 0.427834 0.956432
vt 0.729056 0.784713
vt 0.733000 0.782098
vt 0.481911 0.102760
vt 0.771986 0.843460
vt 0.449662 0.892588
vt 0.457977 0.894660
vt 0.437427 0.956028
vt 0.511061 0.093174
vt 0.505597 0.099700
vt 0.451873 0.953070
vt 0.472410 0.204194
vt 0.412343 0.201606
vt 0.496176 0.099619
vt 0.432562 0.857196
vt 0.438243 0.841789
vt 0.439064 0.864820
vt 0.878938 0.212106
vt 0.449775 0.867998
vt 0.032443 0.958677
vt 0.901852 0.203239
vt 0.531454 0.028135
vt 0.098674 0.939634
vt 0.099857 0.942589
vt 0.905136 0.210325
vt 0.667158 0.790599
vt 0.532149 0.066065
vt 0.521591 0.050336
vt 0.537122 0.054780
vt 0.884753 0.203634
vt 0.553230 0.042120
vt 0.806492 0.839580
vt 0.810256 0.845752
vt 0.806346 0.844323
vt 0.453384 0.880819
vt 0.703363 0.792621
vt 0.814487 0.842686
vt 0.781202 0.859116
vt 0.449552 0.836859
vt 0.893015 0.181040
vt 0.898418 0.193886
vt 0.906418 0.189339
vt 0.916782 0.190110
vt 0.789263 0.852459
vt 0.877851 0.184980
vt 0.469601 0.837303
vt 0.114047 0.704758
vt 0.102725 0.716429
vt 0.098588 0.703084
vt 0.904406 0.171688
vt 0.922921 0.207416
vt 0.911793 0.179315
vt 0.884302 0.175826
vt 0.892473 0.170764
vt 0.083583 0.729404
vt 0.088157 0.709453
vt 0.914596 0.159628
vt 0.907156 0.158414
vt 0.898807 0.157875
vt 0.893854 0.161475
vt 0.478404 0.094868
vt 0.958401 0.220440
vt 0.950761 0.202729
vt 0.958295 0.200815
vt 0.889681 0.132362
vt 0.880597 0.136787
vt 0.948199 0.189526
vt 0.943051 0.197300
vt 0.881893 0.125834
vt 0.886578 0.153466
vt 0.904329 0.133089
vt 0.877713 0.158988
vt 0.667159 0.576057
vt 0.677501 0.575258
vt 0.946894 0.161950
vt 0.931890 0.187016
vt 0.930471 0.176764
vt 0.954690 0.168754
vt 0.904562 0.146646
vt 0.937239 0.197925
vt 0.931767 0.212907
vt 0.532703 0.109621
vt 0.545535 0.088999
vt 0.657956 0.569922
vt 0.665798 0.554185
vt 0.661980 0.601333
vt 0.684436 0.558597
vt 0.633497 0.532056
vt 0.649547 0.554240
vt 0.655557 0.578440
vt 0.648259 0.576506
vt 0.777904 0.881619
vt 0.784643 0.880441
vt 0.788225 0.887273
vt 0.636045 0.561095
vt 0.640896 0.594991
vt 0.633354 0.583728
vt 0.624243 0.529870
vt 0.626442 0.547902
vt 0.615763 0.564817
vt 0.615120 0.545529
vt 0.618659 0.548897
vt 0.627313 0.562522
vt 0.641954 0.551692
vt 0.585808 0.526697
vt 0.596810 0.523872
vt 0.574727 0.544154
vt 0.922069 0.173114
vt 0.620203 0.520261
vt 0.931889 0.151182
vt 0.925897 0.197088
vt 0.929545 0.193561
vt 0.931529 0.222681
vt 0.937312 0.143003
vt 0.900921 0.126069
vt 0.650644 0.604117
vt 0.607761 0.536503
vt 0.595743 0.555629
vt 0.947345 0.139266
vt 0.630820 0.605804
vt 0.955437 0.144483
vt 0.948388 0.130634
vt 0.613615 0.624919
vt 0.605487 0.620410
vt 0.618591 0.607273
vt 0.956319 0.129847
vt 0.896021 0.119803
vt 0.963892 0.107971
vt 0.577407 0.553938
vt 0.622604 0.596826
vt 0.619110 0.578714
vt 0.910247 0.129004
vt 0.575705 0.530199
vt 0.928638 0.127597
vt 0.597658 0.572889
vt 0.608660 0.586758
vt 0.946604 0.118050
vt 0.561381 0.527701
vt 0.566535 0.539558
vt 0.642609 0.619992
vt 0.935486 0.112268
vt 0.602735 0.497787
vt 0.583919 0.574139
vt 0.601056 0.601632
vt 0.960772 0.141401
vt 0.957001 0.108436
vt 0.562211 0.557946
vt 0.550286 0.547745
vt 0.594175 0.618506
vt 0.575055 0.616339
vt 0.585695 0.598619
vt 0.622232 0.642743
vt 0.568683 0.579640
vt 0.543265 0.569090
vt 0.584433 0.590602
vt 0.905005 0.112382
vt 0.897809 0.104796
vt 0.902014 0.095585
vt 0.902000 0.082422
vt 0.893709 0.092931
vt 0.907475 0.100891
vt 0.889381 0.087802
vt 0.962192 0.081897
vt 0.967241 0.092905
vt 0.959151 0.096632
vt 0.572159 0.607339
vt 0.576993 0.588560
vt 0.943792 0.099426
vt 0.952719 0.097685
vt 0.924239 0.092187
vt 0.949492 0.073053
vt 0.936882 0.074012
vt 0.962811 0.099160
vt 0.928648 0.091936
vt 0.882756 0.106150
vt 0.910465 0.084308
vt 0.550093 0.600295
vt 0.955802 0.071812
vt 0.915314 0.061592
vt 0.900809 0.065555
vt 0.553216 0.583572
vt 0.884866 0.082996
vt 0.887380 0.069832
vt 0.892752 0.076901
vt 0.896040 0.056430
vt 0.888613 0.056608
vt 0.600404 0.640423
vt 0.610302 0.652368
vt 0.898171 0.051357
vt 0.550971 0.572877
vt 0.884652 0.093396
vt 0.928652 0.085173
vt 0.885421 0.046431
vt 0.593207 0.632263
vt 0.588770 0.642430
vt 0.940693 0.060234
vt 0.941895 0.067364
vt 0.578582 0.628947
vt 0.938668 0.041720
vt 0.563986 0.636920
vt 0.571323 0.499486
vt 0.967047 0.077837
vt 0.911645 0.048946
vt 0.924893 0.081168
vt 0.603521 0.664204
vt 0.574008 0.477476
vt 0.962686 0.063619
vt 0.575522 0.503843
vt 0.531429 0.542777
vt 0.526261 0.518717
vt 0.536768 0.528063
vt 0.555713 0.513357
vt 0.565398 0.499388
vt 0.592662 0.669141
vt 0.947788 0.066844
vt 0.558985 0.487152
vt 0.549875 0.471402
vt 0.557659 0.500211
vt 0.551100 0.507235
vt 0.530425 0.556801
vt 0.528421 0.567728
vt 0.543047 0.516293
vt 0.557509 0.521529
vt 0.549506 0.622892
vt 0.555159 0.624495
vt 0.548339 0.577284
vt 0.544903 0.538655
vt 0.542410 0.586495
vt 0.536020 0.585865
vt 0.545557 0.487516
vt 0.535297 0.501288
vt 0.588127 0.503080
vt 0.527208 0.503397
vt 0.571170 0.654445
vt 0.531160 0.489868
vt 0.532690 0.464134
vt 0.518069 0.504054
vt 0.516679 0.463654
vt 0.508522 0.478443
vt 0.506739 0.463598
vt 0.493208 0.478216
vt 0.524659 0.555387
vt 0.521172 0.483571
vt 0.526329 0.475730
vt 0.511414 0.551336
vt 0.519929 0.536372
vt 0.502847 0.486475
vt 0.503567 0.495873
vt 0.468198 0.456681
vt 0.470837 0.448595
vt 0.481207 0.453605
vt 0.647110 0.417254
vt 0.499612 0.457588
vt 0.511741 0.571031
vt 0.522822 0.573287
vt 0.479357 0.508307
vt 0.485658 0.490626
vt 0.492044 0.503710
vt 0.473160 0.501905
vt 0.496450 0.520592
vt 0.488789 0.513543
vt 0.493207 0.452308
vt 0.520314 0.523223
vt 0.493998 0.541097
vt 0.475955 0.481101
vt 0.483408 0.481904
vt 0.488037 0.474973
vt 0.450990 0.464294
vt 0.458249 0.477398
vt 0.484770 0.430731
vt 0.480634 0.540762
vt 0.479386 0.528586
vt 0.450696 0.450127
vt 0.453869 0.489286
vt 0.462806 0.512571
vt 0.509559 0.534175
vt 0.486109 0.465931
vt 0.452265 0.506024
vt 0.463957 0.479400
vt 0.477590 0.470506
vt 0.481567 0.475435
vt 0.443907 0.508035
vt 0.439841 0.490182
vt 0.432984 0.489215
vt 0.437765 0.504746
vt 0.462644 0.523981
vt 0.489303 0.419140
vt 0.473493 0.438684
vt 0.489243 0.408538
vt 0.499749 0.556652
vt 0.437505 0.463420
vt 0.415259 0.489030
vt 0.424256 0.478073
vt 0.421547 0.491965
vt 0.452944 0.412287
vt 0.455886 0.430035
vt 0.441630 0.425987
vt 0.482799 0.382614
vt 0.482022 0.373444
vt 0.434110 0.472973
vt 0.468083 0.411701
vt 0.469709 0.401175
vt 0.477008 0.410994
vt 0.477339 0.380287
vt 0.479291 0.418216
vt 0.472067 0.419173
vt 0.458584 0.418683
vt 0.457648 0.399619
vt 0.481454 0.391385
vt 0.480547 0.406707
vt 0.478359 0.399469
vt 0.483334 0.397204
vt 0.467200 0.389262
vt 0.465860 0.428823
vt 0.416851 0.469689
vt 0.423885 0.455398
vt 0.449651 0.387583
vt 0.456726 0.369777
vt 0.469945 0.377274
vt 0.425911 0.437128
vt 0.434510 0.445910
vt 0.447274 0.401424
vt 0.482420 0.412320
vt 0.286747 0.929662
vt 0.271956 0.921812
vt 0.284547 0.912885
vt 0.440591 0.399324
vt 0.443329 0.384344
vt 0.280650 0.938229
vt 0.276795 0.909583
vt 0.257431 0.899995
vt 0.275058 0.894436
vt 0.220100 0.934828
vt 0.216297 0.919716
vt 0.222981 0.920011
vt 0.258455 0.912228
vt 0.257334 0.929389
vt 0.258493 0.922628
vt 0.262910 0.924996
vt 0.227419 0.884739
vt 0.219362 0.891509
vt 0.217044 0.880221
vt 0.290202 0.899287
vt 0.430428 0.423878
vt 0.270219 0.936282
vt 0.263240 0.931167
vt 0.213904 0.883764
vt 0.248859 0.921854
vt 0.253916 0.919651
vt 0.262904 0.936239
vt 0.242946 0.886244
vt 0.256783 0.939498
vt 0.264770 0.941934
vt 0.927266 0.030935
vt 0.919482 0.037230
vt 0.912156 0.031455
vt 0.223319 0.903145
vt 0.237260 0.892572
vt 0.232930 0.917404
vt 0.201943 0.873892
vt 0.256876 0.890262
vt 0.196169 0.888894
vt 0.241946 0.932707
vt 0.235402 0.939286
vt 0.225495 0.933573
vt 0.570332 0.673088
vt 0.228643 0.947058
vt 0.235737 0.949002
vt 0.954031 0.036907
vt 0.945415 0.048709
vt 0.513406 0.947048
vt 0.507245 0.940534
vt 0.512124 0.923760
vt 0.516475 0.930024
vt 0.582901 0.675321
vt 0.251716 0.942487
vt 0.248173 0.935733
vt 0.230970 0.962017
vt 0.231866 0.965985
vt 0.227116 0.965340
vt 0.962923 0.049700
vt 0.524143 0.940147
vt 0.526151 0.923483
vt 0.259150 0.950091
vt 0.508048 0.924550
vt 0.506362 0.918836
vt 0.241410 0.953143
vt 0.244818 0.897985
vt 0.502992 0.945230
vt 0.491580 0.951501
vt 0.503023 0.932956
vt 0.248078 0.953653
vt 0.252209 0.958450
vt 0.246903 0.958087
vt 0.591142 0.686031
vt 0.599230 0.676702
vt 0.966582 0.039885
vt 0.524816 0.916125
vt 0.532980 0.860141
vt 0.532364 0.837146
vt 0.538837 0.853982
vt 0.583342 0.691316
vt 0.539051 0.936673
vt 0.246865 0.945529
vt 0.541350 0.610449
vt 0.495776 0.915997
vt 0.537649 0.598555
vt 0.220117 0.946294
vt 0.522601 0.595966
vt 0.552346 0.638465
vt 0.241482 0.939024
vt 0.535084 0.610718
vt 0.890766 0.039928
vt 0.507221 0.589824
vt 0.500078 0.570338
vt 0.899388 0.035189
vt 0.569730 0.689963
vt 0.554436 0.652306
vt 0.511446 0.904422
vt 0.524657 0.627216
vt 0.521394 0.634732
vt 0.488147 0.580501
vt 0.554503 0.683748
vt 0.610412 0.934641
vt 0.601932 0.937617
vt 0.612601 0.921840
vt 0.589801 0.921778
vt 0.584914 0.924597
vt 0.539573 0.930493
vt 0.546559 0.662341
vt 0.545461 0.931362
vt 0.552359 0.938639
vt 0.543540 0.653767
vt 0.526898 0.610945
vt 0.538382 0.909310
vt 0.502212 0.597177
vt 0.525257 0.663767
vt 0.537568 0.666161
vt 0.509461 0.610154
vt 0.511313 0.630231
vt 0.503811 0.633724
vt 0.488386 0.616484
vt 0.577560 0.931432
vt 0.589707 0.937508
vt 0.569877 0.935994
vt 0.247217 0.905720
vt 0.525151 0.901436
vt 0.490548 0.605978
vt 0.519105 0.607143
vt 0.563370 0.932237
vt 0.560105 0.942355
vt 0.554594 0.933412
vt 0.211110 0.901590
vt 0.478897 0.637067
vt 0.489082 0.626444
vt 0.490518 0.638842
vt 0.476390 0.588118
vt 0.488677 0.572857
vt 0.459376 0.949580
vt 0.477917 0.624005
vt 0.470656 0.618014
vt 0.519233 0.613141
vt 0.621397 0.930097
vt 0.480919 0.944183
vt 0.469815 0.945860
vt 0.465715 0.932557
vt 0.649186 0.932592
vt 0.636563 0.940670
vt 0.631132 0.925271
vt 0.462046 0.594333
vt 0.510276 0.648509
vt 0.499470 0.640101
vt 0.628047 0.940860
vt 0.542286 0.674542
vt 0.509297 0.891773
vt 0.479200 0.907529
vt 0.461073 0.922656
vt 0.552697 0.929374
vt 0.467559 0.442732
vt 0.566805 0.921796
vt 0.579913 0.916741
vt 0.505919 0.863997
vt 0.514271 0.871962
vt 0.490038 0.869480
vt 0.539573 0.863129
vt 0.551547 0.838479
vt 0.561290 0.869101
vt 0.655402 0.953273
vt 0.493796 0.854520
vt 0.479500 0.865502
vt 0.475748 0.950878
vt 0.657172 0.939480
vt 0.589393 0.916225
vt 0.624938 0.924512
vt 0.621983 0.910349
vt 0.630281 0.912139
vt 0.528502 0.886635
vt 0.641262 0.912424
vt 0.555364 0.906112
vt 0.559943 0.923220
vt 0.621463 0.867282
vt 0.610335 0.871718
vt 0.610779 0.857943
vt 0.489640 0.885457
vt 0.469591 0.879939
vt 0.562466 0.890693
vt 0.600834 0.869793
vt 0.489295 0.891322
vt 0.476783 0.853077
vt 0.462534 0.869487
vt 0.578539 0.905666
vt 0.544019 0.888221
vt 0.524712 0.868704
vt 0.495412 0.841075
vt 0.508322 0.833968
vt 0.584780 0.910669
vt 0.596263 0.896782
vt 0.570593 0.871572
vt 0.587635 0.895638
vt 0.595448 0.887801
vt 0.477823 0.834062
vt 0.587105 0.882146
vt 0.591238 0.887239
vt 0.608465 0.903178
vt 0.656998 0.903870
vt 0.643901 0.905372
vt 0.670564 0.918239
vt 0.616522 0.885904
vt 0.618247 0.892242
vt 0.536636 0.875488
vt 0.594382 0.879415
vt 0.621568 0.905219
vt 0.658684 0.879720
vt 0.637201 0.889304
vt 0.553540 0.826780
vt 0.561711 0.837705
vt 0.649499 0.866700
vt 0.582418 0.855635
vt 0.612536 0.880326
vt 0.626718 0.886886
vt 0.640713 0.871114
vt 0.624484 0.880468
vt 0.456753 0.531540
vt 0.473219 0.537236
vt 0.477688 0.553040
vt 0.459120 0.555949
vt 0.468964 0.564583
vt 0.482554 0.559427
vt 0.667938 0.890088
vt 0.597825 0.847487
vt 0.463070 0.542566
vt 0.616290 0.871929
vt 0.474737 0.573529
vt 0.450577 0.548986
vt 0.470286 0.577368
vt 0.443804 0.546187
vt 0.441418 0.519656
vt 0.437415 0.527302
vt 0.633771 0.861223
vt 0.404790 0.487669
vt 0.428631 0.512740
vt 0.455340 0.572518
vt 0.392403 0.515433
vt 0.408461 0.504478
vt 0.410746 0.519156
vt 0.660320 0.861294
vt 0.436676 0.557265
vt 0.425852 0.571572
vt 0.444364 0.567169
vt 0.669890 0.867273
vt 0.391393 0.500924
vt 0.408456 0.496552
vt 0.454139 0.563649
vt 0.393261 0.508944
vt 0.425245 0.531680
vt 0.322353 0.928574
vt 0.306698 0.920068
vt 0.308910 0.913363
vt 0.421412 0.557089
vt 0.433556 0.543704
vt 0.454155 0.582238
vt 0.414437 0.542752
vt 0.397344 0.527539
vt 0.404988 0.532581
vt 0.412843 0.536336
vt 0.668471 0.956334
vt 0.669590 0.943417
vt 0.692079 0.941182
vt 0.383538 0.508274
vt 0.698759 0.931589
vt 0.705236 0.947067
vt 0.724668 0.934706
vt 0.729234 0.937467
vt 0.725815 0.943511
vt 0.708018 0.924173
vt 0.736909 0.938040
vt 0.730308 0.928497
vt 0.717347 0.942582
vt 0.720429 0.950508
vt 0.726518 0.952748
vt 0.739820 0.927677
vt 0.734489 0.915795
vt 0.734652 0.950439
vt 0.743241 0.948290
vt 0.720627 0.918966
vt 0.718314 0.916256
vt 0.724635 0.910549
vt 0.747990 0.916041
vt 0.291907 0.920186
vt 0.294883 0.917848
vt 0.298135 0.928893
vt 0.745934 0.929044
vt 0.309640 0.939631
vt 0.098122 0.017106
vt 0.101208 0.012708
vt 0.105656 0.015205
vt 0.751531 0.937669
vt 0.295192 0.941059
vt 0.282333 0.959539
vt 0.286921 0.949877
vt 0.298860 0.955441
vt 0.386109 0.520277
vt 0.722053 0.926746
vt 0.749746 0.929504
vt 0.774110 0.932467
vt 0.776254 0.938845
vt 0.761378 0.940028
vt 0.758352 0.909022
vt 0.767299 0.904994
vt 0.769659 0.909941
vt 0.379294 0.517198
vt 0.278100 0.946670
vt 0.324340 0.955988
vt 0.323537 0.963699
vt 0.302130 0.969245
vt 0.306989 0.945580
vt 0.317851 0.949086
vt 0.270360 0.959125
vt 0.063365 0.004026
vt 0.071025 0.007220
vt 0.067740 0.012857
vt 0.794098 0.928391
vt 0.800893 0.923424
vt 0.810505 0.930974
vt 0.262705 0.968677
vt 0.253525 0.963843
vt 0.297115 0.984067
vt 0.303250 0.977146
vt 0.304875 0.986229
vt 0.256379 0.955665
vt 0.281635 0.973348
vt 0.276591 0.964443
vt 0.118730 0.006483
vt 0.121368 0.010559
vt 0.114477 0.014573
vt 0.278598 0.981356
vt 0.289597 0.988943
vt 0.237726 0.956975
vt 0.290746 0.966622
vt 0.240640 0.962759
vt 0.233035 0.968740
vt 0.235944 0.961299
vt 0.058687 0.027598
vt 0.059663 0.014571
vt 0.064470 0.020608
vt 0.083088 0.005557
vt 0.092012 0.005845
vt 0.080761 0.010471
vt 0.328991 0.937468
vt 0.777919 0.889963
vt 0.513773 0.838991
vt 0.525303 0.835178
vt 0.062383 0.029505
vt 0.104104 0.020355
vt 0.093267 0.024920
vt 0.099560 0.028389
vt 0.096670 0.033346
vt 0.073299 0.002985
vt 0.277738 0.993259
vt 0.069378 0.019833
vt 0.072187 0.025882
vt 0.751971 0.892409
vt 0.745450 0.898885
vt 0.741155 0.895206
vt 0.103442 0.002102
vt 0.108283 0.005623
vt 0.269242 0.982424
vt 0.274820 0.976646
vt 0.117209 0.013844
vt 0.818179 0.918384
vt 0.824155 0.925434
vt 0.076623 0.036816
vt 0.072215 0.033268
vt 0.075504 0.030295
vt 0.236924 0.973807
vt 0.231091 0.981007
vt 0.076065 0.016753
vt 0.828230 0.914948
vt 0.831497 0.916808
vt 0.704803 0.916092
vt 0.694968 0.918768
vt 0.702399 0.907043
vt 0.807898 0.915318
vt 0.244594 0.961467
vt 0.694614 0.894854
vt 0.799107 0.913000
vt 0.788660 0.920776
vt 0.726402 0.918041
vt 0.108261 0.018789
vt 0.108346 0.023573
vt 0.118067 0.017421
vt 0.112870 0.019051
vt 0.089174 0.032180
vt 0.082288 0.026741
vt 0.681052 0.924451
vt 0.246956 0.966027
vt 0.108295 0.029709
vt 0.102360 0.024762
vt 0.271543 0.989034
vt 0.245627 0.979836
vt 0.233858 0.991705
vt 0.712659 0.913533
vt 0.227873 0.985863
vt 0.228632 0.989852
vt 0.060214 0.002734
vt 0.059088 0.008789
vt 0.081077 0.053785
vt 0.091247 0.051051
vt 0.097645 0.010379
vt 0.713983 0.895542
vt 0.703882 0.894286
vt 0.701540 0.886964
vt 0.680294 0.884085
vt 0.770594 0.922181
vt 0.767462 0.930142
vt 0.757257 0.928679
vt 0.715011 0.921108
vt 0.694323 0.880761
vt 0.730174 0.900362
vt 0.726221 0.898136
vt 0.729974 0.909775
vt 0.732752 0.905223
vt 0.737122 0.911254
vt 0.767711 0.915202
vt 0.718593 0.911003
vt 0.757974 0.935872
vt 0.678551 0.870267
vt 0.734688 0.892065
vt 0.763986 0.897618
vt 0.257127 0.945218
vt 0.746628 0.884393
vt 0.776599 0.896495
vt 0.718225 0.904196
vt 0.780780 0.916882
vt 0.786766 0.912824
vt 0.117075 0.021202
vt 0.268932 0.927095
vt 0.109888 0.036065
vt 0.100836 0.040694
vt 0.096673 0.038483
vt 0.084310 0.037529
vt 0.081606 0.034007
vt 0.111490 0.001975
vt 0.804385 0.881940
vt 0.805824 0.886723
vt 0.799853 0.881780
vt 0.332046 0.958291
vt 0.322853 0.973867
vt 0.778555 0.911085
vt 0.809909 0.881321
vt 0.807795 0.877261
vt 0.812928 0.883919
vt 0.854936 0.527682
vt 0.862497 0.530118
vt 0.743053 0.781557
vt 0.744498 0.775851
vt 0.739693 0.880857
vt 0.541462 0.074781
vt 0.110001 0.032439
vt 0.121263 0.023792
vt 0.835125 0.516693
vt 0.801763 0.935346
vt 0.792207 0.934909
vt 0.837152 0.530960
vt 0.841630 0.526782
vt 0.234468 0.964325
vt 0.850996 0.539576
vt 0.091568 0.016326
vt 0.313695 0.979426
vt 0.844682 0.546210
vt 0.862073 0.544711
vt 0.573331 0.046621
vt 0.558853 0.065475
vt 0.838738 0.543859
vt 0.873123 0.529195
vt 0.848372 0.565522
vt 0.516576 0.110285
vt 0.859606 0.562599
vt 0.483717 0.078986
vt 0.242673 0.972240
vt 0.238950 0.976029
vt 0.873364 0.554963
vt 0.240457 0.979513
vt 0.525706 0.120063
vt 0.506049 0.170700
vt 0.720076 0.820768
vt 0.832361 0.543100
vt 0.689028 0.814288
vt 0.879151 0.598765
vt 0.870066 0.613422
vt 0.868912 0.608247
vt 0.793936 0.876928
vt 0.859448 0.576529
vt 0.869606 0.570328
vt 0.866799 0.587957
vt 0.838497 0.592032
vt 0.851984 0.585419
vt 0.855486 0.598032
vt 0.839319 0.564375
vt 0.849527 0.610476
vt 0.227716 0.976451
vt 0.338415 0.942478
vt 0.509737 0.181676
vt 0.505860 0.201013
vt 0.763046 0.945710
vt 0.867916 0.597702
vt 0.748175 0.769806
vt 0.840648 0.635320
vt 0.737089 0.771496
vt 0.049394 0.975349
vt 0.567284 0.032575
vt 0.494593 0.211665
vt 0.573538 0.039093
vt 0.865140 0.626799
vt 0.555876 0.028341
vt 0.819454 0.846905
vt 0.823611 0.860305
vt 0.815098 0.852744
vt 0.849373 0.633313
vt 0.205614 0.995208
vt 0.191427 0.993563
vt 0.207865 0.989690
vt 0.875485 0.630820
vt 0.915877 0.866602
vt 0.904497 0.864252
vt 0.881600 0.619480
vt 0.859912 0.641607
vt 0.864034 0.638734
vt 0.870539 0.640269
vt 0.866990 0.652036
vt 0.562369 0.083449
vt 0.111419 0.695349
vt 0.858258 0.651511
vt 0.180880 0.988802
vt 0.171703 0.982442
vt 0.190751 0.983168
vt 0.164528 0.996252
vt 0.155598 0.995524
vt 0.150402 0.978822
vt 0.804573 0.848763
vt 0.088959 0.037631
vt 0.879063 0.640727
vt 0.882262 0.655658
vt 0.840777 0.652485
vt 0.856304 0.683178
vt 0.870671 0.661284
vt 0.572420 0.085388
vt 0.571593 0.095220
vt 0.877157 0.676937
vt 0.872999 0.684480
vt 0.865233 0.680805
vt 0.887335 0.685160
vt 0.881639 0.706826
vt 0.889980 0.699830
vt 0.865834 0.705524
vt 0.164181 0.961880
vt 0.847321 0.688313
vt 0.529990 0.216108
vt 0.268788 0.614041
vt 0.874259 0.700843
vt 0.114161 0.714093
vt 0.547695 0.134344
vt 0.179084 0.969522
vt 0.888460 0.665577
vt 0.893847 0.683347
vt 0.861203 0.719313
vt 0.123717 0.710335
vt 0.558882 0.089361
vt 0.219128 0.649956
vt 0.557678 0.104041
vt 0.586525 0.081852
vt 0.576765 0.061843
vt 0.209306 0.656147
vt 0.797281 0.857869
vt 0.878904 0.743819
vt 0.887440 0.737192
vt 0.876077 0.719342
vt 0.885166 0.728646
vt 0.890819 0.727625
vt 0.197259 0.647807
vt 0.893075 0.736063
vt 0.116169 0.962224
vt 0.887440 0.753959
vt 0.872353 0.754263
vt 0.557538 0.162354
vt 0.879198 0.781706
vt 0.867633 0.757769
vt 0.863845 0.791535
vt 0.856679 0.769770
vt 0.576434 0.109735
vt 0.580315 0.128020
vt 0.787677 0.835417
vt 0.793010 0.845163
vt 0.779518 0.839164
vt 0.936525 0.781148
vt 0.582896 0.123930
vt 0.564852 0.131963
vt 0.796911 0.836902
vt 0.862117 0.746938
vt 0.857791 0.783051
vt 0.856322 0.793068
vt 0.889699 0.784512
vt 0.800169 0.829411
vt 0.806367 0.834891
vt 0.801456 0.835004
vt 0.185348 0.650212
vt 0.894126 0.634432
vt 0.930374 0.787916
vt 0.899925 0.509545
vt 0.889688 0.514302
vt 0.939279 0.789920
vt 0.885136 0.526757
vt 0.897176 0.527394
vt 0.906220 0.518376
vt 0.907465 0.536161
vt 0.865202 0.813705
vt 0.913935 0.532354
vt 0.931854 0.511456
vt 0.923529 0.531463
vt 0.916913 0.518253
vt 0.690170 0.303269
vt 0.696565 0.288711
vt 0.699874 0.301465
vt 0.934970 0.542052
vt 0.895520 0.548071
vt 0.908139 0.547789
vt 0.902101 0.560589
vt 0.674492 0.308268
vt 0.913793 0.549018
vt 0.732247 0.285368
vt 0.738830 0.287600
vt 0.881038 0.552436
vt 0.907687 0.575107
vt 0.737194 0.263291
vt 0.743737 0.290361
vt 0.921137 0.558041
vt 0.714872 0.236589
vt 0.725430 0.258909
vt 0.717495 0.261542
vt 0.894243 0.561512
vt 0.929188 0.579172
vt 0.731116 0.242478
vt 0.877624 0.798833
vt 0.683810 0.283776
vt 0.708130 0.274419
vt 0.721158 0.302116
vt 0.718115 0.288560
vt 0.685858 0.294393
vt 0.708764 0.245288
vt 0.707137 0.290981
vt 0.671928 0.296547
vt 0.642802 0.288622
vt 0.648865 0.271133
vt 0.651630 0.295507
vt 0.647445 0.320934
vt 0.718436 0.271252
vt 0.663059 0.276265
vt 0.885799 0.576128
vt 0.667710 0.266100
vt 0.680345 0.267421
vt 0.670949 0.317822
vt 0.878967 0.579232
vt 0.900094 0.577632
vt 0.936340 0.564631
vt 0.725726 0.220410
vt 0.702924 0.206613
vt 0.722168 0.202051
vt 0.922763 0.587008
vt 0.712072 0.226547
vt 0.707678 0.259742
vt 0.672566 0.254449
vt 0.659726 0.233556
vt 0.687607 0.242982
vt 0.892581 0.611625
vt 0.660952 0.260473
vt 0.658364 0.248594
vt 0.700723 0.229783
vt 0.695250 0.217468
vt 0.917754 0.612056
vt 0.917581 0.625655
vt 0.908997 0.612698
vt 0.644230 0.313699
vt 0.899019 0.596443
vt 0.906672 0.623083
vt 0.907148 0.591029
vt 0.931791 0.595328
vt 0.937294 0.587540
vt 0.704876 0.188697
vt 0.715009 0.182020
vt 0.901237 0.605644
vt 0.926643 0.613048
vt 0.627080 0.312477
vt 0.636609 0.322994
vt 0.912218 0.630695
vt 0.707735 0.173758
vt 0.618777 0.324728
vt 0.935497 0.606565
vt 0.683480 0.217094
vt 0.686721 0.189151
vt 0.886922 0.624485
vt 0.637884 0.313995
vt 0.640935 0.324059
vt 0.641715 0.330764
vt 0.570076 0.336545
vt 0.565753 0.341969
vt 0.556261 0.339711
vt 0.558879 0.323325
vt 0.609623 0.313116
vt 0.603367 0.296676
vt 0.622689 0.285270
vt 0.642932 0.318364
vt 0.646929 0.295554
vt 0.639641 0.302997
vt 0.614434 0.279504
vt 0.613611 0.293708
vt 0.607760 0.291837
vt 0.632628 0.267375
vt 0.629497 0.283963
vt 0.591461 0.333915
vt 0.595038 0.318960
vt 0.631274 0.295802
vt 0.624710 0.266626
vt 0.598938 0.278528
vt 0.607017 0.210433
vt 0.619427 0.192901
vt 0.624056 0.228532
vt 0.580438 0.319994
vt 0.591579 0.278695
vt 0.594022 0.295134
vt 0.583115 0.291896
vt 0.576689 0.309016
vt 0.699519 0.174030
vt 0.654253 0.212733
vt 0.644624 0.229721
vt 0.698872 0.192983
vt 0.619557 0.258152
vt 0.626112 0.251029
vt 0.602941 0.266611
vt 0.638108 0.247600
vt 0.605269 0.256379
vt 0.614228 0.252176
vt 0.610627 0.088145
vt 0.605978 0.099582
vt 0.692779 0.196942
vt 0.573239 0.295453
vt 0.562179 0.309018
vt 0.589512 0.101941
vt 0.596211 0.250162
vt 0.593206 0.258822
vt 0.607356 0.228369
vt 0.634768 0.214246
vt 0.633206 0.197110
vt 0.677683 0.190609
vt 0.677382 0.175854
vt 0.556821 0.300070
vt 0.544091 0.316153
vt 0.663492 0.178779
vt 0.582547 0.248782
vt 0.588743 0.259050
vt 0.580267 0.268020
vt 0.634718 0.227706
vt 0.564457 0.272402
vt 0.572770 0.254019
vt 0.669912 0.210456
vt 0.560035 0.290468
vt 0.598470 0.290610
vt 0.597488 0.282933
vt 0.547756 0.265586
vt 0.550646 0.276029
vt 0.646938 0.192478
vt 0.581656 0.237343
vt 0.597319 0.220577
vt 0.601531 0.211107
vt 0.590109 0.237541
vt 0.546655 0.287403
vt 0.537054 0.281813
vt 0.600126 0.201187
vt 0.570544 0.229270
vt 0.567294 0.215464
vt 0.548052 0.240609
vt 0.508422 0.249535
vt 0.526490 0.251775
vt 0.509733 0.261318
vt 0.557750 0.242696
vt 0.556906 0.231266
vt 0.591982 0.202641
vt 0.577328 0.240124
vt 0.539669 0.227924
vt 0.587282 0.217065
vt 0.567262 0.234179
vt 0.566246 0.239737
vt 0.544213 0.213811
vt 0.530096 0.274233
vt 0.846005 0.571926
vt 0.540685 0.303422
vt 0.527313 0.291351
vt 0.545433 0.337865
vt 0.545797 0.330224
vt 0.535876 0.293716
vt 0.560399 0.217121
vt 0.536353 0.245034
vt 0.523934 0.235011
vt 0.529793 0.259437
vt 0.550616 0.214163
vt 0.518975 0.352482
vt 0.525130 0.342591
vt 0.534617 0.349758
vt 0.574938 0.217961
vt 0.493477 0.359517
vt 0.517961 0.324441
vt 0.556810 0.138317
vt 0.503654 0.351910
vt 0.530207 0.332382
vt 0.536708 0.342799
vt 0.512663 0.295601
vt 0.524891 0.319532
vt 0.486941 0.363532
vt 0.536235 0.319849
vt 0.520396 0.268989
vt 0.508461 0.319565
vt 0.504162 0.329598
vt 0.480814 0.328620
vt 0.485336 0.324449
vt 0.490620 0.337347
vt 0.491781 0.317596
vt 0.494561 0.328495
vt 0.531069 0.305518
vt 0.502461 0.313400
vt 0.494475 0.299973
vt 0.499227 0.301267
vt 0.500940 0.290044
vt 0.496775 0.277252
vt 0.493800 0.287584
vt 0.905026 0.629804
vt 0.899805 0.627221
vt 0.480148 0.309020
vt 0.485812 0.305360
vt 0.496667 0.343657
vt 0.898892 0.632941
vt 0.506600 0.299088
vt 0.888139 0.643009
vt 0.491428 0.292289
vt 0.497571 0.255060
vt 0.894857 0.661507
vt 0.893065 0.646053
vt 0.898012 0.655095
vt 0.902945 0.648119
vt 0.910226 0.665227
vt 0.910230 0.649746
vt 0.693418 0.166356
vt 0.931605 0.639288
vt 0.900542 0.673286
vt 0.688120 0.147750
vt 0.698160 0.153003
vt 0.676146 0.140383
vt 0.685802 0.159618
vt 0.908102 0.640783
vt 0.677422 0.152072
vt 0.667900 0.136518
vt 0.914723 0.645830
vt 0.941592 0.665209
vt 0.909124 0.676038
vt 0.903602 0.658951
vt 0.646390 0.180364
vt 0.692951 0.137872
vt 0.900199 0.698251
vt 0.903752 0.686546
vt 0.661440 0.152080
vt 0.647762 0.160377
vt 0.635472 0.171053
vt 0.939276 0.656234
vt 0.942356 0.639987
vt 0.634706 0.187704
vt 0.654035 0.136562
vt 0.704097 0.159001
vt 0.600477 0.180614
vt 0.612442 0.176197
vt 0.589219 0.188653
vt 0.582468 0.174063
vt 0.623165 0.182269
vt 0.617710 0.170694
vt 0.628596 0.153851
vt 0.653605 0.116992
vt 0.600708 0.153908
vt 0.596423 0.162505
vt 0.625063 0.133995
vt 0.756340 0.905150
vt 0.609859 0.132531
vt 0.598094 0.115054
vt 0.620579 0.114374
vt 0.626255 0.094884
vt 0.756211 0.948263
vt 0.573139 0.180820
vt 0.583032 0.195715
vt 0.562165 0.195077
vt 0.557571 0.199732
vt 0.592719 0.144898
vt 0.580995 0.162511
vt 0.638722 0.061097
vt 0.564059 0.157310
vt 0.646315 0.064216
vt 0.458234 0.806410
vt 0.709273 0.825476
vt 0.457324 0.796130
vt 0.480403 0.778546
vt 0.464321 0.797573
vt 0.459462 0.787639
vt 0.678689 0.855442
vt 0.664610 0.839154
vt 0.678110 0.822762
vt 0.681392 0.835195
vt 0.459727 0.763975
vt 0.613129 0.051890
vt 0.142804 0.996474
vt 0.138209 0.985452
vt 0.451942 0.752810
vt 0.130078 0.995757
vt 0.456404 0.733071
vt 0.468458 0.734704
vt 0.462583 0.749377
vt 0.462881 0.811789
vt 0.693285 0.763098
vt 0.470610 0.761769
vt 0.755951 0.769780
vt 0.463984 0.721982
vt 0.467166 0.709341
vt 0.474303 0.756909
vt 0.479257 0.738237
vt 0.004524 0.959595
vt 0.002309 0.950419
vt 0.788340 0.806574
vt 0.466921 0.823099
vt 0.455178 0.719741
vt 0.796620 0.814452
vt 0.719690 0.861839
vt 0.793772 0.869679
vt 0.791760 0.873410
vt 0.095513 0.969357
vt 0.102350 0.984308
vt 0.805500 0.821719
vt 0.460691 0.698891
vt 0.093200 0.983617
vt 0.125439 0.684583
vt 0.108237 0.685286
vt 0.088595 0.962904
vt 0.077804 0.958583
vt 0.088618 0.955759
vt 0.091916 0.675601
vt 0.018588 0.932328
vt 0.007500 0.941221
vt 0.012665 0.931771
vt 0.773121 0.783419
vt 0.105907 0.963163
vt 0.101392 0.963679
vt 0.162319 0.664564
vt 0.099124 0.956049
vt 0.398156 0.207916
vt 0.395887 0.194689
vt 0.407383 0.193934
vt 0.027416 0.943664
vt 0.799838 0.843450
vt 0.802231 0.841008
vt 0.108693 0.946900
vt 0.088521 0.968908
vt 0.881499 0.811798
vt 0.868523 0.805713
vt 0.882165 0.804524
vt 0.144386 0.662990
vt 0.020880 0.920765
vt 0.041185 0.934567
vt 0.892879 0.819641
vt 0.874301 0.818701
vt 0.899813 0.826370
vt 0.889354 0.813254
vt 0.111731 0.670876
vt 0.891288 0.823181
vt 0.877555 0.828143
vt 0.903302 0.848153
vt 0.894239 0.838915
vt 0.388893 0.202570
vt 0.078086 0.977775
vt 0.128575 0.676448
vt 0.901609 0.857092
vt 0.896257 0.856344
vt 0.898631 0.854461
vt 0.891271 0.809470
vt 0.937653 0.628811
vt 0.887434 0.856775
vt 0.893884 0.833346
vt 0.154223 0.670419
vt 0.078389 0.687594
vt 0.067019 0.675437
vt 0.894813 0.828940
vt 0.895327 0.837817
vt 0.870415 0.823674
vt 0.039253 0.950818
vt 0.058806 0.954624
vt 0.145343 0.675894
vt 0.872670 0.835589
vt 0.896581 0.825772
vt 0.893273 0.848185
vt 0.138029 0.680004
vt 0.054721 0.674220
vt 0.478767 0.680836
vt 0.468631 0.685274
vt 0.465086 0.671324
vt 0.131996 0.682706
vt 0.882883 0.850415
vt 0.889162 0.842719
vt 0.928974 0.819013
vt 0.410067 0.214375
vt 0.069817 0.973647
vt 0.885327 0.841188
vt 0.898340 0.846900
vt 0.756734 0.885597
vt 0.761189 0.881282
vt 0.057058 0.694274
vt 0.039723 0.682219
vt 0.442855 0.353529
vt 0.449372 0.361032
vt 0.446432 0.370924
vt 0.484028 0.669433
vt 0.479362 0.356698
vt 0.469038 0.347279
vt 0.482487 0.348239
vt 0.464088 0.349100
vt 0.168037 0.877928
vt 0.186988 0.873699
vt 0.184439 0.881297
vt 0.456470 0.351819
vt 0.450775 0.331989
vt 0.782104 0.793644
vt 0.473785 0.329448
vt 0.185270 0.889054
vt 0.379772 0.197854
vt 0.392292 0.183297
vt 0.444185 0.312996
vt 0.459706 0.325179
vt 0.441856 0.334316
vt 0.147097 0.879251
vt 0.126155 0.889864
vt 0.123706 0.877509
vt 0.467064 0.321243
vt 0.140562 0.894068
vt 0.163512 0.891563
vt 0.196035 0.899884
vt 0.191447 0.914738
vt 0.179719 0.903130
vt 0.149769 0.900238
vt 0.168747 0.901179
vt 0.182280 0.923259
vt 0.209224 0.940495
vt 0.203278 0.938296
vt 0.213080 0.936302
vt 0.145885 0.907344
vt 0.191109 0.929077
vt 0.202527 0.913416
vt 0.206562 0.949377
vt 0.161511 0.913310
vt 0.135215 0.906128
vt 0.207762 0.929124
vt 0.145681 0.922615
vt 0.171430 0.918742
vt 0.181695 0.952683
vt 0.173635 0.947938
vt 0.184490 0.939898
vt 0.219805 0.961835
vt 0.213961 0.969696
vt 0.175184 0.940967
vt 0.179481 0.932736
vt 0.484582 0.286355
vt 0.196218 0.951454
vt 0.205296 0.965100
vt 0.190379 0.959380
vt 0.198591 0.981174
vt 0.170190 0.927172
vt 0.467349 0.282898
vt 0.480787 0.280018
vt 0.474657 0.293483
vt 0.467825 0.304200
vt 0.189878 0.943763
vt 0.448581 0.293446
vt 0.453707 0.278869
vt 0.458932 0.303711
vt 0.110554 0.896804
vt 0.173124 0.960881
vt 0.123760 0.904315
vt 0.107476 0.886789
vt 0.487713 0.280894
vt 0.137215 0.922668
vt 0.442372 0.272718
vt 0.116830 0.899602
vt 0.127530 0.920390
vt 0.118791 0.914409
vt 0.484186 0.253346
vt 0.491917 0.266271
vt 0.485224 0.270253
vt 0.129713 0.945613
vt 0.117339 0.944089
vt 0.135702 0.933640
vt 0.433088 0.281637
vt 0.422346 0.252203
vt 0.431529 0.254245
vt 0.091260 0.893610
vt 0.445800 0.259787
vt 0.431453 0.238078
vt 0.471125 0.273089
vt 0.470884 0.260305
vt 0.462651 0.252550
vt 0.459557 0.261761
vt 0.437752 0.296968
vt 0.104332 0.910709
vt 0.420450 0.221529
vt 0.113089 0.928130
vt 0.109220 0.925045
vt 0.109142 0.940424
vt 0.101700 0.915559
vt 0.418415 0.241968
vt 0.080154 0.902337
vt 0.059658 0.907362
vt 0.055046 0.919944
vt 0.049165 0.911951
vt 0.038179 0.918568
vt 0.064698 0.928881
vt 0.425894 0.233230
vt 0.074091 0.940767
vt 0.066076 0.940952
vt 0.097522 0.949311
vt 0.136552 0.953875
vt 0.150627 0.961742
vt 0.153497 0.954998
vt 0.509181 0.800830
vt 0.498223 0.796531
vt 0.524395 0.805817
vt 0.411756 0.231534
vt 0.657936 0.114470
vt 0.487551 0.792548
vt 0.552429 0.804865
vt 0.576375 0.788768
vt 0.585933 0.814174
vt 0.643373 0.825446
vt 0.652869 0.836715
vt 0.639469 0.837491
vt 0.634636 0.851054
vt 0.632437 0.826790
vt 0.612536 0.843165
vt 0.610591 0.836991
vt 0.652310 0.803621
vt 0.653050 0.810242
vt 0.637912 0.810188
vt 0.480159 0.813566
vt 0.621868 0.842420
vt 0.663504 0.829881
vt 0.537278 0.791541
vt 0.629965 0.805927
vt 0.615811 0.830736
vt 0.617784 0.810966
vt 0.643991 0.795798
vt 0.658449 0.825422
vt 0.650430 0.821864
vt 0.656027 0.815150
vt 0.523695 0.789926
vt 0.625529 0.853634
vt 0.529789 0.768531
vt 0.647301 0.846410
vt 0.603892 0.816559
vt 0.506662 0.784780
vt 0.615956 0.807140
vt 0.547736 0.787682
vt 0.500253 0.779559
vt 0.667476 0.803624
vt 0.597511 0.811237
vt 0.595961 0.802915
vt 0.601809 0.803079
vt 0.660041 0.802377
vt 0.642668 0.859669
vt 0.517196 0.777324
vt 0.522809 0.764927
vt 0.653534 0.850464
vt 0.503134 0.759423
vt 0.606093 0.797089
vt 0.482431 0.761198
vt 0.495735 0.769746
vt 0.557789 0.768373
vt 0.549613 0.762724
vt 0.615239 0.792784
vt 0.537900 0.766489
vt 0.583975 0.770611
vt 0.580535 0.754955
vt 0.575500 0.726057
vt 0.600376 0.782148
vt 0.566609 0.720807
vt 0.929586 0.798103
vt 0.621640 0.784614
vt 0.634659 0.793411
vt 0.615251 0.757211
vt 0.612836 0.770436
vt 0.614164 0.779146
vt 0.617163 0.778194
vt 0.625212 0.768629
vt 0.642130 0.769784
vt 0.638508 0.777455
vt 0.473317 0.689963
vt 0.935554 0.795584
vt 0.938152 0.798533
vt 0.647354 0.785328
vt 0.644675 0.779003
vt 0.666862 0.783234
vt 0.631548 0.762415
vt 0.620317 0.763564
vt 0.667564 0.773378
vt 0.678799 0.753054
vt 0.673291 0.760540
vt 0.668667 0.749612
vt 0.649283 0.739289
vt 0.628146 0.738656
vt 0.651650 0.771228
vt 0.603996 0.745102
vt 0.404839 0.181496
vt 0.622559 0.743815
vt 0.634587 0.751754
vt 0.408025 0.150667
vt 0.396051 0.172174
vt 0.400658 0.187336
vt 0.652138 0.758355
vt 0.639844 0.754747
vt 0.662726 0.766042
vt 0.754427 0.879267
vt 0.214178 0.985361
vt 0.213313 0.996460
vt 0.220515 0.977650
vt 0.823469 0.880177
vt 0.226693 0.994997
vt 0.204361 0.983738
vt 0.690952 0.825019
vt 0.253277 0.969409
vt 0.796039 0.863841
vt 0.825409 0.867594
vt 0.805289 0.870548
vt 0.806528 0.861414
vt 0.814621 0.861592
vt 0.257933 0.967767
vt 0.821546 0.886780
vt 0.180730 0.995367
vt 0.815757 0.837907
vt 0.812303 0.849407
vt 0.809025 0.828084
vt 0.802262 0.846019
vt 0.692107 0.856219
vt 0.800357 0.837571
vt 0.752425 0.868479
vt 0.632007 0.059947
vt 0.888032 0.833880
vt 0.114947 0.024529
vt 0.102856 0.029934
vt 0.071062 0.030585
vt 0.111122 0.010967
vt 0.104596 0.010372
vt 0.249670 0.972607
vt 0.066822 0.029359
vt 0.246937 0.973927
vt 0.097794 0.046057
vt 0.104627 0.040800
vt 0.799881 0.886202
vt 0.798331 0.889047
vt 0.792296 0.891718
vt 0.473074 0.067326
s 1
usemtl M_Croissant_NN_02a
f 31/1/1 469/2/2 3658/3/3
f 15/4/4 3678/5/5 10/6/6
f 404/7/7 3703/8/8 3709/9/9
f 3678/5/5 24/10/10 3653/11/11
f 8/12/12 13/13/13 3705/14/14
f 2/15/15 3698/16/16 3376/17/17
f 8/12/12 15/4/4 1/18/18
f 404/7/7 3386/19/19 48/20/20
f 46/21/21 41/22/22 3701/23/23
f 3707/24/24 5/25/25 35/26/26
f 22/27/27 3661/28/28 19/29/29
f 54/30/30 55/31/31 3701/23/23
f 3694/32/32 27/33/33 19/29/29
f 8/12/12 3705/14/14 17/34/34
f 13/13/13 14/35/35 7/36/36
f 51/37/37 3701/23/23 55/31/31
f 13/13/13 7/36/36 719/38/38
f 3384/39/39 3355/40/40 3382/41/41
f 3383/42/42 719/38/38 7/36/36
f 35/26/26 4/43/43 3707/24/24
f 46/44/21 52/45/44 3382/41/41
f 31/1/1 3633/46/45 469/2/2
f 46/21/21 3702/47/46 3704/48/47
f 6/49/48 3377/50/49 405/51/50
f 3386/19/19 404/7/7 3709/9/9
f 12/52/51 2/15/15 3378/53/52
f 7/36/36 3703/8/8 48/20/20
f 31/1/1 3658/3/3 3654/54/53
f 719/55/38 52/56/44 3701/23/23
f 51/57/37 56/58/54 13/59/13
f 55/31/31 3706/60/55 51/37/37
f 3701/23/23 9/61/56 719/55/38
f 10/62/6 3678/63/5 395/64/57
f 3684/65/58 3690/66/59 3678/63/5
f 12/52/51 35/26/26 14/35/35
f 13/59/13 56/58/54 3705/67/14
f 3694/32/32 3661/28/28 3653/11/11
f 3/68/60 10/62/6 395/64/57
f 8/12/12 12/52/51 13/13/13
f 395/64/57 3686/69/61 3685/70/62
f 12/52/51 1/18/18 2/15/15
f 24/10/10 15/4/4 3694/32/32
f 3707/24/24 3703/8/8 5/25/25
f 405/51/50 3377/50/49 3399/71/63
f 11/72/64 3632/73/65 469/2/2
f 3386/19/19 769/74/66 48/20/20
f 17/34/34 3694/32/32 8/12/12
f 3378/53/52 6/49/48 4/43/43
f 47/75/67 3372/76/68 769/74/66
f 3687/77/69 33/78/70 18/79/71
f 16/80/72 3654/54/53 3658/3/3
f 36/81/73 21/82/74 16/80/72
f 3/83/60 1/18/18 15/4/4
f 33/84/70 3704/48/47 3700/85/75
f 28/86/76 3644/87/77 3662/88/78
f 3658/3/3 3642/89/79 3638/90/80
f 3686/69/61 43/91/81 3689/92/82
f 17/93/34 3705/67/14 42/94/83
f 3383/42/42 7/36/36 48/20/20
f 12/52/51 14/35/35 13/13/13
f 17/93/34 3697/95/84 37/96/85
f 3663/97/86 3662/88/78 3644/87/77
f 26/98/87 25/99/88 23/100/89
f 20/101/90 3359/102/91 3666/103/92
f 20/101/90 3363/104/93 3359/102/91
f 3694/32/32 15/4/4 8/12/12
f 20/101/90 3700/105/75 3364/106/94
f 3687/107/69 37/96/85 3688/108/95
f 43/91/81 3690/66/59 3689/92/82
f 33/84/70 34/109/96 3704/48/47
f 26/98/87 23/100/89 21/82/74
f 23/100/89 3665/110/97 30/111/98
f 21/82/74 19/29/29 27/33/33
f 36/81/73 22/27/27 19/29/29
f 18/79/71 27/33/33 3687/77/69
f 29/112/99 3633/46/45 3629/113/100
f 3653/114/11 3684/65/58 3678/63/5
f 3694/32/32 19/29/29 3661/28/28
f 24/10/10 3678/5/5 15/4/4
f 25/99/88 3666/103/92 3665/110/97
f 20/101/90 3666/103/92 25/99/88
f 3378/53/52 3377/50/49 6/49/48
f 22/27/27 53/115/101 3660/116/102
f 16/80/72 30/111/98 3654/54/53
f 3633/46/45 415/117/103 3646/118/104
f 415/117/103 3645/119/105 3646/118/104
f 30/111/98 3645/119/105 3654/54/53
f 20/101/90 26/98/87 3700/105/75
f 23/100/89 30/111/98 16/80/72
f 36/81/73 19/29/29 21/82/74
f 17/93/34 37/96/85 3687/107/69
f 3688/108/95 3697/95/84 42/94/83
f 31/1/1 3654/54/53 415/117/103
f 3660/120/102 28/86/76 3662/88/78
f 32/121/106 44/122/107 38/123/108
f 32/121/106 57/124/109 44/122/107
f 33/84/70 44/122/107 57/124/109
f 33/125/70 3688/108/95 44/126/107
f 34/109/96 57/124/109 55/31/31
f 32/121/106 49/127/110 57/124/109
f 38/128/108 3688/108/95 39/129/111
f 3688/108/95 38/128/108 44/126/107
f 39/129/111 42/94/83 56/58/54
f 405/51/50 2492/130/112 4/43/43
f 40/131/113 3699/132/114 50/133/115
f 40/134/113 3706/60/55 49/127/110
f 43/91/81 3686/69/61 3678/63/5
f 3687/107/69 3688/108/95 33/125/70
f 3699/135/114 32/121/106 38/123/108
f 3688/108/95 37/96/85 3697/95/84
f 3632/73/65 11/72/64 29/112/99
f 32/121/106 3699/135/114 49/127/110
f 469/2/2 3632/73/65 3642/89/79
f 33/84/70 57/124/109 34/109/96
f 56/58/54 42/94/83 3705/67/14
f 3706/136/55 40/131/113 50/133/115
f 53/115/101 22/27/27 36/81/73
f 46/21/21 3704/48/47 41/22/22
f 47/75/67 3386/19/19 3372/76/68
f 3383/42/42 3384/39/39 719/38/38
f 7/36/36 5/25/25 3703/8/8
f 51/57/37 50/133/115 56/58/54
f 9/61/56 13/137/13 719/55/38
f 3383/42/42 769/74/66 3372/76/68
f 3707/24/24 3709/9/9 3703/8/8
f 12/52/51 3378/53/52 35/26/26
f 11/72/64 3633/46/45 29/112/99
f 46/44/21 3364/106/94 3702/138/46
f 50/133/115 3699/132/114 56/58/54
f 3384/39/39 52/45/44 719/38/38
f 3706/60/55 55/31/31 49/127/110
f 45/139/116 3708/140/117 3709/9/9
f 49/127/110 55/31/31 57/124/109
f 54/30/30 3704/48/47 34/109/96
f 9/61/56 3701/23/23 51/37/37
f 33/78/70 3700/105/75 26/98/87
f 3688/108/95 42/94/83 39/129/111
f 58/141/118 59/142/119 60/143/120
f 63/144/121 64/145/122 65/146/123
f 66/147/124 67/148/125 68/149/126
f 69/150/127 70/151/128 71/152/129
f 75/153/130 76/154/131 77/155/132
f 73/156/133 78/157/134 74/158/135
f 76/154/131 79/159/136 77/155/132
f 83/160/137 63/144/121 65/146/123
f 71/152/129 77/155/132 69/150/127
f 65/146/123 85/161/138 83/160/137
f 70/151/128 69/150/127 90/162/139
f 63/144/121 83/160/137 170/163/140
f 77/155/132 79/159/136 80/164/141
f 75/153/130 95/165/142 76/154/131
f 96/166/143 97/167/144 98/168/145
f 90/162/139 99/169/146 70/151/128
f 100/170/147 99/169/146 101/171/148
f 102/172/149 60/143/120 72/173/150
f 88/174/151 105/175/152 89/176/153
f 103/177/154 106/178/155 67/148/125
f 107/179/156 98/168/145 108/180/157
f 109/181/158 110/182/159 111/183/160
f 69/150/127 77/155/132 80/164/141
f 113/184/161 114/185/162 115/186/163
f 118/187/164 119/188/165 120/189/166
f 125/190/167 126/191/168 127/192/169
f 86/193/170 131/194/171 92/195/172
f 125/190/167 127/192/169 101/171/148
f 75/153/130 133/196/173 95/165/142
f 134/197/174 64/145/122 63/144/121
f 140/198/175 131/194/171 141/199/176
f 141/199/176 131/194/171 142/200/177
f 85/161/138 86/193/170 83/160/137
f 60/143/120 143/201/178 144/202/179
f 71/152/129 75/153/130 77/155/132
f 145/203/180 72/173/150 60/143/120
f 146/204/181 126/191/168 125/190/167
f 135/205/182 147/206/183 124/207/184
f 145/203/180 60/143/120 144/202/179
f 148/208/185 113/184/161 122/209/186
f 151/210/187 152/211/188 153/212/189
f 138/213/190 75/153/130 71/152/129
f 155/214/191 95/165/142 133/196/173
f 130/215/192 121/216/193 62/217/194
f 156/218/195 157/219/196 119/188/165
f 69/150/127 80/164/141 146/204/181
f 143/201/178 60/143/120 59/142/119
f 101/171/148 90/162/139 125/190/167
f 133/196/173 75/153/130 138/213/190
f 155/214/191 124/207/184 95/165/142
f 157/219/196 156/218/195 159/220/197
f 160/221/198 161/222/199 162/223/200
f 83/160/137 86/193/170 87/224/201
f 146/204/181 125/190/167 69/150/127
f 99/169/146 90/162/139 101/171/148
f 92/195/172 131/194/171 140/198/175
f 86/193/170 85/161/138 131/194/171
f 76/154/131 109/181/158 79/159/136
f 111/183/160 79/159/136 109/181/158
f 95/165/142 109/181/158 76/154/131
f 125/190/167 90/162/139 69/150/127
f 166/225/202 167/226/203 168/227/204
f 169/228/205 170/163/140 84/229/206
f 173/230/207 174/231/208 175/232/209
f 176/233/210 149/234/211 67/148/125
f 58/141/118 177/235/212 178/236/213
f 179/237/214 171/238/215 172/239/216
f 124/207/184 109/181/158 95/165/142
f 186/240/217 187/241/218 171/238/215
f 271/242/219 89/176/153 105/175/152
f 184/243/220 188/244/221 189/245/222
f 193/246/223 187/241/218 186/240/217
f 193/247/223 195/248/224 187/249/218
f 78/157/134 196/250/225 74/158/135
f 198/251/226 199/252/227 185/253/228
f 187/249/218 195/248/224 200/254/229
f 181/255/230 202/256/231 182/257/232
f 203/258/233 197/259/234 191/260/235
f 197/259/234 194/261/236 191/260/235
f 61/262/237 204/263/238 62/217/194
f 127/192/169 205/264/239 101/171/148
f 58/141/118 60/143/120 102/172/149
f 190/265/240 179/237/214 182/257/232
f 178/236/213 209/266/241 210/267/242
f 124/207/184 211/268/243 110/182/159
f 183/269/244 209/266/241 178/236/213
f 205/264/239 100/170/147 101/171/148
f 185/253/228 181/255/230 198/251/226
f 102/172/149 212/270/245 188/244/221
f 203/258/233 213/271/246 197/259/234
f 214/272/247 211/268/243 124/207/184
f 199/252/227 198/251/226 126/273/168
f 179/237/214 190/265/240 189/245/222
f 203/258/233 215/274/248 213/271/246
f 181/255/230 185/253/228 202/256/231
f 183/269/244 217/275/249 132/276/250
f 102/172/149 188/244/221 177/235/212
f 115/186/163 130/215/192 216/277/251
f 220/278/252 218/279/253 184/243/220
f 171/238/215 188/244/221 221/280/254
f 220/278/252 184/243/220 189/245/222
f 223/281/255 189/245/222 190/265/240
f 189/245/222 223/281/255 220/278/252
f 224/282/256 203/258/233 225/283/257
f 188/244/221 212/270/245 221/280/254
f 184/243/220 177/235/212 188/244/221
f 189/245/222 188/244/221 171/238/215
f 202/256/231 223/281/255 190/265/240
f 171/238/215 179/237/214 189/245/222
f 226/284/258 223/281/255 202/256/231
f 191/260/235 225/283/257 203/258/233
f 181/255/230 222/285/259 198/251/226
f 213/271/246 215/274/248 228/286/260
f 124/207/184 110/182/159 109/181/158
f 158/287/261 230/288/262 216/277/251
f 231/289/263 232/290/264 233/291/265
f 222/285/259 127/292/169 198/251/226
f 234/293/266 223/281/255 226/284/258
f 204/263/238 158/287/261 62/217/194
f 207/294/267 235/295/268 206/296/269
f 195/248/224 100/170/147 200/254/229
f 175/297/209 192/298/270 191/260/235
f 183/269/244 132/276/250 229/299/271
f 205/264/239 187/249/218 200/254/229
f 132/276/250 87/224/201 229/299/271
f 126/273/168 198/251/226 127/292/169
f 169/228/205 184/243/220 218/279/253
f 218/279/253 234/293/266 169/228/205
f 184/243/220 178/236/213 177/235/212
f 175/232/209 174/231/208 126/273/168
f 182/257/232 202/256/231 190/265/240
f 181/255/230 182/257/232 179/237/214
f 203/258/233 236/300/272 215/274/248
f 200/254/229 100/170/147 205/264/239
f 183/269/244 229/299/271 237/301/273
f 209/266/241 183/269/244 237/301/273
f 183/269/244 178/236/213 184/243/220
f 72/173/150 212/270/245 102/172/149
f 223/281/255 218/279/253 220/278/252
f 81/302/274 82/303/275 238/304/276
f 181/255/230 179/237/214 222/285/259
f 224/282/256 236/300/272 203/258/233
f 234/293/266 218/279/253 223/281/255
f 221/280/254 186/240/217 171/238/215
f 169/228/205 217/275/249 184/243/220
f 239/305/277 170/163/140 226/284/258
f 110/182/159 240/306/278 111/183/160
f 205/307/239 127/292/169 172/239/216
f 178/236/213 210/267/242 58/141/118
f 80/164/141 79/159/136 192/298/270
f 183/269/244 184/243/220 217/275/249
f 202/256/231 242/308/279 226/284/258
f 174/231/208 173/230/207 243/309/280
f 102/172/149 177/235/212 58/141/118
f 217/275/249 169/228/205 84/229/206
f 240/306/278 79/159/136 111/183/160
f 234/293/266 226/284/258 169/228/205
f 170/163/140 169/228/205 226/284/258
f 187/241/218 205/307/239 172/239/216
f 171/238/215 187/241/218 172/239/216
f 243/309/280 173/230/207 194/310/236
f 222/285/259 172/239/216 127/292/169
f 124/207/184 147/206/183 214/272/247
f 245/311/281 215/274/248 246/312/282
f 224/282/256 240/306/278 110/182/159
f 222/285/259 179/237/214 172/239/216
f 194/261/236 197/259/234 247/313/283
f 244/314/284 134/197/174 63/144/121
f 110/182/159 211/268/243 224/282/256
f 217/275/249 83/160/137 132/276/250
f 211/268/243 248/315/285 224/282/256
f 132/276/250 83/160/137 87/224/201
f 84/229/206 83/160/137 217/275/249
f 254/316/286 214/272/247 147/206/183
f 83/160/137 84/229/206 170/163/140
f 256/317/287 253/318/288 257/319/289
f 80/164/141 192/298/270 146/204/181
f 192/298/270 79/159/136 240/306/278
f 244/314/284 63/144/121 170/163/140
f 175/297/209 126/191/168 146/204/181
f 250/320/290 227/321/291 259/322/292
f 246/312/282 215/274/248 236/300/272
f 262/323/293 245/311/281 246/312/282
f 264/324/294 265/325/295 266/326/296
f 207/294/267 206/296/269 267/327/297
f 221/280/254 269/328/298 270/329/299
f 93/330/300 163/331/301 201/332/302
f 271/242/219 105/175/152 272/333/303
f 256/317/287 266/326/296 265/325/295
f 175/297/209 146/204/181 192/298/270
f 275/334/304 276/335/305 277/336/306
f 278/337/307 245/311/281 262/323/293
f 259/322/292 273/338/308 250/320/290
f 266/326/296 257/319/289 268/339/309
f 211/268/243 246/312/282 248/315/285
f 277/340/306 279/341/310 193/247/223
f 267/327/297 206/296/269 280/342/311
f 264/324/294 266/326/296 281/343/312
f 266/326/296 282/344/313 281/343/312
f 283/345/314 284/346/315 139/347/316
f 277/340/306 285/348/317 279/341/310
f 286/349/318 287/350/319 288/351/320
f 81/352/274 289/353/321 249/354/322
f 186/240/217 291/355/323 193/246/223
f 144/202/179 292/356/324 145/203/180
f 288/351/320 293/357/325 286/349/318
f 294/358/326 295/359/327 293/357/325
f 296/360/328 279/341/310 285/348/317
f 145/203/180 292/356/324 298/361/329
f 297/362/330 266/326/296 268/339/309
f 240/306/278 224/282/256 225/283/257
f 285/363/317 277/336/306 276/335/305
f 279/341/310 296/360/328 300/364/331
f 301/365/332 302/366/333 295/359/327
f 270/329/299 291/355/323 186/240/217
f 279/341/310 299/367/334 193/247/223
f 303/368/335 299/367/334 279/341/310
f 292/356/324 305/369/336 298/361/329
f 225/283/257 192/298/270 240/306/278
f 225/283/257 191/260/235 192/298/270
f 115/186/163 306/370/337 113/184/161
f 285/363/317 276/335/305 290/371/338
f 292/356/324 144/202/179 263/372/339
f 176/233/210 67/148/125 106/178/155
f 307/373/340 288/351/320 308/374/341
f 266/326/296 256/317/287 257/319/289
f 307/373/340 294/358/326 293/357/325
f 297/362/330 282/344/313 266/326/296
f 282/344/313 297/362/330 304/375/342
f 298/361/329 305/369/336 310/376/343
f 311/377/344 298/361/329 310/376/343
f 294/358/326 307/373/340 312/378/345
f 82/303/275 208/379/346 238/304/276
f 308/374/341 312/378/345 307/373/340
f 315/380/347 302/381/333 316/382/348
f 290/383/338 309/384/349 285/348/317
f 279/341/310 300/364/331 303/368/335
f 296/360/328 309/384/349 315/380/347
f 320/385/350 305/369/336 321/386/351
f 296/360/328 285/348/317 309/384/349
f 313/387/352 275/334/304 314/388/353
f 134/197/174 244/314/284 322/389/354
f 186/240/217 221/280/254 270/329/299
f 121/216/193 323/390/355 62/217/194
f 260/391/356 136/392/357 219/393/358
f 324/394/359 153/212/189 152/211/188
f 314/388/353 145/203/180 298/361/329
f 325/395/360 289/353/321 81/352/274
f 276/335/305 275/334/304 313/387/352
f 212/270/245 72/173/150 269/328/298
f 292/356/324 321/386/351 305/369/336
f 300/364/331 296/360/328 327/396/361
f 72/173/150 274/397/362 269/328/298
f 328/398/363 286/349/318 290/371/338
f 310/376/343 305/369/336 308/374/341
f 311/377/344 287/350/319 286/349/318
f 314/388/353 298/361/329 311/377/344
f 322/389/354 258/399/364 134/197/174
f 307/373/340 293/357/325 288/351/320
f 258/399/364 322/389/354 329/400/365
f 292/356/324 263/372/339 321/386/351
f 130/215/192 129/401/366 121/216/193
f 274/397/362 314/388/353 275/334/304
f 286/349/318 328/398/363 311/377/344
f 308/374/341 288/351/320 287/350/319
f 310/376/343 308/374/341 287/350/319
f 315/380/347 331/402/367 296/360/328
f 72/173/150 145/203/180 314/388/353
f 333/403/368 334/404/369 167/226/203
f 308/374/341 305/369/336 335/405/370
f 158/287/261 204/263/238 336/406/371
f 270/329/299 274/397/362 275/334/304
f 313/387/352 328/398/363 276/335/305
f 270/329/299 275/334/304 291/355/323
f 103/177/154 67/148/125 66/147/124
f 286/349/318 293/357/325 290/371/338
f 293/357/325 295/359/327 290/371/338
f 314/388/353 311/377/344 328/398/363
f 313/387/352 314/388/353 328/398/363
f 314/388/353 274/397/362 72/173/150
f 328/398/363 290/371/338 276/335/305
f 302/366/333 290/371/338 295/359/327
f 319/407/372 327/396/361 337/408/373
f 270/329/299 269/328/298 274/397/362
f 193/246/223 291/355/323 277/336/306
f 340/409/374 327/396/361 296/360/328
f 275/334/304 277/336/306 291/355/323
f 290/383/338 302/381/333 315/380/347
f 315/380/347 309/384/349 290/383/338
f 338/410/375 341/411/376 335/405/370
f 329/400/365 342/412/377 258/399/364
f 317/413/378 343/414/379 219/393/358
f 164/415/380 332/416/381 344/417/382
f 310/376/343 287/350/319 311/377/344
f 347/418/383 348/419/384 349/420/385
f 319/407/372 300/364/331 327/396/361
f 352/421/386 353/422/387 354/423/388
f 353/422/387 252/424/389 354/423/388
f 356/425/390 357/426/391 358/427/392
f 341/411/376 359/428/393 360/429/394
f 343/414/379 361/430/395 362/431/396
f 81/352/274 238/432/276 325/395/360
f 324/394/359 363/433/397 364/434/398
f 365/435/399 366/436/400 367/437/401
f 338/410/375 339/438/402 368/439/403
f 366/436/400 358/427/392 357/426/391
f 261/440/404 82/303/275 123/441/405
f 366/436/400 371/442/406 358/427/392
f 366/436/400 370/443/407 367/437/401
f 353/422/387 356/425/390 257/319/289
f 338/410/375 346/444/408 372/445/409
f 372/445/409 359/428/393 338/410/375
f 265/325/295 345/446/410 256/317/287
f 368/439/403 346/444/408 338/410/375
f 256/317/287 345/446/410 253/318/288
f 341/411/376 338/410/375 359/428/393
f 322/389/354 244/314/284 373/447/411
f 361/430/395 343/414/379 374/448/412
f 335/405/370 320/385/350 339/438/402
f 249/449/322 165/450/413 81/302/274
f 375/451/414 351/452/415 350/453/416
f 348/419/384 371/442/406 365/435/399
f 365/435/399 376/454/417 377/455/418
f 345/446/410 378/456/419 319/407/372
f 350/453/416 370/443/407 352/421/386
f 365/435/399 367/437/401 376/454/417
f 121/216/193 129/401/366 379/457/420
f 230/288/262 380/458/421 216/277/251
f 381/459/422 354/423/388 355/460/423
f 252/424/389 355/460/423 354/423/388
f 359/428/393 372/445/409 384/461/424
f 367/437/401 370/443/407 351/452/415
f 339/438/402 320/385/350 368/439/403
f 377/455/418 376/454/417 388/462/425
f 385/463/426 386/464/427 390/465/428
f 391/466/429 297/362/330 371/442/406
f 392/467/430 393/468/431 128/469/432
f 394/470/433 396/471/434 114/185/162
f 114/185/162 396/471/434 379/457/420
f 304/375/342 297/362/330 397/472/435
f 335/405/370 339/438/402 338/410/375
f 359/428/393 384/461/424 387/473/436
f 391/466/429 371/442/406 348/419/384
f 257/319/289 253/318/288 252/424/389
f 365/435/399 349/420/385 348/419/384
f 377/455/418 349/420/385 365/435/399
f 319/407/372 252/424/389 253/318/288
f 351/452/415 370/443/407 350/453/416
f 301/365/332 294/358/326 398/474/437
f 354/423/388 400/475/438 352/421/386
f 123/441/405 306/370/337 401/476/439
f 356/425/390 353/422/387 352/421/386
f 377/455/418 385/463/426 349/420/385
f 349/420/385 385/463/426 382/477/440
f 66/478/124 406/479/441 120/189/166
f 383/480/442 382/477/440 385/463/426
f 295/359/327 294/358/326 301/365/332
f 408/481/443 400/475/438 402/482/444
f 409/483/445 410/484/446 403/485/447
f 384/461/424 407/486/448 411/487/449
f 340/409/374 337/408/373 327/396/361
f 393/468/431 180/488/450 128/469/432
f 384/461/424 411/487/449 387/473/436
f 302/366/333 301/365/332 316/489/348
f 412/490/451 337/408/373 340/409/374
f 294/358/326 312/378/345 398/474/437
f 366/436/400 357/426/391 370/443/407
f 397/472/435 297/362/330 391/466/429
f 381/459/422 412/490/451 402/482/444
f 301/365/332 403/485/447 316/489/348
f 340/409/374 402/482/444 412/490/451
f 365/435/399 371/442/406 366/436/400
f 416/491/452 417/492/453 418/493/454
f 357/426/391 356/425/390 352/421/386
f 385/463/426 419/494/455 383/480/442
f 414/495/456 413/496/457 420/497/458
f 360/429/394 359/428/393 387/473/436
f 315/380/347 316/382/348 331/402/367
f 413/496/457 414/495/456 411/487/449
f 347/418/383 349/420/385 382/477/440
f 340/409/374 331/402/367 402/482/444
f 348/419/384 347/418/383 391/466/429
f 421/498/459 422/499/460 423/500/461
f 414/495/456 409/483/445 424/501/462
f 55/31/31 54/30/30 34/109/96
f 411/487/449 414/495/456 360/429/394
f 331/402/367 316/382/348 410/502/446
f 427/503/463 420/504/458 413/505/457
f 398/474/437 312/378/345 341/411/376
f 409/483/445 414/495/456 420/497/458
f 428/506/464 429/507/465 430/508/466
f 3699/132/114 38/128/108 39/129/111
f 429/507/465 428/506/464 433/509/467
f 390/465/428 419/494/455 385/463/426
f 435/510/468 430/508/466 429/507/465
f 436/511/469 423/500/461 437/512/470
f 410/484/446 316/489/348 403/485/447
f 398/474/437 341/411/376 434/513/471
f 3694/32/32 17/34/34 3687/77/69
f 435/510/468 431/514/472 432/515/473
f 400/475/438 438/516/474 352/421/386
f 439/517/475 413/496/457 411/487/449
f 436/511/469 432/515/473 440/518/476
f 350/453/416 352/421/386 438/516/474
f 441/519/477 442/520/478 427/503/463
f 377/455/418 388/462/425 385/463/426
f 175/232/209 194/310/236 173/230/207
f 175/297/209 191/260/235 194/261/236
f 426/521/479 443/522/480 425/523/481
f 410/502/446 408/481/443 331/402/367
f 413/505/457 439/524/475 427/503/463
f 444/525/482 427/503/463 439/524/475
f 431/514/472 435/510/468 445/526/483
f 444/525/482 441/519/477 427/503/463
f 408/481/443 442/520/478 400/475/438
f 447/527/484 448/528/485 428/506/464
f 4/43/43 6/49/48 405/51/50
f 3694/32/32 3687/77/69 27/33/33
f 438/516/474 400/475/438 442/520/478
f 449/529/486 450/530/487 428/506/464
f 424/501/462 301/365/332 398/474/437
f 3699/132/114 39/129/111 56/58/54
f 341/411/376 360/429/394 434/513/471
f 432/515/473 451/531/488 452/532/489
f 301/365/332 424/501/462 403/485/447
f 453/533/490 428/506/464 450/530/487
f 360/429/394 387/473/436 411/487/449
f 452/532/489 440/518/476 432/515/473
f 414/495/456 424/501/462 434/513/471
f 439/517/475 411/487/449 454/534/491
f 408/481/443 410/502/446 420/504/458
f 422/499/460 449/529/486 458/535/492
f 449/529/486 422/499/460 457/536/493
f 420/497/458 410/484/446 409/483/445
f 449/529/486 457/536/493 450/530/487
f 427/503/463 408/481/443 420/504/458
f 428/506/464 453/533/490 447/527/484
f 434/513/471 424/501/462 398/474/437
f 408/481/443 427/503/463 442/520/478
f 243/309/280 194/310/236 462/537/494
f 381/459/422 400/475/438 354/423/388
f 461/538/495 463/539/496 453/533/490
f 402/482/444 400/475/438 381/459/422
f 14/35/35 5/25/25 7/36/36
f 17/93/34 42/94/83 3697/95/84
f 447/527/484 464/540/497 448/528/485
f 461/538/495 453/533/490 450/530/487
f 423/500/461 440/518/476 465/541/498
f 461/538/495 450/530/487 466/542/499
f 459/543/500 460/544/501 456/545/502
f 335/405/370 312/378/345 308/374/341
f 312/378/345 335/405/370 341/411/376
f 464/540/497 453/533/490 463/539/496
f 402/482/444 331/402/367 408/481/443
f 337/408/373 412/490/451 355/460/423
f 381/459/422 355/460/423 412/490/451
f 470/546/503 459/543/500 456/545/502
f 409/483/445 403/485/447 424/501/462
f 442/520/478 441/519/477 417/492/453
f 2/15/15 3/83/60 3698/16/16
f 194/310/236 247/547/283 462/537/494
f 425/523/481 461/538/495 471/548/504
f 443/522/480 464/540/497 463/539/496
f 375/451/414 350/453/416 438/516/474
f 464/540/497 447/527/484 453/533/490
f 425/523/481 463/539/496 461/538/495
f 474/549/505 450/530/487 457/536/493
f 417/492/453 416/491/452 442/520/478
f 442/520/478 416/491/452 438/516/474
f 423/500/461 475/550/506 421/498/459
f 455/551/507 472/552/508 476/553/509
f 296/360/328 331/402/367 340/409/374
f 455/551/507 470/546/503 456/545/502
f 478/554/510 456/545/502 460/544/501
f 480/555/511 481/556/512 482/557/513
f 421/498/459 470/546/503 483/558/514
f 414/495/456 434/513/471 360/429/394
f 479/559/515 422/499/460 483/558/514
f 459/543/500 470/546/503 421/498/459
f 430/508/466 435/510/468 458/535/492
f 484/560/516 426/521/479 482/557/513
f 477/561/517 479/559/515 483/558/514
f 477/561/517 483/558/514 470/546/503
f 437/512/470 423/500/461 422/499/460
f 485/562/518 486/563/519 487/564/520
f 3/83/60 2/15/15 1/18/18
f 476/553/509 468/565/521 455/551/507
f 421/498/459 475/550/506 459/543/500
f 3/68/60 395/64/57 3685/70/62
f 455/551/507 468/565/521 488/566/522
f 252/424/389 319/407/372 337/408/373
f 489/567/523 490/568/524 491/569/525
f 456/545/502 472/552/508 455/551/507
f 128/469/432 406/479/441 78/570/134
f 473/571/526 482/557/513 471/548/504
f 485/562/518 487/564/520 489/567/523
f 114/185/162 113/184/161 148/208/185
f 492/572/527 493/573/528 494/574/529
f 448/528/485 433/509/467 428/506/464
f 491/569/525 485/562/518 489/567/523
f 487/564/520 496/575/530 484/560/516
f 497/576/531 488/566/522 498/577/532
f 499/578/533 490/568/524 489/567/523
f 457/536/493 422/499/460 479/559/515
f 358/427/392 268/339/309 257/319/289
f 493/573/528 492/572/527 467/579/534
f 268/339/309 358/427/392 297/362/330
f 487/564/520 486/563/519 496/575/530
f 477/561/517 474/549/505 457/536/493
f 104/580/535 66/147/124 500/581/536
f 472/552/508 456/545/502 478/554/510
f 472/552/508 478/554/510 501/582/537
f 503/583/538 481/556/512 480/555/511
f 165/450/413 122/209/186 82/303/275
f 457/536/493 479/559/515 477/561/517
f 470/546/503 474/549/505 477/561/517
f 470/546/503 504/584/539 474/549/505
f 492/572/527 498/577/532 488/566/522
f 305/369/336 320/385/350 335/405/370
f 467/579/534 488/566/522 468/565/521
f 204/263/238 505/585/540 336/406/371
f 495/586/541 503/583/538 480/555/511
f 492/572/527 494/574/529 495/586/541
f 496/575/530 508/587/542 426/521/479
f 468/565/521 476/553/509 467/579/534
f 487/564/520 484/560/516 481/556/512
f 425/523/481 482/557/513 426/521/479
f 471/548/504 482/557/513 425/523/481
f 504/584/539 497/576/531 474/549/505
f 455/551/507 504/584/539 470/546/503
f 481/556/512 484/560/516 482/557/513
f 239/305/277 509/588/543 244/314/284
f 509/588/543 373/447/411 244/314/284
f 488/566/522 504/584/539 455/551/507
f 126/273/168 174/231/208 199/252/227
f 329/400/365 373/447/411 509/588/543
f 509/588/543 239/305/277 242/308/279
f 498/577/532 480/555/511 497/576/531
f 511/589/544 510/590/545 513/591/546
f 487/564/520 481/556/512 503/583/538
f 480/555/511 473/571/526 497/576/531
f 503/583/538 495/586/541 510/590/545
f 239/305/277 226/284/258 242/308/279
f 355/460/423 252/424/389 337/408/373
f 473/571/526 461/538/495 466/542/499
f 199/252/227 255/592/547 185/253/228
f 515/593/548 491/569/525 490/568/524
f 258/399/364 516/594/549 134/197/174
f 513/591/546 510/590/545 494/574/529
f 509/588/543 242/308/279 255/592/547
f 353/422/387 257/319/289 252/424/389
f 474/549/505 497/576/531 466/542/499
f 495/586/541 494/574/529 510/590/545
f 471/548/504 461/538/495 473/571/526
f 497/576/531 473/571/526 466/542/499
f 503/583/538 510/590/545 499/578/533
f 185/253/228 255/592/547 202/256/231
f 492/572/527 488/566/522 467/579/534
f 342/412/377 329/400/365 199/252/227
f 202/256/231 255/592/547 242/308/279
f 514/595/550 515/593/548 518/596/551
f 495/586/541 498/577/532 492/572/527
f 519/597/552 138/213/190 520/598/553
f 496/575/530 426/521/479 484/560/516
f 497/576/531 504/584/539 488/566/522
f 515/593/548 512/599/554 518/596/551
f 329/400/365 255/592/547 199/252/227
f 489/567/523 487/564/520 503/583/538
f 71/152/129 520/598/553 138/213/190
f 520/598/553 71/152/129 70/151/128
f 520/598/553 265/325/295 519/597/552
f 495/586/541 480/555/511 498/577/532
f 462/537/494 522/600/555 243/309/280
f 174/231/208 342/412/377 199/252/227
f 174/231/208 243/309/280 342/412/377
f 516/594/549 64/145/122 134/197/174
f 397/472/435 523/601/556 524/602/557
f 520/598/553 70/151/128 345/446/410
f 521/603/558 282/344/313 304/375/342
f 135/205/182 124/207/184 155/214/191
f 255/592/547 329/400/365 509/588/543
f 534/604/559 521/603/558 523/601/556
f 525/605/560 526/606/561 527/607/562
f 520/598/553 345/446/410 265/325/295
f 530/608/563 529/609/564 525/605/560
f 532/610/565 155/214/191 533/611/566
f 254/316/286 147/206/183 135/205/182
f 529/609/564 534/604/559 525/605/560
f 378/456/419 345/446/410 70/151/128
f 531/612/567 535/613/568 528/614/569
f 526/606/561 525/605/560 536/615/570
f 525/605/560 523/601/556 536/615/570
f 499/578/533 510/590/545 511/589/544
f 269/328/298 221/280/254 212/270/245
f 515/593/548 490/568/524 499/578/533
f 537/616/571 530/608/563 538/617/572
f 539/618/573 465/541/498 528/614/569
f 138/213/190 519/597/552 133/196/173
f 538/617/572 525/605/560 527/607/562
f 515/593/548 499/578/533 512/599/554
f 99/169/146 100/170/147 540/619/574
f 541/620/575 526/606/561 536/615/570
f 319/407/372 378/456/419 300/364/331
f 525/605/560 538/617/572 530/608/563
f 531/612/567 528/614/569 542/621/576
f 528/614/569 465/541/498 537/616/571
f 531/612/567 538/617/572 527/607/562
f 264/324/294 281/343/312 519/597/552
f 519/597/552 533/611/566 133/196/173
f 254/316/286 135/205/182 534/604/559
f 512/599/554 499/578/533 511/589/544
f 534/604/559 529/609/564 254/316/286
f 300/364/331 540/619/574 303/368/335
f 540/619/574 300/364/331 378/456/419
f 531/612/567 542/621/576 538/617/572
f 533/611/566 519/597/552 281/343/312
f 373/447/411 329/400/365 322/389/354
f 533/611/566 155/214/191 133/196/173
f 527/607/562 526/606/561 541/620/575
f 521/603/558 304/375/342 524/602/557
f 195/248/224 193/247/223 299/367/334
f 534/604/559 523/601/556 525/605/560
f 533/611/566 281/343/312 532/610/565
f 541/620/575 543/622/577 527/607/562
f 544/623/578 531/612/567 527/607/562
f 530/608/563 545/624/579 227/321/291
f 521/603/558 524/602/557 523/601/556
f 538/617/572 542/621/576 537/616/571
f 244/314/284 170/163/140 239/305/277
f 532/610/565 281/343/312 521/603/558
f 546/625/580 227/321/291 545/624/579
f 70/151/128 99/169/146 378/456/419
f 303/368/335 540/619/574 100/170/147
f 265/325/295 264/324/294 519/597/552
f 303/368/335 100/170/147 195/248/224
f 135/205/182 532/610/565 534/604/559
f 378/456/419 99/169/146 540/619/574
f 549/626/581 545/624/579 547/627/582
f 548/628/583 432/515/473 431/514/472
f 155/214/191 532/610/565 135/205/182
f 451/531/488 548/628/583 547/627/582
f 530/608/563 214/272/247 254/316/286
f 547/627/582 465/541/498 451/531/488
f 546/625/580 551/629/584 552/630/585
f 553/631/586 543/622/577 550/632/587
f 528/614/569 537/616/571 542/621/576
f 159/220/197 554/633/588 500/634/536
f 521/603/558 281/343/312 282/344/313
f 432/515/473 548/628/583 451/531/488
f 555/635/589 556/636/590 553/631/586
f 303/368/335 195/248/224 299/367/334
f 544/623/578 535/613/568 531/612/567
f 465/541/498 547/627/582 537/616/571
f 259/322/292 227/321/291 546/625/580
f 304/375/342 397/472/435 524/602/557
f 558/637/591 559/638/592 393/468/431
f 530/608/563 227/321/291 214/272/247
f 535/613/568 539/618/573 528/614/569
f 112/639/593 505/585/540 61/262/237
f 122/209/186 123/441/405 82/303/275
f 547/627/582 545/624/579 537/616/571
f 544/623/578 527/607/562 563/640/594
f 529/609/564 530/608/563 254/316/286
f 539/618/573 475/550/506 465/541/498
f 564/641/595 565/642/596 566/643/597
f 419/494/455 562/644/598 383/480/442
f 567/645/599 565/642/596 568/646/600
f 569/647/601 570/648/602 536/615/570
f 569/647/601 347/418/383 382/477/440
f 561/649/603 544/623/578 563/640/594
f 560/650/604 475/550/506 535/613/568
f 571/651/605 572/652/606 573/653/607
f 570/648/602 569/647/601 382/477/440
f 574/654/608 460/544/501 575/655/609
f 397/472/435 391/466/429 347/418/383
f 565/642/596 576/656/610 577/657/611
f 565/642/596 560/650/604 576/656/610
f 578/658/612 577/657/611 571/651/605
f 565/642/596 564/641/595 568/646/600
f 545/624/579 530/608/563 537/616/571
f 550/632/587 541/620/575 536/615/570
f 500/634/536 157/219/196 159/220/197
f 555/635/589 562/644/598 580/659/613
f 550/632/587 536/615/570 562/644/598
f 452/532/489 451/531/488 465/541/498
f 452/532/489 465/541/498 440/518/476
f 572/652/606 579/660/614 581/661/615
f 572/652/606 556/636/590 555/635/589
f 572/652/606 581/661/615 573/653/607
f 549/626/581 547/627/582 548/628/583
f 579/660/614 572/652/606 390/465/428
f 536/615/570 570/648/602 562/644/598
f 552/630/585 549/626/581 548/628/583
f 382/477/440 383/480/442 570/648/602
f 562/644/598 419/494/455 580/659/613
f 527/607/562 543/622/577 557/662/616
f 556/636/590 577/657/611 576/656/610
f 570/648/602 383/480/442 562/644/598
f 576/656/610 563/640/594 582/663/617
f 565/642/596 577/657/611 566/643/597
f 544/623/578 561/649/603 535/613/568
f 423/500/461 465/541/498 475/550/506
f 557/662/616 563/640/594 527/607/562
f 580/659/613 419/494/455 390/465/428
f 539/618/573 535/613/568 475/550/506
f 577/657/611 556/636/590 572/652/606
f 563/640/594 576/656/610 561/649/603
f 571/651/605 573/653/607 583/664/618
f 347/418/383 523/601/556 397/472/435
f 578/658/612 585/665/619 564/641/595
f 552/630/585 586/666/620 546/625/580
f 585/665/619 578/658/612 571/651/605
f 560/650/604 459/543/500 475/550/506
f 583/664/618 585/665/619 571/651/605
f 572/652/606 555/635/589 580/659/613
f 460/544/501 501/582/537 478/554/510
f 148/208/185 394/470/433 114/185/162
f 543/622/577 541/620/575 550/632/587
f 550/632/587 562/644/598 555/635/589
f 523/601/556 347/418/383 569/647/601
f 68/149/126 196/250/225 78/157/134
f 543/622/577 553/631/586 582/663/617
f 557/662/616 543/622/577 582/663/617
f 553/631/586 550/632/587 555/635/589
f 390/465/428 572/652/606 580/659/613
f 577/657/611 572/652/606 571/651/605
f 566/643/597 578/658/612 564/641/595
f 578/658/612 566/643/597 577/657/611
f 565/642/596 567/645/599 560/650/604
f 568/646/600 564/641/595 587/667/621
f 556/636/590 576/656/610 582/663/617
f 459/543/500 560/650/604 567/645/599
f 563/640/594 557/662/616 582/663/617
f 406/668/441 68/149/126 78/157/134
f 556/636/590 582/663/617 553/631/586
f 523/601/556 569/647/601 536/615/570
f 459/543/500 567/645/599 460/544/501
f 214/272/247 262/323/293 211/268/243
f 262/323/293 246/312/282 211/268/243
f 560/650/604 561/649/603 576/656/610
f 561/649/603 560/650/604 535/613/568
f 120/189/166 406/479/441 118/187/164
f 406/479/441 128/469/432 118/187/164
f 587/667/621 575/655/609 568/646/600
f 118/187/164 128/469/432 180/488/450
f 568/646/600 575/655/609 567/645/599
f 575/655/609 460/544/501 567/645/599
f 214/272/247 227/321/291 262/323/293
f 73/669/133 392/467/430 78/570/134
f 326/670/622 590/671/623 554/633/588
f 406/668/441 66/147/124 68/149/126
f 319/407/372 253/318/288 345/446/410
f 589/672/624 592/673/625 85/161/138
f 593/674/626 85/161/138 592/673/625
f 85/161/138 593/674/626 131/194/171
f 227/321/291 250/320/290 262/323/293
f 597/675/627 396/676/434 394/677/433
f 591/678/628 554/679/588 590/680/623
f 326/670/622 554/633/588 159/220/197
f 278/337/307 262/323/293 250/320/290
f 157/219/196 66/478/124 120/189/166
f 1211/681/629 500/581/536 554/679/588
f 589/672/624 594/682/630 592/673/625
f 600/683/631 602/684/632 601/685/633
f 591/678/628 1211/681/629 554/679/588
f 594/682/630 589/672/624 588/686/634
f 157/219/196 500/634/536 66/478/124
f 392/467/430 128/469/432 78/570/134
f 599/687/635 121/216/193 379/457/420
f 224/282/256 248/315/285 236/300/272
f 605/688/636 606/689/637 607/690/638
f 248/315/285 246/312/282 236/300/272
f 104/580/535 103/177/154 66/147/124
f 593/674/626 142/200/177 131/194/171
f 589/672/624 64/145/122 588/686/634
f 396/471/434 599/687/635 379/457/420
f 120/189/166 119/188/165 157/219/196
f 608/691/639 609/692/640 610/693/641
f 589/672/624 65/146/123 64/145/122
f 612/694/642 606/689/637 605/688/636
f 606/689/637 612/694/642 615/695/643
f 593/674/626 596/696/644 142/200/177
f 594/682/630 603/697/645 616/698/646
f 589/672/624 85/161/138 65/146/123
f 608/691/639 617/699/647 609/692/640
f 611/700/648 603/697/645 594/682/630
f 620/701/649 617/699/647 608/691/639
f 614/702/650 74/158/135 621/703/651
f 622/704/652 615/695/643 612/694/642
f 141/199/176 142/200/177 596/696/644
f 594/682/630 588/686/634 611/700/648
f 149/234/211 621/703/651 150/705/653
f 64/145/122 516/594/549 588/686/634
f 370/443/407 357/426/391 352/421/386
f 624/706/654 364/434/398 389/707/655
f 603/697/645 604/708/656 616/698/646
f 598/709/657 605/688/636 596/696/644
f 594/682/630 595/710/658 592/673/625
f 626/711/659 615/695/643 627/712/660
f 595/710/658 598/709/657 592/673/625
f 590/680/623 599/713/635 628/714/661
f 598/709/657 596/696/644 593/674/626
f 593/674/626 592/673/625 598/709/657
f 629/715/662 626/711/659 627/712/660
f 595/710/658 594/682/630 616/698/646
f 326/670/622 121/216/193 590/671/623
f 121/216/193 599/687/635 590/671/623
f 630/716/663 158/287/261 336/406/371
f 631/717/664 197/259/234 213/271/246
f 622/704/652 595/710/658 616/698/646
f 596/696/644 605/688/636 141/199/176
f 115/186/163 216/277/251 306/370/337
f 616/698/646 604/708/656 622/704/652
f 614/702/650 621/703/651 623/718/665
f 612/694/642 605/688/636 598/709/657
f 598/709/657 595/710/658 612/694/642
f 636/719/666 637/720/667 638/721/668
f 634/722/669 639/723/670 635/724/671
f 622/704/652 612/694/642 595/710/658
f 158/287/261 630/716/663 230/288/262
f 622/704/652 604/708/656 627/712/660
f 631/717/664 634/725/669 247/313/283
f 148/208/185 122/209/186 165/450/413
f 606/689/637 626/711/659 607/690/638
f 642/726/672 639/727/670 633/728/673
f 257/319/289 356/425/390 358/427/392
f 643/729/674 638/721/668 637/720/667
f 599/713/635 396/676/434 597/675/627
f 644/730/675 278/337/307 273/338/308
f 241/731/676 215/274/248 245/311/281
f 623/718/665 613/732/677 614/702/650
f 626/711/659 606/689/637 615/695/643
f 371/442/406 297/362/330 358/427/392
f 647/733/678 635/724/671 645/734/679
f 637/720/667 241/731/676 245/311/281
f 644/730/675 649/735/680 278/337/307
f 213/271/246 650/736/681 631/717/664
f 646/737/682 651/738/683 643/729/674
f 652/739/684 646/737/682 649/735/680
f 650/736/681 228/286/260 653/740/685
f 654/741/686 655/742/687 522/600/555
f 197/259/234 631/717/664 247/313/283
f 657/743/688 644/730/675 273/338/308
f 651/738/683 646/737/682 652/739/684
f 653/740/685 228/286/260 636/719/666
f 247/547/283 654/741/686 522/600/555
f 656/744/689 653/740/685 636/719/666
f 657/743/688 273/338/308 259/322/292
f 432/515/473 436/511/469 435/510/468
f 228/286/260 650/736/681 213/271/246
f 435/510/468 436/511/469 458/535/492
f 649/735/680 646/737/682 278/337/307
f 644/730/675 657/743/688 652/739/684
f 636/719/666 638/721/668 643/729/674
f 657/743/688 259/322/292 660/745/690
f 661/746/691 636/719/666 659/747/692
f 643/729/674 659/747/692 636/719/666
f 629/715/662 627/712/660 648/748/693
f 662/749/694 657/743/688 660/745/690
f 604/708/656 658/750/695 627/712/660
f 658/750/695 648/748/693 627/712/660
f 631/717/664 633/728/673 634/725/669
f 437/512/470 458/535/492 436/511/469
f 664/751/696 665/752/697 657/743/688
f 640/753/698 650/736/681 653/740/685
f 634/722/669 654/741/686 247/547/283
f 436/511/469 440/518/476 423/500/461
f 656/744/689 636/719/666 661/746/691
f 245/311/281 278/337/307 646/737/682
f 667/754/699 648/748/693 658/750/695
f 430/508/466 449/529/486 428/506/464
f 668/755/700 657/743/688 662/749/694
f 228/286/260 215/274/248 241/731/676
f 635/724/671 654/741/686 634/722/669
f 247/547/283 522/600/555 462/537/494
f 637/720/667 228/286/260 241/731/676
f 654/741/686 635/724/671 655/742/687
f 636/719/666 228/286/260 637/720/667
f 643/729/674 637/720/667 646/737/682
f 665/752/697 651/738/683 652/739/684
f 633/728/673 639/727/670 634/725/669
f 647/733/678 655/742/687 635/724/671
f 645/734/679 635/724/671 639/723/670
f 640/753/698 671/756/701 642/726/672
f 647/733/678 672/757/702 673/758/703
f 633/728/673 631/717/664 650/736/681
f 657/743/688 668/755/700 664/751/696
f 245/311/281 646/737/682 637/720/667
f 651/738/683 676/759/704 659/747/692
f 258/399/364 342/412/377 517/760/705
f 677/761/706 676/759/704 651/738/683
f 679/762/707 678/763/708 680/764/709
f 673/758/703 611/700/648 681/765/710
f 682/766/711 679/762/707 680/764/709
f 681/765/710 588/686/634 683/767/712
f 678/763/708 645/734/679 680/764/709
f 650/736/681 640/753/698 633/728/673
f 342/412/377 669/768/713 517/760/705
f 678/763/708 672/757/702 645/734/679
f 669/768/713 342/412/377 522/600/555
f 659/747/692 643/729/674 651/738/683
f 273/338/308 278/337/307 250/320/290
f 516/594/549 258/399/364 683/767/712
f 669/768/713 655/742/687 647/733/678
f 674/769/714 675/770/715 685/771/716
f 665/752/697 686/772/717 687/773/718
f 683/767/712 258/399/364 517/760/705
f 483/558/514 422/499/460 421/498/459
f 640/753/698 653/740/685 671/756/701
f 691/774/719 692/775/720 693/776/721
f 685/771/716 688/777/722 671/756/701
f 690/778/723 694/779/724 689/780/725
f 670/781/726 695/782/727 684/783/728
f 689/784/725 694/785/724 696/786/729
f 2492/130/112 405/51/50 3399/71/63
f 680/764/709 690/778/723 682/766/711
f 688/787/722 645/734/679 639/723/670
f 688/787/722 680/764/709 645/734/679
f 656/744/689 671/756/701 653/740/685
f 642/726/672 671/756/701 688/777/722
f 41/22/22 3704/48/47 54/30/30
f 693/776/721 697/788/730 691/774/719
f 657/743/688 665/752/697 652/739/684
f 676/759/704 677/761/706 698/789/731
f 673/758/703 699/790/732 611/700/648
f 688/777/722 639/727/670 642/726/672
f 687/773/718 700/791/733 677/761/706
f 437/512/470 422/499/460 458/535/492
f 45/139/116 3707/24/24 2492/130/112
f 693/776/721 692/775/720 701/792/734
f 700/791/733 698/789/731 677/761/706
f 3701/23/23 41/22/22 54/30/30
f 670/781/726 661/746/691 695/782/727
f 46/44/21 3382/41/41 3364/106/94
f 693/776/721 698/789/731 697/788/730
f 438/516/474 416/491/452 375/451/414
f 685/771/716 694/785/724 688/777/722
f 3/68/60 3685/70/62 3698/793/16
f 690/778/723 689/780/725 702/794/735
f 458/535/492 449/529/486 430/508/466
f 647/733/678 681/765/710 669/768/713
f 26/98/87 21/82/74 18/79/71
f 25/99/88 3665/110/97 23/100/89
f 673/758/703 681/765/710 647/733/678
f 14/35/35 35/26/26 5/25/25
f 2/15/15 3376/17/17 3378/53/52
f 703/795/736 704/796/737 701/792/734
f 672/757/702 647/733/678 645/734/679
f 443/522/480 463/539/496 425/523/481
f 694/779/724 680/764/709 688/787/722
f 690/778/723 705/797/738 706/798/739
f 3694/32/32 3653/11/11 24/10/10
f 3699/135/114 40/134/113 49/127/110
f 769/74/66 3383/42/42 48/20/20
f 664/751/696 707/799/740 665/752/697
f 603/697/645 699/790/732 705/797/738
f 4/43/43 2492/130/112 3707/24/24
f 708/800/741 709/801/742 675/770/715
f 659/747/692 695/782/727 661/746/691
f 710/802/743 711/803/744 705/797/738
f 681/765/710 611/700/648 588/686/634
f 704/796/737 674/769/714 670/781/726
f 685/771/716 675/770/715 696/786/729
f 687/773/718 677/761/706 651/738/683
f 685/771/716 696/786/729 694/785/724
f 665/752/697 687/773/718 651/738/683
f 674/769/714 656/744/689 661/746/691
f 3/83/60 15/4/4 10/6/6
f 674/769/714 661/746/691 670/781/726
f 694/779/724 690/778/723 680/764/709
f 695/782/727 659/747/692 676/759/704
f 3658/3/3 53/115/101 36/81/73
f 712/804/745 658/750/695 632/805/746
f 679/762/707 706/798/739 699/790/732
f 46/21/21 3701/23/23 52/56/44
f 656/744/689 674/769/714 671/756/701
f 685/771/716 671/756/701 674/769/714
f 705/797/738 699/790/732 706/798/739
f 640/753/698 642/726/672 633/728/673
f 687/773/718 686/772/717 700/791/733
f 684/783/728 695/782/727 676/759/704
f 698/789/731 684/783/728 676/759/704
f 684/783/728 698/789/731 693/776/721
f 701/792/734 713/806/747 703/795/736
f 710/802/743 705/797/738 690/778/723
f 648/748/693 666/807/748 629/715/662
f 686/772/717 665/752/697 707/799/740
f 700/791/733 697/788/730 698/789/731
f 684/783/728 701/792/734 670/781/726
f 693/776/721 701/792/734 684/783/728
f 667/754/699 658/750/695 717/808/749
f 8/12/12 1/18/18 12/52/51
f 701/792/734 704/796/737 670/781/726
f 711/803/744 712/804/745 632/805/746
f 502/809/750 494/574/529 493/573/528
f 720/810/751 710/802/743 702/794/735
f 691/774/719 697/788/730 700/791/733
f 482/557/513 473/571/526 480/555/511
f 703/795/736 713/806/747 708/800/741
f 706/798/739 679/762/707 682/766/711
f 710/802/743 690/778/723 702/794/735
f 3658/3/3 469/2/2 3642/89/79
f 3658/3/3 3638/90/80 53/115/101
f 725/811/752 726/812/753 727/813/754
f 632/805/746 603/697/645 705/797/738
f 450/530/487 474/549/505 466/542/499
f 717/808/749 712/804/745 724/814/755
f 3686/69/61 395/64/57 3678/63/5
f 711/803/744 724/814/755 712/804/745
f 13/137/13 9/61/56 51/37/37
f 3661/28/28 3660/116/102 3653/11/11
f 658/750/695 604/708/656 632/805/746
f 714/815/756 702/794/735 689/780/725
f 22/27/27 3660/116/102 3661/28/28
f 714/815/756 720/810/751 702/794/735
f 716/816/757 722/817/758 715/818/759
f 728/819/760 720/810/751 729/820/761
f 489/567/523 503/583/538 499/578/533
f 682/766/711 690/778/723 706/798/739
f 718/821/762 714/815/756 689/780/725
f 717/808/749 721/822/763 667/754/699
f 711/803/744 632/805/746 705/797/738
f 3645/119/105 30/111/98 3665/110/97
f 3658/3/3 36/81/73 16/80/72
f 3644/87/77 28/86/76 3660/120/102 53/823/101 3638/824/80
f 730/825/764 666/807/748 648/748/693
f 696/786/729 675/770/715 709/801/742
f 692/775/720 713/806/747 701/792/734
f 709/801/742 731/826/765 716/827/757
f 648/748/693 667/754/699 721/822/763
f 732/828/766 733/829/767 725/811/752
f 51/57/37 3706/136/55 50/133/115
f 692/775/720 691/774/719 713/806/747
f 18/79/71 21/82/74 27/33/33
f 691/774/719 734/830/768 713/806/747
f 23/100/89 16/80/72 21/82/74
f 33/78/70 26/98/87 18/79/71
f 696/786/729 716/827/757 689/784/725
f 724/814/755 728/819/760 725/811/752
f 735/831/769 715/818/759 722/817/758
f 716/816/757 718/821/762 689/780/725
f 648/748/693 721/822/763 726/812/753
f 737/832/770 730/825/764 726/812/753
f 738/833/771 739/834/772 737/832/770
f 586/666/620 259/322/292 546/625/580
f 20/101/90 3364/106/94 3363/104/93
f 734/830/768 708/800/741 713/806/747
f 724/814/755 711/803/744 728/819/760
f 618/835/773 641/836/774 619/837/775
f 716/827/757 696/786/729 709/801/742
f 731/826/765 722/838/758 716/827/757
f 720/810/751 711/803/744 710/802/743
f 717/808/749 658/750/695 712/804/745
f 726/812/753 730/825/764 648/748/693
f 261/440/404 740/839/776 741/840/777
f 660/745/690 259/322/292 586/666/620
f 708/800/741 731/826/765 709/801/742
f 534/604/559 532/610/565 521/603/558
f 715/818/759 714/815/756 718/821/762
f 711/803/744 720/810/751 728/819/760
f 743/841/778 586/666/620 431/514/472
f 586/666/620 552/630/585 431/514/472
f 732/828/766 728/819/760 729/820/761
f 744/842/779 731/826/765 708/800/741
f 715/818/759 718/821/762 716/816/757
f 728/819/760 732/828/766 725/811/752
f 745/843/780 608/691/639 610/693/641
f 736/844/781 746/845/782 737/832/770
f 26/98/87 20/101/90 25/99/88
f 715/818/759 735/831/769 714/815/756
f 735/831/769 729/820/761 714/815/756
f 3703/8/8 404/7/7 48/20/20
f 747/846/783 733/829/767 748/847/784
f 3632/73/65 29/112/99 3629/113/100
f 630/716/663 750/848/785 751/849/786
f 747/846/783 752/850/787 753/851/788
f 747/846/783 753/851/788 746/845/782
f 747/846/783 725/811/752 733/829/767
f 729/820/761 735/831/769 749/852/789
f 739/834/772 730/825/764 737/832/770
f 3707/24/24 45/139/116 3709/9/9
f 506/853/790 216/277/251 380/458/421
f 754/854/791 625/855/792 165/856/413
f 743/841/778 660/745/690 586/666/620
f 755/857/793 756/858/794 757/859/795
f 725/811/752 736/844/781 726/812/753
f 736/844/781 737/832/770 726/812/753
f 758/860/796 619/837/775 759/861/797
f 723/862/798 735/831/769 722/817/758
f 720/810/751 714/815/756 729/820/761
f 741/840/777 740/839/776 97/167/144
f 602/684/632 760/863/799 761/864/800
f 738/833/771 746/845/782 762/865/801
f 754/854/791 165/856/413 763/866/802
f 746/845/782 753/851/788 762/865/801
f 165/450/413 82/303/275 81/302/274
f 261/440/404 741/840/777 208/379/346
f 3378/53/52 4/43/43 35/26/26
f 546/625/580 545/624/579 551/629/584
f 545/624/579 549/626/581 551/629/584
f 753/851/788 752/850/787 756/867/794
f 766/868/803 764/869/804 748/847/784
f 448/528/485 767/870/805 768/871/806
f 770/872/807 764/869/804 766/868/803
f 551/629/584 549/626/581 552/630/585
f 3633/46/45 31/1/1 415/117/103
f 748/847/784 749/852/789 766/868/803
f 736/844/781 725/811/752 747/846/783
f 737/832/770 746/845/782 738/833/771
f 764/869/804 770/872/807 765/873/808
f 548/628/583 431/514/472 552/630/585
f 431/514/472 445/526/483 743/841/778
f 623/718/665 621/703/651 251/874/809
f 771/875/810 749/852/789 735/831/769
f 746/845/782 736/844/781 747/846/783
f 772/876/811 773/877/812 767/870/805
f 774/878/813 775/879/814 618/835/773
f 776/880/815 772/876/811 767/870/805
f 3645/119/105 415/117/103 3654/54/53
f 251/874/809 613/732/677 623/718/665
f 91/881/816 73/156/133 74/158/135
f 777/882/817 743/841/778 445/526/483
f 148/208/185 165/450/413 625/883/792
f 765/873/808 747/846/783 764/869/804
f 723/862/798 771/875/810 735/831/769
f 748/847/784 764/869/804 747/846/783
f 103/177/154 778/884/818 106/178/155
f 767/870/805 773/877/812 779/885/819
f 768/871/806 767/870/805 779/885/819
f 765/873/808 770/872/807 752/850/787
f 748/847/784 733/829/767 732/828/766
f 780/886/820 781/887/821 782/888/822
f 783/889/823 784/890/824 751/849/786
f 757/891/795 752/850/787 770/872/807
f 761/864/800 601/685/633 602/684/632
f 747/846/783 765/873/808 752/850/787
f 756/867/794 752/850/787 757/891/795
f 732/828/766 729/820/761 749/852/789
f 785/892/825 777/882/817 445/526/483
f 749/852/789 748/847/784 732/828/766
f 3633/46/45 11/72/64 469/2/2
f 445/526/483 435/510/468 787/893/826
f 766/868/803 749/852/789 771/875/810
f 630/716/663 784/890/824 790/894/827
f 625/883/792 394/470/433 148/208/185
f 792/895/828 793/896/829 779/885/819
f 793/896/829 792/895/828 794/897/830
f 795/898/831 792/895/828 779/885/819
f 786/899/832 445/526/483 787/893/826
f 786/899/832 785/892/825 445/526/483
f 3690/66/59 43/91/81 3678/63/5
f 796/900/833 443/522/480 426/521/479
f 768/871/806 793/896/829 433/509/467
f 464/540/497 443/522/480 796/900/833
f 429/507/465 787/893/826 435/510/468
f 787/893/826 797/901/834 794/897/830
f 799/902/835 800/903/836 801/904/837
f 768/871/806 779/885/819 793/896/829
f 798/905/838 800/903/836 799/902/835
f 799/902/835 801/904/837 802/906/839
f 804/907/840 803/908/841 805/909/842
f 803/908/841 806/910/843 805/909/842
f 793/896/829 429/507/465 433/509/467
f 165/856/413 249/354/322 763/866/802
f 429/507/465 797/901/834 787/893/826
f 464/540/497 796/900/833 776/880/815
f 785/892/825 807/911/844 808/912/845
f 809/913/846 806/910/843 810/914/847
f 802/906/839 796/900/833 426/521/479
f 814/915/848 815/916/849 816/917/850
f 786/899/832 807/911/844 785/892/825
f 819/918/851 820/919/852 781/887/821
f 821/920/853 804/907/840 818/921/854
f 797/901/834 429/507/465 793/896/829
f 780/886/820 819/918/851 781/887/821
f 797/901/834 793/896/829 794/897/830
f 804/907/840 805/909/842 823/922/855
f 781/887/821 820/919/852 812/923/856
f 804/907/840 823/922/855 818/921/854
f 426/521/479 508/587/542 799/902/835
f 825/924/857 804/907/840 821/920/853
f 822/925/858 795/898/831 812/923/856
f 767/870/805 448/528/485 464/540/497
f 783/889/823 751/849/786 750/848/785
f 448/528/485 768/871/806 433/509/467
f 781/887/821 773/877/812 782/888/822
f 781/887/821 795/898/831 773/877/812
f 826/926/859 796/900/833 801/904/837
f 826/926/859 776/880/815 796/900/833
f 824/927/860 820/919/852 819/918/851
f 801/904/837 800/903/836 780/886/820
f 801/904/837 780/886/820 782/888/822
f 464/540/497 776/880/815 767/870/805
f 829/928/861 830/929/862 815/916/849
f 426/521/479 799/902/835 802/906/839
f 801/904/837 796/900/833 802/906/839
f 813/930/863 831/931/864 822/925/858
f 829/928/861 831/931/864 812/923/856
f 828/932/865 829/928/861 812/923/856
f 798/905/838 799/902/835 508/587/542
f 810/914/847 806/910/843 833/933/866
f 776/880/815 826/926/859 772/876/811
f 812/923/856 795/898/831 781/887/821
f 831/931/864 814/915/848 834/934/867
f 805/909/842 806/910/843 809/913/846
f 811/935/868 798/905/838 508/587/542
f 809/913/846 800/903/836 798/905/838
f 827/936/869 820/919/852 824/927/860
f 798/905/838 805/909/842 809/913/846
f 837/937/870 829/928/861 828/932/865
f 827/936/869 812/923/856 820/919/852
f 814/915/848 807/911/844 786/899/832
f 832/938/871 828/932/865 812/923/856
f 829/928/861 837/937/870 830/929/862
f 813/930/863 822/925/858 812/923/856
f 817/939/872 792/895/828 834/934/867
f 822/925/858 834/934/867 792/895/828
f 798/905/838 811/935/868 805/909/842
f 811/935/868 823/922/855 805/909/842
f 833/933/866 806/910/843 803/908/841
f 817/939/872 814/915/848 786/899/832
f 812/923/856 831/931/864 813/930/863
f 754/854/791 839/940/873 840/941/874
f 814/915/848 831/931/864 815/916/849
f 289/353/321 763/866/802 249/354/322
f 842/942/875 843/943/876 824/927/860
f 843/943/876 827/936/869 824/927/860
f 801/904/837 782/888/822 826/926/859
f 621/703/651 149/234/211 176/233/210
f 814/915/848 836/944/877 807/911/844
f 614/702/650 91/881/816 74/158/135
f 809/913/846 810/914/847 800/903/836
f 831/931/864 834/934/867 822/925/858
f 846/945/878 847/946/879 848/947/880
f 196/250/225 68/149/126 149/234/211
f 814/915/848 816/917/850 836/944/877
f 780/886/820 800/903/836 819/918/851
f 843/943/876 832/938/871 827/936/869
f 832/938/871 812/923/856 827/936/869
f 847/946/879 852/948/881 848/947/880
f 834/934/867 814/915/848 817/939/872
f 851/949/882 842/942/875 824/927/860
f 620/701/649 853/950/883 854/951/884
f 800/903/836 810/914/847 819/918/851
f 842/942/875 855/952/885 843/943/876
f 856/953/886 857/954/887 858/955/888
f 829/928/861 815/916/849 831/931/864
f 832/938/871 843/943/876 855/952/885
f 818/921/854 859/956/889 864/957/890
f 486/563/519 508/587/542 496/575/530
f 865/958/891 842/942/875 851/949/882
f 833/933/866 851/949/882 810/914/847
f 851/949/882 833/933/866 866/959/892
f 625/855/792 754/854/791 840/941/874
f 860/960/893 861/961/894 869/962/895
f 486/563/519 811/935/868 508/587/542
f 196/250/225 150/705/653 74/158/135
f 870/963/896 871/964/897 856/953/886
f 847/946/879 868/965/898 867/966/899
f 810/914/847 851/949/882 824/927/860
f 871/964/897 857/954/887 856/953/886
f 803/908/841 804/907/840 825/924/857
f 874/967/900 864/957/890 859/956/889
f 875/968/901 876/969/902 877/970/903
f 821/920/853 873/971/904 878/972/905
f 879/973/906 864/957/890 874/967/900
f 873/971/904 821/920/853 864/957/890
f 878/972/905 873/971/904 872/974/907
f 880/975/908 879/973/906 881/976/909
f 856/953/886 882/977/910 883/978/911
f 880/975/908 881/976/909 884/979/912
f 850/980/913 866/959/892 841/981/914
f 874/967/900 859/956/889 491/569/525
f 864/957/890 821/920/853 818/921/854
f 866/959/892 850/980/913 885/982/915
f 823/922/855 811/935/868 486/563/519
f 859/956/889 485/562/518 491/569/525
f 841/981/914 803/908/841 825/924/857
f 491/569/525 515/593/548 874/967/900
f 850/980/913 844/983/916 885/982/915
f 880/975/908 868/965/898 879/973/906
f 868/965/898 880/975/908 862/984/917
f 515/593/548 514/595/550 874/967/900
f 886/985/918 872/974/907 846/945/878
f 867/966/899 862/984/917 871/964/897
f 849/986/919 845/987/920 850/980/913
f 879/973/906 873/971/904 864/957/890
f 846/945/878 887/988/921 886/985/918
f 485/562/518 818/921/854 823/922/855
f 485/562/518 823/922/855 486/563/519
f 833/933/866 841/981/914 866/959/892
f 868/965/898 847/946/879 872/974/907
f 881/976/909 874/967/900 514/595/550
f 74/158/135 150/705/653 621/703/651
f 846/945/878 872/974/907 847/946/879
f 825/924/857 850/980/913 841/981/914
f 878/972/905 825/924/857 821/920/853
f 857/954/887 880/975/908 884/979/912
f 844/983/916 850/980/913 845/987/920
f 847/946/879 871/964/897 852/948/881
f 872/974/907 873/971/904 879/973/906
f 848/947/880 887/988/921 846/945/878
f 870/963/896 892/989/922 852/948/881
f 893/990/923 894/991/924 845/987/920
f 891/992/925 890/993/926 895/994/927
f 897/995/928 889/996/929 888/997/930
f 603/697/645 632/805/746 604/708/656
f 857/954/887 862/984/917 880/975/908
f 896/998/931 889/996/929 898/999/932
f 818/921/854 485/562/518 859/956/889
f 900/1000/933 889/996/929 897/995/928
f 870/963/896 888/997/930 892/989/922
f 897/995/928 901/1001/934 900/1000/933
f 845/987/920 849/986/919 886/985/918
f 881/976/909 879/973/906 874/967/900
f 899/1002/935 893/990/923 902/1003/936
f 892/989/922 902/1003/936 887/988/921
f 514/595/550 903/1004/937 881/976/909
f 904/1005/938 905/1006/939 906/1007/940
f 889/996/929 900/1000/933 898/999/932
f 872/974/907 879/973/906 868/965/898
f 856/953/886 888/997/930 870/963/896
f 856/953/886 883/978/911 888/997/930
f 891/992/925 908/1008/941 907/1009/942
f 622/704/652 627/712/660 615/695/643
f 867/966/899 868/965/898 862/984/917
f 911/1010/943 893/990/923 899/1002/935
f 912/1011/944 906/1007/940 905/1006/939
f 913/1012/945 914/1013/946 915/1014/947
f 916/1015/948 901/1016/934 917/1017/949
f 915/1014/947 909/1018/950 891/992/925
f 883/978/911 897/995/928 888/997/930
f 652/739/684 649/735/680 644/730/675
f 892/989/922 848/947/880 852/948/881
f 903/1004/937 884/979/912 881/976/909
f 906/1007/940 898/999/932 900/1000/933
f 909/1018/950 910/1019/951 916/1015/948
f 887/988/921 848/947/880 892/989/922
f 906/1007/940 900/1000/933 910/1020/951
f 910/1019/951 901/1016/934 916/1015/948
f 912/1011/944 896/998/931 898/999/932
f 920/1021/952 807/911/844 836/944/877
f 904/1005/938 906/1007/940 910/1020/951
f 893/990/923 845/987/920 886/985/918
f 707/799/740 919/1022/953 686/772/717
f 849/986/919 835/1023/954 886/985/918
f 918/1024/955 905/1006/939 904/1005/938
f 835/1023/954 878/972/905 886/985/918
f 904/1005/938 921/1025/956 918/1024/955
f 917/1026/949 883/978/911 882/977/910
f 816/917/850 922/1027/957 707/799/740
f 919/1022/953 707/799/740 922/1027/957
f 912/1011/944 899/1002/935 896/998/931
f 915/1014/947 891/992/925 907/1009/942
f 910/1020/951 909/1028/950 904/1005/938
f 886/985/918 878/972/905 872/974/907
f 915/1014/947 914/1013/946 909/1018/950
f 899/1002/935 902/1003/936 896/998/931
f 888/997/930 902/1003/936 892/989/922
f 902/1003/936 888/997/930 889/996/929
f 910/1020/951 900/1000/933 901/1001/934
f 916/1015/948 890/993/926 909/1018/950
f 893/990/923 887/988/921 902/1003/936
f 830/929/862 816/917/850 815/916/849
f 883/978/911 917/1026/949 901/1001/934
f 816/917/850 920/1021/952 836/944/877
f 901/1001/934 897/995/928 883/978/911
f 664/751/696 920/1021/952 707/799/740
f 777/882/817 785/892/825 808/912/845
f 662/749/694 777/882/817 808/912/845
f 914/1029/946 921/1025/956 904/1005/938
f 808/912/845 668/755/700 662/749/694
f 896/998/931 902/1003/936 889/996/929
f 923/1030/958 915/1014/947 924/1031/959
f 830/929/862 922/1027/957 816/917/850
f 914/1029/946 904/1005/938 909/1028/950
f 915/1014/947 923/1030/958 913/1012/945
f 909/1018/950 890/993/926 891/992/925
f 777/882/817 660/745/690 743/841/778
f 906/1007/940 912/1011/944 898/999/932
f 907/1009/942 924/1031/959 915/1014/947
f 925/1032/960 837/937/870 828/932/865
f 865/958/891 851/949/882 866/959/892
f 921/1025/956 914/1029/946 918/1024/955
f 855/952/885 928/1033/961 832/938/871
f 922/1027/957 830/929/862 930/1034/962
f 914/1029/946 913/1035/945 918/1024/955
f 844/983/916 845/987/920 894/991/924
f 816/917/850 707/799/740 920/1021/952
f 885/982/915 865/958/891 866/959/892
f 777/882/817 662/749/694 660/745/690
f 919/1022/953 700/791/733 686/772/717
f 835/1023/954 825/924/857 878/972/905
f 807/911/844 920/1021/952 668/755/700
f 939/1036/963 927/1037/964 926/1038/965
f 808/912/845 807/911/844 668/755/700
f 935/1039/966 844/983/916 894/991/924
f 928/1033/961 828/932/865 832/938/871
f 939/1036/963 940/1040/967 941/1041/968
f 933/1042/969 928/1033/961 855/952/885
f 936/1043/970 922/1027/957 930/1034/962
f 920/1021/952 664/751/696 668/755/700
f 922/1027/957 936/1043/970 919/1022/953
f 929/1044/971 885/982/915 927/1037/964
f 942/1045/972 944/1046/973 937/1047/974
f 669/768/713 681/765/710 517/760/705
f 939/1036/963 947/1048/975 940/1040/967
f 517/760/705 681/765/710 683/767/712
f 939/1036/963 948/1049/976 947/1048/975
f 588/686/634 516/594/549 683/767/712
f 949/1050/977 950/1051/978 947/1048/975
f 830/929/862 946/1052/979 930/1034/962
f 342/412/377 243/309/280 522/600/555
f 929/1044/971 865/958/891 885/982/915
f 655/742/687 669/768/713 522/600/555
f 940/1040/967 945/1053/980 941/1041/968
f 926/1038/965 948/1049/976 939/1036/963
f 945/1053/980 943/1054/981 941/1041/968
f 951/1055/982 937/1047/974 952/1056/983
f 953/1057/984 936/1043/970 930/1034/962
f 945/1053/980 954/1058/985 943/1054/981
f 932/1059/986 885/982/915 934/1060/987
f 704/796/737 675/770/715 674/769/714
f 943/1054/981 937/1047/974 944/1046/973
f 947/1048/975 945/1053/980 940/1040/967
f 957/1061/988 958/1062/989 956/1063/990
f 947/1048/975 950/1051/978 959/1064/991
f 954/1058/985 956/1063/990 958/1062/989
f 911/1010/943 899/1002/935 961/1065/992
f 945/1053/980 947/1048/975 959/1064/991
f 942/1045/972 928/1033/961 933/1042/969
f 937/1047/974 943/1054/981 960/1066/993
f 955/1067/994 961/1065/992 899/1002/935
f 949/1050/977 947/1048/975 948/1049/976
f 957/1068/988 963/1069/995 964/1070/996
f 933/1042/969 855/952/885 842/942/875
f 960/1066/993 952/1056/983 937/1047/974
f 935/1039/966 934/1060/987 844/983/916
f 965/1071/997 961/1072/992 955/1073/994
f 934/1060/987 885/982/915 844/983/916
f 703/795/736 675/770/715 704/796/737
f 960/1066/993 966/1074/998 952/1056/983
f 957/1061/988 967/1075/999 958/1062/989
f 865/958/891 929/1044/971 842/942/875
f 965/1071/997 968/1076/1000 961/1072/992
f 842/942/875 929/1044/971 933/1042/969
f 929/1044/971 941/1041/968 942/1045/972
f 959/1077/991 950/1078/978 969/1079/1001
f 970/1080/1002 932/1059/986 934/1060/987
f 967/1075/999 962/1081/1003 958/1062/989
f 950/1078/978 971/1082/1004 969/1079/1001
f 971/1082/1004 972/1083/1005 969/1079/1001
f 959/1077/991 969/1079/1001 974/1084/1006
f 942/1045/972 933/1042/969 929/1044/971
f 960/1066/993 943/1054/981 958/1062/989
f 966/1074/998 960/1066/993 958/1062/989
f 975/1085/1007 956/1086/990 974/1084/1006
f 828/932/865 928/1033/961 925/1032/960
f 708/800/741 675/770/715 703/795/736
f 929/1044/971 939/1036/963 941/1041/968
f 962/1081/1003 966/1074/998 958/1062/989
f 959/1064/991 956/1063/990 945/1053/980
f 956/1086/990 959/1077/991 974/1084/1006
f 969/1079/1001 975/1085/1007 974/1084/1006
f 976/1087/1008 977/1088/1009 978/1089/1010
f 972/1083/1005 975/1085/1007 969/1079/1001
f 912/1011/944 955/1067/994 899/1002/935
f 979/1090/1011 955/1067/994 912/1011/944
f 699/790/732 603/697/645 611/700/648
f 958/1062/989 943/1054/981 954/1058/985
f 980/1091/1012 963/1069/995 975/1085/1007
f 944/1046/973 942/1045/972 941/1041/968
f 941/1041/968 943/1054/981 944/1046/973
f 956/1063/990 954/1058/985 945/1053/980
f 984/1092/1013 965/1071/997 985/1093/1014
f 983/1094/1015 987/1095/1016 988/1096/1017
f 672/757/702 678/763/708 679/762/707
f 699/790/732 673/758/703 679/762/707
f 679/762/707 673/758/703 672/757/702
f 955/1067/994 979/1090/1011 990/1097/1018
f 991/1098/1019 989/1099/1020 992/1100/1021
f 993/1101/1022 981/1102/1023 968/1076/1000
f 955/1067/994 990/1097/1018 994/1103/1024
f 995/1104/1025 984/1092/1013 985/1093/1014
f 981/1105/1023 996/1106/1026 961/1065/992
f 986/1107/1027 968/1076/1000 984/1092/1013
f 997/1108/1028 988/1096/1017 987/1095/1016
f 978/1089/1010 986/1107/1027 998/1109/1029
f 984/1092/1013 995/1104/1025 998/1109/1029
f 935/1039/966 894/991/924 911/1010/943
f 999/1110/1030 1000/1111/1031 992/1112/1021
f 1002/1113/1032 985/1114/1014 1003/1115/1033
f 1004/1116/1034 986/1107/1027 1005/1117/1035
f 893/990/923 911/1010/943 894/991/924
f 1006/1118/1036 1007/1119/1037 991/1098/1019
f 989/1099/1020 991/1098/1019 913/1035/945
f 918/1024/955 913/1035/945 982/1120/1038
f 986/1107/1027 993/1101/1022 968/1076/1000
f 1000/1121/1031 1008/1122/1039 992/1100/1021
f 997/1108/1028 1013/1123/1040 988/1096/1017
f 1012/1124/1041 1006/1118/1036 991/1098/1019
f 1001/1125/1042 982/1120/1038 913/1035/945
f 1014/1126/1043 1002/1113/1032 1003/1115/1033
f 1016/1127/1044 1017/1128/1045 1018/1129/1046
f 994/1103/1024 1014/1126/1043 1003/1115/1033
f 990/1097/1018 1014/1126/1043 994/1103/1024
f 913/1035/945 991/1098/1019 1001/1125/1042
f 1019/1130/1047 1016/1127/1044 1018/1129/1046
f 988/1096/1017 995/1131/1025 985/1114/1014
f 1001/1125/1042 983/1094/1015 982/1120/1038
f 1005/1117/1035 986/1107/1027 978/1089/1010
f 998/1109/1029 995/1104/1025 976/1087/1008
f 987/1095/1016 1001/1125/1042 997/1108/1028
f 1018/1132/1046 1017/1133/1045 1009/1134/1048
f 987/1095/1016 983/1094/1015 1001/1125/1042
f 918/1024/955 982/1120/1038 905/1006/939
f 984/1092/1013 998/1109/1029 986/1107/1027
f 1005/1117/1035 978/1089/1010 1020/1135/1049
f 905/1006/939 982/1120/1038 983/1094/1015
f 991/1098/1019 997/1108/1028 1001/1125/1042
f 745/843/780 1019/1130/1047 1018/1129/1046
f 1021/1136/1050 1008/1122/1039 1022/1137/1051
f 989/1138/1020 913/1012/945 923/1030/958
f 717/808/749 727/813/754 721/822/763
f 1008/1122/1039 1021/1136/1050 992/1100/1021
f 1007/1119/1037 997/1108/1028 991/1098/1019
f 976/1087/1008 978/1089/1010 998/1109/1029
f 924/1031/959 999/1110/1030 923/1030/958
f 905/1006/939 1023/1139/1052 912/1011/944
f 986/1107/1027 1004/1116/1034 993/1101/1022
f 992/1112/1021 989/1138/1020 923/1030/958
f 992/1112/1021 923/1030/958 999/1110/1030
f 721/822/763 727/813/754 726/812/753
f 1011/1140/1053 1021/1136/1050 1022/1137/1051
f 1025/1141/1054 1016/1127/1044 1019/1130/1047
f 912/1011/944 1023/1139/1052 979/1090/1011
f 931/1142/1055 932/1059/986 970/1080/1002
f 1009/1134/1048 1017/1133/1045 1010/1143/1056
f 724/814/755 727/813/754 717/808/749
f 1007/1119/1037 1013/1123/1040 997/1108/1028
f 979/1090/1011 1023/1139/1052 990/1097/1018
f 745/843/780 1026/1144/1057 1025/1141/1054
f 725/811/752 727/813/754 724/814/755
f 983/1094/1015 1023/1139/1052 905/1006/939
f 964/1070/996 963/1069/995 1027/1145/1058
f 932/1059/986 931/1142/1055 926/1038/965
f 1010/1143/1056 977/1088/1009 976/1087/1008
f 1014/1126/1043 1023/1139/1052 983/1094/1015
f 990/1097/1018 1023/1139/1052 1014/1126/1043
f 1018/1129/1046 1028/1146/1059 745/843/780
f 1028/1147/1059 1022/1137/1051 1031/1148/1060
f 1017/1133/1045 977/1088/1009 1010/1143/1056
f 1014/1126/1043 983/1094/1015 1002/1113/1032
f 931/1142/1055 938/1149/1061 926/1038/965
f 1032/1150/1062 1033/1151/1063 1034/1152/1064
f 1031/1148/1060 853/1153/883 1028/1147/1059
f 1011/1140/1053 1018/1154/1046 1015/1155/1065
f 1028/1146/1059 853/950/883 608/691/639
f 608/691/639 745/843/780 1028/1146/1059
f 853/950/883 620/701/649 608/691/639
f 988/1096/1017 1013/1123/1040 1037/1156/1066
f 1037/1156/1066 995/1131/1025 988/1096/1017
f 1028/1147/1059 1011/1140/1053 1022/1137/1051
f 977/1157/1009 1041/1158/1067 1020/1159/1049
f 1036/1160/1068 1042/1161/1069 1004/1116/1034
f 1036/1160/1068 1004/1116/1034 1043/1162/1070
f 938/1149/1061 1030/1163/1071 1029/1164/1072
f 1018/1154/1046 1011/1140/1053 1028/1147/1059
f 970/1080/1002 996/1106/1026 931/1142/1055
f 996/1106/1026 970/1080/1002 935/1039/966
f 1037/1156/1066 1009/1165/1048 995/1131/1025
f 1046/1166/1073 1005/1117/1035 1020/1135/1049
f 1047/1167/1074 938/1149/1061 1029/1164/1072
f 1025/1141/1054 1044/1168/1075 1016/1127/1044
f 745/843/780 1025/1141/1054 1019/1130/1047
f 1009/1165/1048 1015/1155/1065 1018/1154/1046
f 1047/1169/1074 971/1082/1004 949/1170/977
f 1016/1127/1044 1044/1168/1075 1041/1158/1067
f 1050/1171/1076 971/1082/1004 1047/1169/1074
f 931/1142/1055 1030/1163/1071 938/1149/1061
f 1043/1162/1070 1004/1116/1034 1005/1117/1035
f 1039/1172/1077 1049/1173/1078 1048/1174/1079
f 970/1080/1002 934/1060/987 935/1039/966
f 1024/1175/1080 993/1176/1022 1042/1177/1069
f 745/843/780 610/693/641 1026/1144/1057
f 1038/1178/1081 1053/1179/1082 1033/1151/1063
f 1054/1180/1083 1050/1171/1076 1047/1169/1074
f 1046/1181/1073 1020/1159/1049 1041/1158/1067
f 1046/1166/1073 1043/1162/1070 1005/1117/1035
f 981/1105/1023 993/1176/1022 996/1106/1026
f 972/1083/1005 971/1082/1004 1050/1171/1076
f 996/1106/1026 911/1010/943 961/1065/992
f 926/1038/965 938/1149/1061 948/1049/976
f 935/1039/966 911/1010/943 996/1106/1026
f 993/1176/1022 1024/1175/1080 996/1106/1026
f 1043/1162/1070 1035/1182/1084 1036/1160/1068
f 1041/1158/1067 977/1157/1009 1017/1128/1045
f 950/1078/978 949/1170/977 971/1082/1004
f 1035/1182/1084 1055/1183/1085 1036/1160/1068
f 1036/1184/1068 1024/1175/1080 1042/1177/1069
f 1047/1167/1074 949/1050/977 938/1149/1061
f 1057/1185/1086 972/1083/1005 1056/1186/1087
f 1051/1187/1088 1050/1171/1076 1054/1180/1083
f 1004/1116/1034 1042/1161/1069 993/1101/1022
f 938/1149/1061 949/1050/977 948/1049/976
f 1055/1188/1085 1029/1164/1072 1030/1163/1071
f 1017/1128/1045 1016/1127/1044 1041/1158/1067
f 1055/1188/1085 1030/1163/1071 1036/1184/1068
f 1030/1163/1071 931/1142/1055 996/1106/1026
f 1058/1189/1089 1033/1151/1063 1053/1179/1082
f 996/1106/1026 1024/1175/1080 1030/1163/1071
f 977/1088/1009 1020/1135/1049 978/1089/1010
f 1033/1151/1063 1058/1189/1089 1034/1152/1064
f 1059/1190/1090 1027/1145/1058 1060/1191/1091
f 1057/1185/1086 980/1091/1012 975/1085/1007
f 980/1091/1012 1027/1145/1058 963/1069/995
f 1051/1187/1088 1052/1192/1092 1050/1171/1076
f 1060/1191/1091 1062/1193/1093 1063/1194/1094
f 1036/1184/1068 1030/1163/1071 1024/1175/1080
f 1065/1195/1095 1054/1196/1083 1055/1183/1085
f 1055/1183/1085 1035/1182/1084 1065/1195/1095
f 1057/1185/1086 1027/1145/1058 980/1091/1012
f 1045/1197/1096 1041/1158/1067 1044/1168/1075
f 1066/1198/1097 1040/1199/1098 1064/1200/1099
f 1044/1168/1075 1067/1201/1100 1045/1197/1096
f 1057/1185/1086 975/1085/1007 972/1083/1005
f 1069/1202/1101 1070/1203/1102 1061/1204/1103
f 1035/1182/1084 1043/1162/1070 1046/1166/1073
f 1050/1171/1076 1052/1192/1092 972/1083/1005
f 1064/1200/1099 1067/1201/1100 1066/1198/1097
f 1067/1201/1100 1064/1200/1099 1045/1197/1096
f 1070/1203/1102 1053/1179/1082 1038/1178/1081
f 1029/1164/1072 1055/1188/1085 1047/1167/1074
f 1056/1186/1087 1061/1204/1103 1060/1191/1091
f 822/925/858 792/895/828 795/898/831
f 826/926/859 782/888/822 772/876/811
f 1060/1191/1091 1057/1185/1086 1056/1186/1087
f 1056/1186/1087 972/1083/1005 1052/1192/1092
f 1054/1196/1083 1047/1205/1074 1055/1183/1085
f 953/1057/984 930/1034/962 946/1052/979
f 1033/1151/1063 1032/1150/1062 1038/1178/1081
f 1041/1158/1067 1065/1206/1095 1046/1181/1073
f 1071/1207/1104 919/1022/953 1072/1208/1105
f 772/876/811 782/888/822 773/877/812
f 1073/1209/1106 1053/1179/1082 1048/1174/1079
f 1035/1182/1084 1046/1166/1073 1065/1195/1095
f 1074/1210/1107 734/830/768 691/774/719
f 1040/1199/1098 1039/1172/1077 1068/1211/1108
f 953/1057/984 1072/1208/1105 919/1022/953
f 1068/1211/1108 1039/1172/1077 1048/1174/1079
f 1071/1207/1104 691/774/719 700/791/733
f 1071/1207/1104 700/791/733 919/1022/953
f 830/929/862 1080/1212/1109 946/1052/979
f 734/830/768 1081/1213/1110 744/842/779
f 1074/1210/1107 1075/1214/1111 1081/1213/1110
f 1081/1213/1110 734/830/768 1074/1210/1107
f 1064/1200/1099 1052/1192/1092 1051/1187/1088
f 1077/1215/1112 1078/1216/1113 1079/1217/1114
f 1082/1218/1115 1056/1186/1087 1052/1192/1092
f 1068/1211/1108 1082/1218/1115 1052/1192/1092
f 691/774/719 1071/1207/1104 1074/1210/1107
f 1068/1211/1108 1064/1200/1099 1040/1199/1098
f 773/877/812 795/898/831 779/885/819
f 1072/1208/1105 1075/1214/1111 1071/1207/1104
f 1074/1210/1107 1071/1207/1104 1075/1214/1111
f 1084/1219/1116 1083/1220/1117 1075/1214/1111
f 1041/1158/1067 1064/1200/1099 1065/1206/1095
f 1082/1218/1115 1048/1174/1079 1053/1179/1082
f 833/933/866 803/908/841 841/981/914
f 1085/1221/1118 742/1222/1119 744/842/779
f 1061/1204/1103 1056/1186/1087 1069/1202/1101
f 794/897/830 786/899/832 787/893/826
f 1075/1214/1111 1083/1220/1117 1081/1213/1110
f 1068/1211/1108 1052/1192/1092 1064/1200/1099
f 1083/1220/1117 1085/1221/1118 1081/1213/1110
f 1076/1223/1120 731/826/765 742/1222/1119
f 1086/1224/1121 1087/1225/1122 1085/1221/1118
f 1088/1226/1123 1087/1225/1122 1086/1224/1121
f 1089/1227/1124 1087/1225/1122 1088/1226/1123
f 1076/1223/1120 722/838/758 731/826/765
f 817/939/872 794/897/830 792/895/828
f 1070/1203/1102 1069/1202/1101 1082/1218/1115
f 1089/1227/1124 1090/1228/1125 1091/1229/1126
f 1069/1202/1101 1056/1186/1087 1082/1218/1115
f 734/830/768 744/842/779 708/800/741
f 1092/1230/1127 1093/1231/1128 1094/1232/1129
f 1090/1228/1125 1096/1233/1130 1091/1229/1126
f 1097/1234/1131 1095/1235/1132 952/1056/983
f 819/918/851 810/914/847 824/927/860
f 1076/1223/1120 1079/1217/1114 722/838/758
f 1098/1236/1133 1091/1229/1126 1096/1233/1130
f 1091/1229/1126 1098/1236/1133 1099/1237/1134
f 1087/1225/1122 742/1222/1119 1085/1221/1118
f 1100/1238/1135 1101/1239/1136 1102/1240/1137
f 723/862/798 722/817/758 1079/1241/1114
f 817/939/872 786/899/832 794/897/830
f 1068/1211/1108 1048/1174/1079 1082/1218/1115
f 1083/1220/1117 1103/1242/1138 1086/1224/1121
f 1070/1203/1102 1082/1218/1115 1053/1179/1082
f 1095/1235/1132 1105/1243/1139 1092/1230/1127
f 1103/1242/1138 1083/1220/1117 1106/1244/1140
f 1076/1223/1120 1087/1225/1122 1077/1215/1112
f 1106/1244/1140 1101/1239/1136 1100/1238/1135
f 1091/1229/1126 1077/1215/1112 1087/1225/1122
f 744/842/779 1081/1213/1110 1085/1221/1118
f 1090/1228/1125 1089/1227/1124 1107/1245/1141
f 1090/1228/1125 1107/1245/1141 1108/1246/1142
f 1075/1214/1111 1072/1208/1105 1101/1239/1136
f 1097/1234/1131 1109/1247/1143 1105/1243/1139
f 1088/1226/1123 1086/1224/1121 1103/1242/1138
f 936/1043/970 953/1057/984 919/1022/953
f 1101/1239/1136 1106/1244/1140 1084/1219/1116
f 1093/1231/1128 1110/1248/1144 1080/1212/1109
f 925/1032/960 1080/1212/1109 837/937/870
f 1038/1178/1081 1061/1204/1103 1070/1203/1102
f 742/1222/1119 731/826/765 744/842/779
f 1080/1212/1109 925/1032/960 1094/1232/1129
f 1102/1240/1137 1072/1208/1105 1111/1249/1145
f 1078/1216/1113 1077/1215/1112 1091/1229/1126
f 1094/1232/1129 1093/1231/1128 1080/1212/1109
f 1096/1233/1130 1090/1228/1125 1108/1246/1142
f 1109/1247/1143 1102/1240/1137 1105/1243/1139
f 1112/1250/1146 1113/1251/1147 1103/1242/1138
f 1087/1225/1122 1089/1227/1124 1091/1229/1126
f 1103/1242/1138 1113/1251/1147 1115/1252/1148
f 1092/1230/1127 1111/1249/1145 1093/1231/1128
f 3384/39/39 3382/41/41 52/45/44
f 1088/1226/1123 1107/1245/1141 1089/1227/1124
f 1111/1249/1145 1092/1230/1127 1102/1240/1137
f 1116/1253/1149 1117/1254/1150 1104/1255/1151
f 1117/1256/1150 1118/1257/1152 1099/1258/1134
f 3386/19/19 47/75/67 769/74/66
f 962/1081/1003 1119/1259/1153 1120/1260/1154
f 1087/1225/1122 1076/1223/1120 742/1222/1119
f 1114/1261/1155 1107/1245/1141 1088/1226/1123
f 1121/1262/1156 1117/1254/1150 1122/1263/1157
f 1078/1216/1113 1091/1229/1126 1099/1237/1134
f 1092/1230/1127 1094/1232/1129 1095/1235/1132
f 1077/1215/1112 1079/1217/1114 1076/1223/1120
f 3708/140/117 45/139/116 2492/130/112
f 1038/1178/1081 1060/1191/1091 1061/1204/1103
f 1108/1246/1142 1123/1264/1158 1104/1265/1151
f 1060/1191/1091 1038/1178/1081 1032/1150/1062
f 1110/1248/1144 1093/1231/1128 1111/1249/1145
f 952/1056/983 1094/1232/1129 951/1055/982
f 1060/1191/1091 1032/1150/1062 1062/1193/1093
f 1101/1239/1136 1084/1219/1116 1075/1214/1111
f 1114/1261/1155 1123/1264/1158 1107/1245/1141
f 1115/1252/1148 1113/1251/1147 1114/1261/1155
f 1112/1250/1146 1103/1242/1138 1106/1244/1140
f 1111/1249/1145 1072/1208/1105 1110/1248/1144
f 1102/1240/1137 1101/1239/1136 1072/1208/1105
f 1099/1258/1134 770/872/807 766/868/803
f 1102/1240/1137 1092/1230/1127 1105/1243/1139
f 1106/1244/1140 1100/1238/1135 1112/1250/1146
f 1124/1266/1159 1100/1238/1135 1102/1240/1137
f 1108/1246/1142 1104/1265/1151 1096/1233/1130
f 1099/1237/1134 1098/1236/1133 1117/1267/1150
f 1123/1264/1158 1108/1246/1142 1107/1245/1141
f 770/1268/807 1118/1269/1152 1128/1270/1160
f 306/370/337 122/209/186 113/184/161
f 1084/1219/1116 1106/1244/1140 1083/1220/1117
f 1125/1271/1161 770/1268/807 1129/1272/1162
f 1128/1270/1160 1129/1272/1162 770/1268/807
f 1112/1273/1146 1130/1274/1163 1113/1275/1147
f 837/937/870 1080/1212/1109 830/929/862
f 1079/1241/1114 771/875/810 723/862/798
f 1104/1255/1151 1123/1276/1158 1116/1253/1149
f 1095/1235/1132 1094/1232/1129 952/1056/983
f 1088/1226/1123 1103/1242/1138 1115/1252/1148
f 1088/1226/1123 1115/1252/1148 1114/1261/1155
f 306/370/337 216/277/251 506/853/790
f 1127/1277/1164 755/857/793 1131/1278/1165
f 771/875/810 1079/1241/1114 1078/1279/1113
f 770/1268/807 1125/1271/1161 757/859/795
f 1080/1212/1109 1110/1248/1144 946/1052/979
f 1119/1259/1153 967/1075/999 973/1280/1166
f 1133/1281/1167 1131/1278/1165 1126/1282/1168
f 953/1057/984 946/1052/979 1110/1248/1144
f 953/1057/984 1110/1248/1144 1072/1208/1105
f 1078/1279/1113 1099/1258/1134 771/875/810
f 964/1070/996 973/1283/1166 967/1284/999
f 766/868/803 771/875/810 1099/1258/1134
f 840/941/874 597/675/627 394/677/433
f 840/941/874 839/940/873 1136/1285/1169
f 1137/1286/1170 1126/1282/1168 1138/1287/1171
f 1119/1259/1153 962/1081/1003 967/1075/999
f 1139/1288/1172 1126/1282/1168 1137/1286/1170
f 964/1070/996 1140/1289/1173 973/1283/1166
f 158/287/261 216/277/251 130/215/192
f 1129/1272/1162 1126/1282/1168 1125/1271/1161
f 150/705/653 196/250/225 149/234/211
f 1142/1290/1174 840/941/874 1136/1285/1169
f 104/580/535 500/581/536 1143/1291/1175
f 1099/1258/1134 1118/1257/1152 770/872/807
f 1144/1292/1176 1134/1293/1177 1121/1262/1156
f 1127/1277/1164 756/858/794 755/857/793
f 1126/1282/1168 1131/1278/1165 1125/1271/1161
f 877/970/903 860/960/893 166/225/202
f 1145/1294/1178 1141/1295/1179 1133/1281/1167
f 784/890/824 1146/1296/1180 790/894/827
f 1144/1292/1176 1129/1272/1162 1134/1293/1177
f 1147/1297/1181 1152/1298/1182 1063/1194/1094
f 1127/1277/1164 1131/1278/1165 1133/1281/1167
f 621/703/651 176/233/210 251/874/809
f 1041/1158/1067 1045/1197/1096 1064/1200/1099
f 740/839/776 261/440/404 1148/1299/1183
f 123/441/405 1148/1299/1183 261/440/404
f 1149/1300/1184 1150/1301/1185 1151/1302/1186
f 1128/1270/1160 1121/1262/1156 1134/1293/1177
f 784/890/824 630/716/663 751/849/786
f 755/857/793 757/859/795 1125/1271/1161
f 1127/1277/1164 1133/1281/1167 1141/1295/1179
f 1149/1303/1184 1124/1266/1159 1155/1304/1187
f 1109/1247/1143 1124/1266/1159 1102/1240/1137
f 1155/1304/1187 1150/1305/1185 1149/1303/1184
f 1154/1306/1188 1156/1307/1189 1157/1308/1190
f 1156/1307/1189 1158/1309/1191 1157/1308/1190
f 1161/1310/1192 1139/1288/1172 1137/1286/1170
f 82/303/275 261/440/404 208/379/346
f 1147/1297/1181 1063/1194/1094 1062/1193/1093
f 755/857/793 1125/1271/1161 1131/1278/1165
f 1097/1234/1131 1105/1243/1139 1095/1235/1132
f 1153/1311/1193 1156/1307/1189 1154/1306/1188
f 1163/1312/1194 1144/1292/1176 1121/1262/1156
f 1164/1313/1195 1149/1300/1184 1165/1314/1196
f 1120/1260/1154 952/1056/983 966/1074/998
f 1138/1287/1171 1126/1282/1168 1129/1272/1162
f 1130/1274/1163 1166/1315/1197 1132/1316/1198
f 1062/1193/1093 1167/1317/1199 1147/1297/1181
f 1163/1312/1194 1121/1262/1156 1122/1263/1157
f 1120/1260/1154 1097/1234/1131 952/1056/983
f 1124/1266/1159 1112/1250/1146 1100/1238/1135
f 1169/1318/1200 1170/1319/1201 1171/1320/1202
f 964/1070/996 1059/1190/1090 1140/1289/1173
f 1118/1269/1152 1173/1321/1203 1128/1270/1160
f 1151/1302/1186 1174/1322/1204 1149/1300/1184
f 1166/1315/1197 1175/1323/1205 1132/1316/1198
f 1145/1294/1178 1133/1281/1167 1139/1288/1172
f 1165/1314/1196 1174/1322/1204 1164/1313/1195
f 1168/1324/1206 1162/1325/1207 1176/1326/1208
f 206/296/269 235/295/268 1153/1311/1193
f 1121/1262/1156 1128/1270/1160 1173/1321/1203
f 1112/1273/1146 1124/1327/1159 1179/1328/1209
f 1150/1305/1185 1109/1247/1143 1097/1234/1131
f 1128/1270/1160 1134/1293/1177 1129/1272/1162
f 1140/1289/1173 1152/1298/1182 973/1283/1166
f 1059/1190/1090 1063/1194/1094 1152/1298/1182
f 1097/1234/1131 1120/1260/1154 1150/1305/1185
f 1051/1187/1088 1054/1180/1083 1064/1200/1099
f 1132/1316/1198 1113/1275/1147 1130/1274/1163
f 1109/1247/1143 1155/1304/1187 1124/1266/1159
f 334/404/369 333/403/368 1180/1329/1210
f 1153/1311/1193 1181/1330/1211 1156/1307/1189
f 1172/1331/1212 1123/1276/1158 1175/1323/1205
f 1166/1315/1197 1130/1274/1163 1179/1328/1209
f 962/1081/1003 1120/1260/1154 966/1074/998
f 1065/1206/1095 1064/1200/1099 1054/1180/1083
f 1126/1282/1168 1139/1288/1172 1133/1281/1167
f 1114/1332/1155 1113/1275/1147 1175/1323/1205
f 1175/1323/1205 1123/1276/1158 1114/1332/1155
f 1153/1311/1193 235/295/268 1181/1330/1211
f 1182/1333/1213 1183/1334/1214 1175/1323/1205
f 1172/1331/1212 1184/1335/1215 1177/1336/1216
f 1155/1304/1187 1109/1247/1143 1150/1305/1185
f 964/1070/996 1027/1145/1058 1059/1190/1090
f 1063/1194/1094 1059/1190/1090 1060/1191/1091
f 1164/1313/1195 1124/1327/1159 1149/1300/1184
f 1119/1259/1153 1150/1305/1185 1120/1260/1154
f 1172/1331/1212 1187/1337/1217 1184/1335/1215
f 1152/1338/1182 1119/1259/1153 973/1280/1166
f 1152/1338/1182 1150/1305/1185 1119/1259/1153
f 1189/1339/1218 628/714/661 597/675/627
f 840/941/874 1189/1339/1218 597/675/627
f 1112/1273/1146 1179/1328/1209 1130/1274/1163
f 1150/1301/1185 1152/1298/1182 1147/1297/1181
f 1140/1289/1173 1059/1190/1090 1152/1298/1182
f 1162/1325/1207 1159/1340/1219 1160/1341/1220
f 1186/1342/1221 1159/1340/1219 1191/1343/1222
f 1177/1336/1216 1116/1253/1149 1172/1331/1212
f 1151/1302/1186 1150/1301/1185 1147/1297/1181
f 1185/1344/1223 1174/1322/1204 1151/1302/1186
f 1057/1185/1086 1060/1191/1091 1027/1145/1058
f 344/417/382 1188/1345/1224 201/332/302
f 1164/1313/1195 1179/1328/1209 1124/1327/1159
f 1174/1322/1204 1191/1343/1222 1164/1313/1195
f 1192/1346/1225 1184/1335/1215 1193/1347/1226
f 1116/1253/1149 1177/1336/1216 1122/1263/1157
f 344/417/382 1190/1348/1227 1188/1345/1224
f 1062/1193/1093 1032/1150/1062 1167/1317/1199
f 1182/1333/1213 1162/1325/1207 1168/1324/1206
f 1182/1333/1213 1168/1324/1206 1183/1334/1214
f 1167/1317/1199 1151/1302/1186 1147/1297/1181
f 1188/1345/1224 1151/1302/1186 1167/1317/1199
f 1166/1315/1197 1182/1333/1213 1175/1323/1205
f 1174/1322/1204 1185/1344/1223 1195/1349/1228
f 1006/1118/1036 1013/1123/1040 1007/1119/1037
f 1163/1312/1194 1122/1263/1157 1177/1336/1216
f 1006/1118/1036 1012/1124/1041 1013/1123/1040
f 1174/1322/1204 1165/1314/1196 1149/1300/1184
f 991/1098/1019 992/1100/1021 1012/1124/1041
f 1172/1331/1212 1116/1253/1149 1123/1276/1158
f 1013/1123/1040 1012/1124/1041 1037/1156/1066
f 1168/1324/1206 1198/1350/1229 1193/1347/1226
f 1161/1310/1192 1197/1351/1230 1199/1352/1231
f 1032/1150/1062 201/332/302 1167/1317/1199
f 1021/1136/1050 1012/1124/1041 992/1100/1021
f 1190/1348/1227 1185/1344/1223 1188/1345/1224
f 1187/1337/1217 1175/1323/1205 1183/1334/1214
f 1200/1353/1232 1192/1346/1225 1193/1347/1226
f 1187/1337/1217 1183/1334/1214 1193/1347/1226
f 1172/1331/1212 1175/1323/1205 1187/1337/1217
f 1011/1140/1053 1012/1124/1041 1021/1136/1050
f 1191/1343/1222 1174/1322/1204 1195/1349/1228
f 1037/1156/1066 1012/1124/1041 1015/1155/1065
f 1189/1339/1218 876/969/902 628/714/661
f 1202/1354/1233 1635/1355/1234 1203/1356/1235
f 861/961/894 877/970/903 876/969/902
f 149/234/211 68/149/126 67/148/125
f 1186/1342/1221 1191/1343/1222 1195/1349/1228
f 1169/1318/1200 1171/1320/1202 1189/1339/1218
f 619/837/775 334/404/369 1180/1329/1210
f 1185/1344/1223 1190/1348/1227 1186/1342/1221
f 1009/1165/1048 1037/1156/1066 1015/1155/1065
f 1194/1357/1236 1201/1358/1237 1177/1336/1216
f 1191/1343/1222 1159/1340/1219 1166/1315/1197
f 1196/1359/1238 1144/1292/1176 1163/1312/1194
f 1185/1344/1223 1151/1302/1186 1188/1345/1224
f 1012/1124/1041 1011/1140/1053 1015/1155/1065
f 1196/1359/1238 1163/1312/1194 1177/1336/1216
f 1187/1337/1217 1193/1347/1226 1184/1335/1215
f 1205/1360/1239 1161/1310/1192 1206/1361/1240
f 201/332/302 1188/1345/1224 1167/1317/1199
f 1195/1349/1228 1185/1344/1223 1186/1342/1221
f 1206/1361/1240 1161/1310/1192 1199/1352/1231
f 1138/1287/1171 1144/1292/1176 1197/1351/1230
f 957/1068/988 964/1070/996 967/1284/999
f 206/296/269 1207/1362/1241 280/342/311
f 1002/1113/1032 983/1094/1015 988/1096/1017
f 1197/1351/1230 1161/1310/1192 1138/1287/1171
f 1183/1334/1214 1168/1324/1206 1193/1347/1226
f 995/1104/1025 1009/1134/1048 1010/1143/1056
f 976/1087/1008 995/1104/1025 1010/1143/1056
f 1186/1342/1221 1190/1348/1227 1159/1340/1219
f 1209/1363/1242 1196/1359/1238 1197/1351/1230
f 1139/1288/1172 1161/1310/1192 1205/1360/1239
f 506/853/790 507/1364/1243 306/370/337
f 584/1365/1244 401/476/439 507/1364/1243
f 1177/1336/1216 1184/1335/1215 1194/1357/1236
f 1146/1296/1180 1210/1366/1245 584/1365/1244
f 1143/1291/1175 1211/681/629 778/884/818
f 1157/1308/1190 1197/1351/1230 1196/1359/1238
f 1184/1335/1215 1192/1346/1225 1194/1357/1236
f 1157/1308/1190 1196/1359/1238 1201/1358/1237
f 988/1096/1017 985/1114/1014 1002/1113/1032
f 1194/1357/1236 280/342/311 1201/1358/1237
f 1201/1358/1237 280/342/311 1207/1362/1241
f 1212/1367/1246 1213/1368/1247 1169/1318/1200
f 1197/1351/1230 1206/1361/1240 1199/1352/1231
f 1201/1358/1237 1196/1359/1238 1177/1336/1216
f 103/177/154 104/580/535 778/884/818
f 1144/1292/1176 1209/1363/1242 1197/1351/1230
f 597/675/627 628/714/661 599/713/635
f 957/1068/988 956/1086/990 975/1085/1007
f 963/1069/995 957/1068/988 975/1085/1007
f 1197/1351/1230 1157/1308/1190 1206/1361/1240
f 1215/1369/1248 1212/1367/1246 1169/1318/1200
f 167/226/203 1178/1370/1249 176/233/210
f 877/970/903 861/961/894 860/960/893
f 1216/1371/1250 1217/1372/1251 1218/1373/1252
f 1146/1296/1180 584/1365/1244 507/1364/1243
f 968/1076/1000 965/1071/997 984/1092/1013
f 839/940/873 754/854/791 763/866/802
f 1143/1291/1175 778/884/818 104/580/535
f 401/476/439 584/1365/1244 1135/1374/1253
f 167/226/203 166/225/202 333/403/368
f 1206/1361/1240 1157/1308/1190 1158/1309/1191
f 613/732/677 251/874/809 663/1375/1254
f 994/1103/1024 965/1376/997 955/1067/994
f 1170/1319/1201 861/961/894 876/969/902
f 1219/1377/1255 1142/1290/1174 1136/1285/1169
f 1003/1115/1033 965/1376/997 994/1103/1024
f 1201/1358/1237 1207/1362/1241 1157/1308/1190
f 1222/1378/1256 1219/1377/1255 1136/1285/1169
f 965/1376/997 1003/1115/1033 985/1114/1014
f 778/884/818 1211/681/629 875/968/901
f 1204/1379/1257 763/866/802 289/353/321
f 758/860/796 1223/1380/1258 1224/1381/1259
f 961/1072/992 968/1076/1000 981/1102/1023
f 167/226/203 1224/1381/1259 1178/1370/1249
f 334/404/369 1224/1381/1259 167/226/203
f 1143/1291/1175 500/581/536 1211/681/629
f 1142/1290/1174 1215/1369/1248 840/941/874
f 1225/1382/1260 1222/1378/1256 1226/1383/1261
f 1171/1320/1202 876/969/902 1189/1339/1218
f 1219/1377/1255 1222/1378/1256 1227/1384/1262
f 839/940/873 1204/1379/1257 1228/1385/1263
f 289/353/321 325/395/360 789/1386/1264
f 1230/1387/1265 1231/1388/1266 1232/1389/1267
f 334/404/369 619/837/775 758/860/796
f 106/178/155 167/226/203 176/233/210
f 1224/1381/1259 1233/1390/1268 1178/1370/1249
f 1234/1391/1269 1235/1392/1270 1236/1393/1271
f 1237/1394/1272 1233/1390/1268 1224/1381/1259
f 1189/1339/1218 1215/1369/1248 1169/1318/1200
f 1223/1380/1258 1237/1394/1272 1224/1381/1259
f 1204/1379/1257 289/353/321 789/1386/1264
f 788/1395/1273 1228/1385/1263 1204/1379/1257
f 1238/1396/1274 1230/1387/1265 1239/1397/1275
f 1230/1387/1265 1232/1389/1267 1240/1398/1276
f 1238/1396/1274 1231/1388/1266 1230/1387/1265
f 1232/1389/1267 1231/1388/1266 1234/1391/1269
f 106/178/155 168/227/204 167/226/203
f 1232/1389/1267 1234/1391/1269 1236/1393/1271
f 840/941/874 1215/1369/1248 1189/1339/1218
f 1204/1379/1257 839/940/873 763/866/802
f 758/860/796 759/861/797 1223/1380/1258
f 1242/1399/1277 1240/1398/1276 1232/1389/1267
f 1241/1400/1278 1243/1401/1279 1244/1402/1280
f 1245/1403/1281 1246/1404/1282 1247/1405/1283
f 106/178/155 778/884/818 168/227/204
f 1248/1406/1284 1247/1405/1283 1246/1404/1282
f 407/486/448 454/534/491 411/487/449
f 876/969/902 875/968/901 628/714/661
f 875/968/901 1211/681/629 591/678/628
f 346/444/408 1235/1392/1270 372/445/409
f 869/962/895 791/1407/1285 860/960/893
f 384/461/424 372/445/409 407/486/448
f 1243/1401/1279 1241/1400/1278 1249/1408/1286
f 1234/1391/1269 372/445/409 1235/1392/1270
f 1249/1408/1286 1241/1400/1278 1208/1409/1287
f 788/1395/1273 1204/1379/1257 789/1386/1264
f 230/288/262 790/894/827 380/458/421
f 600/683/631 663/1375/1254 602/684/632
f 1148/1299/1183 1250/1410/1288 1251/1411/1289
f 1226/1383/1261 1228/1385/1263 788/1395/1273
f 407/486/448 372/445/409 1234/1391/1269
f 385/463/426 446/1412/1290 386/464/427
f 61/262/237 505/585/540 204/263/238
f 630/716/663 790/894/827 230/288/262
f 591/678/628 590/680/623 875/968/901
f 590/680/623 628/714/661 875/968/901
f 760/863/799 1233/1390/1268 1253/1413/1291
f 1233/1390/1268 760/863/799 602/684/632
f 1254/1414/1292 1255/1415/1293 1247/1405/1283
f 875/968/901 168/227/204 778/884/818
f 1256/1416/1294 1254/1414/1292 1247/1405/1283
f 506/853/790 380/458/421 790/894/827
f 937/1047/974 925/1032/960 928/1033/961
f 168/227/204 875/968/901 166/225/202
f 937/1047/974 928/1033/961 942/1045/972
f 625/855/792 840/941/874 394/677/433
f 750/848/785 630/716/663 336/406/371
f 376/454/417 367/437/401 399/1417/1295
f 1256/1416/1294 1247/1405/1283 1248/1406/1284
f 1259/1418/1296 1257/1419/1297 1258/1420/1298
f 388/462/425 1257/1419/1297 446/1412/1290
f 1260/1421/1299 1257/1419/1297 388/462/425
f 1261/1422/1300 1262/1423/1301 1263/1424/1302
f 1264/1425/1303 1263/1424/1302 1265/1426/1304
f 507/1364/1243 506/853/790 790/894/827
f 1255/1415/1293 1260/1421/1299 1247/1405/1283
f 1258/1420/1298 1260/1421/1299 1255/1415/1293
f 1265/1426/1304 1263/1424/1302 1259/1418/1296
f 925/1032/960 937/1047/974 951/1055/982
f 1094/1232/1129 925/1032/960 951/1055/982
f 1267/1427/1305 441/519/477 444/525/482
f 1258/1420/1298 1255/1415/1293 1268/1428/1306
f 1257/1419/1297 1259/1418/1296 1263/1424/1302
f 1231/1388/1266 407/486/448 1234/1391/1269
f 1269/1429/1307 619/837/775 641/836/774
f 1270/1430/1308 1267/1427/1305 1271/1431/1309
f 1272/1432/1310 1246/1404/1282 375/451/414
f 166/225/202 875/968/901 877/970/903
f 351/452/415 399/1417/1295 367/437/401
f 1275/1433/1311 1276/1434/1312 1277/1435/1313
f 1231/1388/1266 454/534/491 407/486/448
f 1248/1406/1284 1278/1436/1314 1256/1416/1294
f 1279/1437/1315 1272/1432/1310 375/451/414
f 1262/1423/1301 446/1412/1290 1257/1419/1297
f 444/1438/482 439/517/475 454/534/491
f 1279/1437/1315 418/493/454 1274/1439/1316
f 619/837/775 1269/1429/1307 759/861/797
f 1228/1385/1263 1136/1285/1169 839/940/873
f 1274/1439/1316 418/493/454 1273/1440/1317
f 1259/1418/1296 1258/1420/1298 1268/1428/1306
f 1246/1404/1282 351/452/415 375/451/414
f 1246/1404/1282 1245/1403/1281 351/452/415
f 399/1417/1295 351/452/415 1245/1403/1281
f 1255/1415/1293 1254/1414/1292 1256/1416/1294
f 939/1036/963 929/1044/971 927/1037/964
f 886/985/918 887/988/921 893/990/923
f 441/519/477 1281/1441/1318 1273/1440/1317
f 1268/1428/1306 1255/1415/1293 1256/1416/1294
f 1282/1442/1319 1268/1428/1306 1256/1416/1294
f 1283/1443/1320 441/519/477 1267/1427/1305
f 1245/1403/1281 1260/1421/1299 399/1417/1295
f 1285/1444/1321 1286/1445/1322 1287/1446/1323
f 399/1417/1295 1260/1421/1299 376/454/417
f 1271/1447/1309 454/534/491 1231/1388/1266
f 1277/1435/1313 1290/1448/1324 1283/1443/1320
f 1277/1435/1313 1276/1434/1312 1290/1448/1324
f 1271/1447/1309 1231/1388/1266 1238/1396/1274
f 1288/1449/1325 1291/1450/1326 1292/1451/1327
f 1282/1442/1319 1256/1416/1294 1293/1452/1328
f 932/1059/986 926/1038/965 885/982/915
f 1238/1453/1274 1288/1449/1325 1271/1431/1309
f 926/1038/965 927/1037/964 885/982/915
f 441/519/477 1283/1443/1320 1281/1441/1318
f 1171/1320/1202 1170/1319/1201 876/969/902
f 1280/1454/1329 1275/1433/1311 1289/1455/1330
f 1248/1406/1284 1246/1404/1282 1272/1432/1310
f 1294/1456/1331 1262/1423/1301 1261/1422/1300
f 1271/1447/1309 444/1438/482 454/534/491
f 385/463/426 388/462/425 446/1412/1290
f 1295/1457/1332 1270/1430/1308 1277/1435/1313
f 1280/1454/1329 1297/1458/1333 1284/1459/1334
f 791/1407/1285 869/962/895 1298/1460/1335
f 417/492/453 1273/1440/1317 418/493/454
f 444/525/482 1271/1431/1309 1267/1427/1305
f 1285/1444/1321 1299/1461/1336 1284/1459/1334
f 1284/1459/1334 1297/1458/1333 1285/1444/1321
f 1239/1397/1275 1230/1387/1265 1240/1398/1276
f 1291/1450/1326 1300/1462/1337 1289/1455/1330
f 1272/1432/1310 1279/1437/1315 1284/1459/1334
f 1284/1459/1334 1279/1437/1315 1274/1439/1316
f 1301/1463/1338 1302/1464/1339 1303/1465/1340
f 251/874/809 1233/1390/1268 602/684/632
f 323/390/355 121/216/193 326/670/622
f 1262/1423/1301 1257/1419/1297 1263/1424/1302
f 1297/1458/1333 1289/1455/1330 1304/1466/1341
f 1239/1467/1275 1300/1462/1337 1288/1449/1325
f 1274/1439/1316 1273/1440/1317 1281/1441/1318
f 1289/1455/1330 1300/1462/1337 1304/1466/1341
f 1301/1463/1338 1307/1468/1342 1308/1469/1343
f 1279/1437/1315 375/451/414 416/491/452
f 1277/1435/1313 1270/1430/1308 1292/1451/1327
f 1135/1374/1253 1252/1470/1344 401/476/439
f 1266/1471/1345 1305/1472/1346 869/962/895
f 1281/1441/1318 1290/1448/1324 1274/1439/1316
f 1215/1369/1248 1142/1290/1174 1219/1377/1255
f 1290/1448/1324 1281/1441/1318 1283/1443/1320
f 1306/1473/1347 1311/1474/1348 1240/1398/1276
f 1239/1397/1275 1240/1398/1276 1313/1475/1349
f 1293/1452/1328 1278/1436/1314 1285/1444/1321
f 1273/1440/1317 417/492/453 441/519/477
f 418/493/454 1279/1437/1315 416/491/452
f 1298/1460/1335 869/962/895 1305/1472/1346
f 115/186/163 114/185/162 379/457/420
f 1314/1476/1350 1315/1477/1351 1316/1478/1352
f 1317/1479/1353 1318/1480/1354 1301/1463/1338
f 1239/1467/1275 1313/1481/1349 1300/1462/1337
f 1285/1444/1321 1297/1458/1333 1319/1482/1355
f 1280/1454/1329 1289/1455/1330 1297/1458/1333
f 1295/1457/1332 1283/1443/1320 1267/1427/1305
f 1322/1483/1356 1240/1398/1276 1323/1484/1357
f 1240/1398/1276 1311/1474/1348 1323/1484/1357
f 1277/1435/1313 1283/1443/1320 1295/1457/1332
f 871/964/897 847/946/879 867/966/899
f 1267/1427/1305 1270/1430/1308 1295/1457/1332
f 1324/1485/1358 1325/1486/1359 1304/1466/1341
f 1327/1487/1360 1319/1482/1355 1325/1486/1359
f 1284/1459/1334 1299/1461/1336 1272/1432/1310
f 1324/1485/1358 1327/1487/1360 1325/1486/1359
f 1277/1435/1313 1292/1451/1327 1275/1433/1311
f 1309/1488/1361 1296/1489/1362 1310/1490/1363
f 1326/1491/1364 1300/1462/1337 1313/1481/1349
f 1271/1431/1309 1288/1449/1325 1270/1430/1308
f 251/874/809 176/233/210 1233/1390/1268
f 1310/1490/1363 1296/1489/1362 1282/1442/1319
f 1322/1483/1356 1323/1484/1357 1313/1475/1349
f 1300/1462/1337 1291/1450/1326 1288/1449/1325
f 1270/1430/1308 1288/1449/1325 1292/1451/1327
f 1148/1299/1183 1251/1411/1289 1329/1492/1365
f 1288/1449/1325 1238/1453/1274 1239/1467/1275
f 1237/1394/1272 1253/1413/1291 1233/1390/1268
f 1275/1433/1311 1292/1451/1327 1291/1450/1326
f 1326/1491/1364 1313/1481/1349 1332/1493/1366
f 1330/1494/1367 1313/1475/1349 1323/1484/1357
f 1256/1416/1294 1278/1436/1314 1293/1452/1328
f 1327/1487/1360 1324/1485/1358 1333/1495/1368
f 1178/1370/1249 1233/1390/1268 176/233/210
f 850/980/913 825/924/857 835/1023/954
f 1301/1463/1338 1318/1480/1354 1302/1464/1339
f 1313/1481/1349 1330/1496/1367 1332/1493/1366
f 1335/1497/1369 1330/1494/1367 1311/1474/1348
f 1308/1469/1343 1227/1384/1262 1301/1463/1338
f 1336/1498/1370 1327/1487/1360 1333/1495/1368
f 1286/1445/1322 1337/1499/1371 1287/1446/1323
f 870/963/896 852/948/881 871/964/897
f 1308/1469/1343 1340/1500/1372 1219/1377/1255
f 1331/1501/1373 1287/1446/1323 1341/1502/1374
f 1342/1503/1375 1343/1504/1376 1344/1505/1377
f 1313/1475/1349 1240/1398/1276 1322/1483/1356
f 1345/1506/1378 1244/1402/1280 1243/1401/1279
f 1346/1507/1379 1327/1487/1360 1336/1498/1370
f 850/980/913 835/1023/954 849/986/919
f 1158/1309/1191 1347/1508/1380 1229/1509/1381
f 1300/1462/1337 1326/1491/1364 1348/1510/1382
f 1285/1444/1321 1287/1446/1323 1293/1452/1328
f 663/1375/1254 251/874/809 602/684/632
f 1304/1466/1341 1300/1462/1337 1348/1510/1382
f 1353/1511/1383 1302/1464/1339 1318/1480/1354
f 1282/1442/1319 1331/1501/1373 1354/1512/1384
f 1337/1499/1371 1334/1513/1385 1355/1514/1386
f 1287/1446/1323 1337/1499/1371 1341/1502/1374
f 1310/1490/1363 1282/1442/1319 1354/1512/1384
f 1356/1515/1387 1357/1516/1388 1358/1517/1389
f 1326/1491/1364 1332/1493/1366 1348/1510/1382
f 1359/1518/1390 1348/1510/1382 1332/1493/1366
f 1319/1482/1355 1286/1445/1322 1285/1444/1321
f 1324/1485/1358 1348/1510/1382 1359/1518/1390
f 1360/1519/1391 1330/1496/1367 1361/1520/1392
f 1286/1445/1322 1334/1513/1385 1337/1499/1371
f 1330/1496/1367 1360/1519/1391 1332/1493/1366
f 857/954/887 871/964/897 862/984/917
f 1356/1515/1387 1363/1521/1393 1357/1516/1388
f 1330/1494/1367 1352/1522/1394 1361/1523/1392
f 1324/1485/1358 1359/1518/1390 1333/1495/1368
f 1359/1518/1390 1336/1498/1370 1333/1495/1368
f 1210/1366/1245 1146/1296/1180 784/890/824
f 1325/1486/1359 1319/1482/1355 1297/1458/1333
f 1348/1510/1382 1324/1485/1358 1304/1466/1341
f 1360/1519/1391 1361/1520/1392 1358/1517/1389
f 1304/1466/1341 1325/1486/1359 1297/1458/1333
f 1117/1254/1150 1173/1321/1203 1118/1269/1152
f 1352/1522/1394 1330/1494/1367 1335/1497/1369
f 1364/1524/1395 1355/1514/1386 1363/1521/1393
f 1365/1525/1396 472/552/508 501/582/537
f 1356/1515/1387 1358/1517/1389 1361/1520/1392
f 1085/1221/1118 1083/1220/1117 1086/1224/1121
f 1363/1521/1393 1327/1487/1360 1346/1507/1379
f 1354/1512/1384 1331/1501/1373 1341/1502/1374
f 1351/1526/1397 1361/1523/1392 1352/1522/1394
f 1341/1502/1374 1337/1499/1371 1367/1527/1398
f 1360/1519/1391 1357/1516/1388 1346/1507/1379
f 1337/1499/1371 1362/1528/1399 1367/1527/1398
f 1366/1529/1400 1355/1514/1386 1364/1524/1395
f 1327/1487/1360 1363/1521/1393 1334/1513/1385
f 1334/1513/1385 1363/1521/1393 1355/1514/1386
f 1359/1518/1390 1332/1493/1366 1360/1519/1391
f 1363/1521/1393 1346/1507/1379 1357/1516/1388
f 1338/1530/1401 1339/1531/1402 1372/1532/1403
f 1354/1512/1384 1341/1502/1374 1367/1527/1398
f 1096/1233/1130 1104/1265/1151 1098/1236/1133
f 1311/1474/1348 1330/1494/1367 1323/1484/1357
f 1374/1533/1404 1375/1534/1405 1376/1535/1406
f 641/836/774 775/879/814 1377/1536/1407
f 1302/1464/1339 1378/1537/1408 1303/1465/1340
f 790/894/827 1146/1296/1180 507/1364/1243
f 1369/1538/1409 1368/1539/1410 467/579/534
f 1376/1535/1406 1368/1539/1410 1369/1538/1409
f 1282/1442/1319 1293/1452/1328 1331/1501/1373
f 1334/1513/1385 1286/1445/1322 1319/1482/1355
f 774/878/813 791/1407/1285 1298/1460/1335
f 1104/1265/1151 1117/1267/1150 1098/1236/1133
f 1381/1540/1411 1356/1515/1387 1361/1520/1392
f 115/186/163 379/457/420 129/401/366
f 1331/1501/1373 1293/1452/1328 1287/1446/1323
f 1382/1541/1412 494/574/529 502/809/750
f 618/835/773 619/837/775 1180/1329/1210
f 1369/1538/1409 1365/1525/1396 1376/1535/1406
f 1376/1535/1406 1383/1542/1413 1370/1543/1414
f 1308/1469/1343 1219/1377/1255 1227/1384/1262
f 1376/1535/1406 1365/1525/1396 1384/1544/1415
f 1382/1541/1412 513/591/546 494/574/529
f 1334/1513/1385 1319/1482/1355 1327/1487/1360
f 401/476/439 1252/1470/1344 123/441/405
f 1368/1539/1410 1373/1545/1416 467/579/534
f 513/591/546 1382/1541/1412 1385/1546/1417
f 1383/1542/1413 1376/1535/1406 1375/1534/1405
f 1376/1535/1406 1384/1544/1415 1386/1547/1418
f 1367/1527/1398 1362/1528/1399 1498/1548/1419
f 1355/1514/1386 1362/1528/1399 1337/1499/1371
f 1385/1546/1417 1382/1541/1412 1387/1549/1420
f 1121/1262/1156 1173/1321/1203 1117/1254/1150
f 1222/1378/1256 1136/1285/1169 1228/1385/1263
f 1374/1533/1404 1388/1550/1421 1375/1534/1405
f 1351/1526/1397 1389/1551/1422 1361/1523/1392
f 1390/1552/1423 518/596/551 1391/1553/1424
f 502/809/750 1373/1545/1416 1392/1554/1425
f 1138/1287/1171 1129/1272/1162 1144/1292/1176
f 1371/1555/1426 1392/1554/1425 1373/1545/1416
f 1393/1556/1427 1394/1557/1428 1395/1558/1429
f 1362/1528/1399 1355/1514/1386 1366/1529/1400
f 1390/1552/1423 1391/1553/1424 1396/1559/1430
f 1360/1519/1391 1346/1507/1379 1336/1498/1370
f 1336/1498/1370 1359/1518/1390 1360/1519/1391
f 513/591/546 1385/1546/1417 511/589/544
f 1308/1469/1343 1307/1468/1342 1340/1500/1372
f 284/346/315 1397/1560/1431 139/347/316
f 1376/1535/1406 1370/1543/1414 1368/1539/1410
f 1382/1541/1412 1392/1554/1425 1387/1549/1420
f 1358/1517/1389 1357/1516/1388 1360/1519/1391
f 1373/1545/1416 1370/1543/1414 1371/1555/1426
f 1381/1540/1411 1363/1521/1393 1356/1515/1387
f 1373/1545/1416 1368/1539/1410 1370/1543/1414
f 1363/1521/1393 1381/1540/1411 1364/1524/1395
f 512/599/554 1400/1561/1432 1391/1553/1424
f 1370/1543/1414 1401/1562/1433 1371/1555/1426
f 1386/1547/1418 1374/1533/1404 1376/1535/1406
f 512/599/554 511/589/544 1385/1546/1417
f 1393/1556/1427 1395/1558/1429 1402/1563/1434
f 1371/1555/1426 1398/1564/1435 1392/1554/1425
f 1400/1561/1432 1387/1549/1420 1403/1565/1436
f 1404/1566/1437 1402/1563/1434 1395/1558/1429
f 1385/1546/1417 1387/1549/1420 512/599/554
f 1405/1567/1438 1394/1557/1428 1406/1568/1439
f 1400/1561/1432 1403/1565/1436 1406/1568/1439
f 512/599/554 1387/1549/1420 1400/1561/1432
f 1407/1569/1440 1394/1557/1428 1405/1567/1438
f 1398/1564/1435 1399/1570/1441 1387/1549/1420
f 1398/1564/1435 1371/1555/1426 1408/1571/1442
f 1401/1562/1433 1383/1542/1413 1408/1571/1442
f 1391/1553/1424 518/596/551 512/599/554
f 1400/1561/1432 1396/1559/1430 1391/1553/1424
f 502/809/750 493/573/528 1373/1545/1416
f 1408/1571/1442 1371/1555/1426 1401/1562/1433
f 1161/1310/1192 1137/1286/1170 1138/1287/1171
f 514/595/550 518/596/551 1390/1552/1423
f 514/595/550 1390/1552/1423 1393/1556/1427
f 1406/1568/1439 1394/1557/1428 1396/1559/1430
f 1392/1554/1425 1382/1541/1412 502/809/750
f 1405/1567/1438 1406/1568/1439 1410/1572/1443
f 472/552/508 1365/1525/1396 476/553/509
f 1398/1564/1435 1387/1549/1420 1392/1554/1425
f 1411/1573/1444 1408/1571/1442 1412/1574/1445
f 1369/1538/1409 476/553/509 1365/1525/1396
f 1400/1561/1432 1406/1568/1439 1396/1559/1430
f 1387/1549/1420 1399/1570/1441 1409/1575/1446
f 1403/1565/1436 1410/1572/1443 1406/1568/1439
f 1409/1575/1446 1410/1572/1443 1403/1565/1436
f 1399/1570/1441 1398/1564/1435 1408/1571/1442
f 1409/1575/1446 1403/1565/1436 1387/1549/1420
f 1393/1556/1427 1396/1559/1430 1394/1557/1428
f 467/579/534 476/553/509 1369/1538/1409
f 1393/1556/1427 1390/1552/1423 1396/1559/1430
f 1399/1570/1441 1411/1573/1444 1416/1576/1447
f 1418/1577/1448 1419/1578/1449 1420/1579/1450
f 1370/1543/1414 1383/1542/1413 1401/1562/1433
f 1405/1567/1438 1410/1572/1443 1409/1575/1446
f 1417/1580/1451 1421/1581/1452 1422/1582/1453
f 1413/1583/1454 1414/1584/1455 1417/1580/1451
f 1419/1578/1449 1425/1585/1456 1420/1579/1450
f 1426/1586/1457 1427/1587/1458 1428/1588/1459
f 1414/1584/1455 1421/1581/1452 1417/1580/1451
f 1423/1589/1460 1428/1588/1459 1427/1587/1458
f 1425/1585/1456 1429/1590/1461 1342/1503/1375
f 1425/1585/1456 1430/1591/1462 1420/1579/1450
f 1415/1592/1463 1417/1580/1451 1424/1593/1464
f 1405/1567/1438 1431/1594/1465 1429/1590/1461
f 1424/1593/1464 1432/1595/1466 1433/1596/1467
f 1434/1597/1468 1429/1590/1461 1431/1594/1465
f 1405/1567/1438 1429/1590/1461 1419/1578/1449
f 1432/1595/1466 1424/1593/1464 1422/1582/1453
f 1437/1598/1469 1422/1582/1453 1438/1599/1470
f 1424/1593/1464 1423/1589/1460 1415/1592/1463
f 1407/1569/1440 1395/1558/1429 1394/1557/1428
f 1404/1566/1437 1395/1558/1429 1407/1569/1440
f 1428/1588/1459 1435/1600/1471 1315/1477/1351
f 1433/1596/1467 1439/1601/1472 1444/1602/1473
f 1411/1573/1444 1399/1570/1441 1408/1571/1442
f 1429/1590/1461 1425/1585/1456 1419/1578/1449
f 1431/1594/1465 1399/1570/1441 1416/1576/1447
f 1411/1573/1444 1426/1586/1457 1416/1576/1447
f 1409/1575/1446 1399/1570/1441 1431/1594/1465
f 1388/1550/1421 1413/1583/1454 1375/1534/1405
f 1412/1574/1445 1415/1592/1463 1423/1589/1460
f 1440/1603/1474 1441/1604/1475 587/667/621
f 1412/1574/1445 1408/1571/1442 1383/1542/1413
f 1436/1605/1476 1435/1600/1471 1423/1589/1460
f 1442/1606/1477 1315/1477/1351 1435/1600/1471
f 1423/1589/1460 1424/1593/1464 1433/1596/1467
f 1416/1576/1447 1426/1586/1457 1431/1594/1465
f 1433/1596/1467 1436/1605/1476 1423/1589/1460
f 1434/1597/1468 1426/1586/1457 1428/1588/1459
f 1411/1573/1444 1427/1587/1458 1426/1586/1457
f 1413/1583/1454 1415/1592/1463 1375/1534/1405
f 1342/1503/1375 1429/1590/1461 1434/1597/1468
f 1383/1542/1413 1415/1592/1463 1412/1574/1445
f 1415/1592/1463 1383/1542/1413 1375/1534/1405
f 1431/1594/1465 1405/1567/1438 1409/1575/1446
f 573/653/607 1443/1607/1478 583/664/618
f 1412/1574/1445 1423/1589/1460 1427/1587/1458
f 1427/1587/1458 1411/1573/1444 1412/1574/1445
f 1444/1602/1473 1445/1608/1479 1436/1605/1476
f 1444/1602/1473 1436/1605/1476 1433/1596/1467
f 1446/1609/1480 1443/1607/1478 1447/1610/1481
f 1447/1610/1481 1449/1611/1482 1446/1609/1480
f 1445/1608/1479 1444/1602/1473 1448/1612/1483
f 1432/1595/1466 1422/1582/1453 1437/1598/1469
f 1442/1606/1477 1435/1600/1471 1436/1605/1476
f 1446/1609/1480 585/665/619 583/664/618
f 1431/1594/1465 1426/1586/1457 1434/1597/1468
f 1413/1583/1454 1417/1580/1451 1415/1592/1463
f 1423/1589/1460 1435/1600/1471 1428/1588/1459
f 1386/1547/1418 1450/1613/1484 1374/1533/1404
f 1451/1614/1485 1452/1615/1486 1449/1611/1482
f 1454/1616/1487 1455/1617/1488 1384/1544/1415
f 1388/1550/1421 1374/1533/1404 1456/1618/1489
f 1457/1619/1490 581/661/615 1294/1456/1331
f 1451/1614/1485 1458/1620/1491 1452/1615/1486
f 1440/1603/1474 1452/1615/1486 1459/1621/1492
f 1424/1593/1464 1417/1580/1451 1422/1582/1453
f 1437/1598/1469 1439/1601/1472 1432/1595/1466
f 1460/1622/1493 1461/1623/1494 1374/1533/1404
f 1462/1624/1495 1457/1619/1490 1261/1422/1300
f 1314/1476/1350 1434/1597/1468 1428/1588/1459
f 1441/1604/1475 1455/1617/1488 1454/1616/1487
f 1456/1618/1489 1374/1533/1404 1461/1623/1494
f 1384/1544/1415 1455/1617/1488 1386/1547/1418
f 1463/1625/1496 1445/1608/1479 1448/1612/1483
f 1432/1595/1466 1439/1601/1472 1433/1596/1467
f 1464/1626/1497 1465/1627/1498 1466/1628/1499
f 1440/1603/1474 1459/1621/1492 1441/1604/1475
f 1468/1629/1500 1451/1614/1485 1449/1611/1482
f 1454/1616/1487 460/544/501 574/654/608
f 574/654/608 575/655/609 1441/1604/1475
f 1458/1620/1491 1471/1630/1501 1472/1631/1502
f 581/661/615 1457/1619/1490 1447/1610/1481
f 1471/1630/1501 1458/1620/1491 1473/1632/1503
f 1314/1476/1350 1428/1588/1459 1315/1477/1351
f 1454/1616/1487 501/582/537 460/544/501
f 1296/1489/1362 1268/1428/1306 1282/1442/1319
f 1474/1633/1504 1436/1605/1476 1445/1608/1479
f 1446/1609/1480 583/664/618 1443/1607/1478
f 1443/1607/1478 581/661/615 1447/1610/1481
f 1455/1617/1488 1441/1604/1475 1472/1631/1502
f 1472/1631/1502 1441/1604/1475 1459/1621/1492
f 1467/1634/1505 1453/1635/1506 1464/1626/1497
f 1294/1456/1331 1261/1422/1300 1457/1619/1490
f 1444/1602/1473 1439/1601/1472 1448/1612/1483
f 1437/1598/1469 1448/1612/1483 1439/1601/1472
f 1459/1621/1492 1452/1615/1486 1458/1620/1491
f 1312/1636/1507 1475/1637/1508 1476/1638/1509
f 1476/1638/1509 1475/1637/1508 1465/1627/1498
f 1450/1613/1484 1471/1630/1501 1460/1622/1493
f 1374/1533/1404 1450/1613/1484 1460/1622/1493
f 1477/1639/1510 1478/1640/1511 1479/1641/1512
f 1480/1642/1513 1481/1643/1514 1482/1644/1515
f 579/660/614 390/465/428 386/464/427
f 1441/1604/1475 1454/1616/1487 574/654/608
f 1483/1645/1516 1482/1644/1515 1484/1646/1517
f 1485/1647/1518 1477/1639/1510 1486/1648/1519
f 1477/1639/1510 1487/1649/1520 1486/1648/1519
f 1467/1634/1505 1481/1643/1514 1488/1650/1521
f 1457/1619/1490 1462/1624/1495 1489/1651/1522
f 1464/1626/1497 1481/1643/1514 1467/1634/1505
f 1454/1616/1487 1384/1544/1415 501/582/537
f 1440/1603/1474 585/665/619 1452/1615/1486
f 1447/1610/1481 1457/1619/1490 1489/1651/1522
f 1467/1634/1505 1451/1614/1485 1468/1629/1500
f 585/665/619 1446/1609/1480 1452/1615/1486
f 1312/1636/1507 1259/1418/1296 1268/1428/1306
f 1384/1544/1415 1365/1525/1396 501/582/537
f 1470/1652/1523 1475/1637/1508 1491/1653/1524
f 1446/1609/1480 1449/1611/1482 1452/1615/1486
f 1312/1636/1507 1268/1428/1306 1296/1489/1362
f 1487/1649/1520 1477/1639/1510 1479/1641/1512
f 1472/1631/1502 1450/1613/1484 1455/1617/1488
f 1309/1488/1361 1312/1636/1507 1296/1489/1362
f 1312/1636/1507 1491/1653/1524 1475/1637/1508
f 1265/1426/1304 1259/1418/1296 1476/1638/1509
f 1481/1643/1514 1480/1642/1513 1479/1641/1512
f 1449/1611/1482 1447/1610/1481 1489/1651/1522
f 1449/1611/1482 1489/1651/1522 1468/1629/1500
f 1478/1640/1511 1473/1632/1503 1490/1654/1525
f 1264/1425/1303 1265/1426/1304 1465/1627/1498
f 1289/1455/1330 1275/1433/1311 1291/1450/1326
f 1259/1418/1296 1312/1636/1507 1476/1638/1509
f 1386/1547/1418 1455/1617/1488 1450/1613/1484
f 1487/1649/1520 1495/1655/1526 1494/1656/1527
f 1483/1645/1516 1480/1642/1513 1482/1644/1515
f 1492/1657/1528 1309/1488/1361 1493/1658/1529
f 1458/1620/1491 1472/1631/1502 1459/1621/1492
f 1484/1646/1517 1482/1644/1515 1469/1659/1530
f 1493/1658/1529 1309/1488/1361 1496/1660/1531
f 1480/1642/1513 1497/1661/1532 1479/1641/1512
f 1469/1659/1530 1464/1626/1497 1466/1628/1499
f 1464/1626/1497 1453/1635/1506 1264/1425/1303
f 1498/1548/1419 1493/1658/1529 1496/1660/1531
f 1469/1659/1530 1470/1652/1523 1499/1662/1533
f 1490/1654/1525 1458/1620/1491 1451/1614/1485
f 1464/1626/1497 1264/1425/1303 1465/1627/1498
f 1479/1641/1512 1497/1661/1532 1487/1649/1520
f 1473/1632/1503 1461/1623/1494 1471/1630/1501
f 1461/1623/1494 1473/1632/1503 1501/1663/1534
f 1502/1664/1535 1484/1646/1517 1499/1662/1533
f 1469/1659/1530 1482/1644/1515 1464/1626/1497
f 1309/1488/1361 1492/1657/1528 1312/1636/1507
f 1464/1626/1497 1482/1644/1515 1481/1643/1514
f 1450/1613/1484 1472/1631/1502 1471/1630/1501
f 1465/1627/1498 1265/1426/1304 1476/1638/1509
f 1299/1461/1336 1278/1436/1314 1272/1432/1310
f 1484/1646/1517 1469/1659/1530 1499/1662/1533
f 1504/1665/1536 1505/1666/1537 1506/1667/1538
f 1388/1550/1421 1456/1618/1489 1507/1668/1539
f 1388/1550/1421 1507/1668/1539 1414/1584/1455
f 1413/1583/1454 1388/1550/1421 1414/1584/1455
f 1422/1582/1453 1421/1581/1452 1438/1599/1470
f 1465/1627/1498 1475/1637/1508 1470/1652/1523
f 1309/1488/1361 1310/1490/1363 1496/1660/1531
f 1508/1669/1540 1509/1670/1541 1510/1671/1542
f 1511/1672/1543 1456/1618/1489 1461/1623/1494
f 1512/1673/1544 1499/1662/1533 1500/1674/1545
f 1510/1671/1542 1438/1599/1470 1507/1668/1539
f 1480/1642/1513 1483/1645/1516 1497/1661/1532
f 1466/1628/1499 1465/1627/1498 1469/1659/1530
f 1502/1664/1535 1499/1662/1533 1512/1673/1544
f 1491/1653/1524 1312/1636/1507 1492/1657/1528
f 1469/1659/1530 1465/1627/1498 1470/1652/1523
f 1484/1646/1517 1497/1661/1532 1483/1645/1516
f 1479/1641/1512 1490/1654/1525 1488/1650/1521
f 1488/1650/1521 1481/1643/1514 1479/1641/1512
f 1248/1406/1284 1272/1432/1310 1278/1436/1314
f 1496/1660/1531 1354/1512/1384 1367/1527/1398
f 1496/1660/1531 1367/1527/1398 1498/1548/1419
f 1461/1623/1494 1501/1663/1534 1511/1672/1543
f 1486/1648/1519 1513/1675/1546 1485/1647/1518
f 1478/1640/1511 1490/1654/1525 1479/1641/1512
f 1299/1461/1336 1285/1444/1321 1278/1436/1314
f 1521/1676/1547 1513/1675/1546 1486/1648/1519
f 1478/1640/1511 1501/1663/1534 1473/1632/1503
f 1501/1663/1534 1478/1640/1511 1485/1647/1518
f 1499/1662/1533 1491/1653/1524 1500/1674/1545
f 1501/1663/1534 1485/1647/1518 1511/1672/1543
f 1507/1668/1539 1456/1618/1489 1508/1669/1540
f 1226/1383/1261 1222/1378/1256 1228/1385/1263
f 1509/1670/1541 1515/1677/1548 1485/1647/1518
f 1354/1512/1384 1496/1660/1531 1310/1490/1363
f 1499/1662/1533 1470/1652/1523 1491/1653/1524
f 1521/1676/1547 1486/1648/1519 1494/1656/1527
f 1485/1647/1518 1515/1677/1548 1511/1672/1543
f 333/403/368 166/225/202 860/960/893
f 1438/1599/1470 1518/1678/1549 1437/1598/1469
f 1511/1672/1543 1515/1677/1548 1456/1618/1489
f 1519/1679/1550 1516/1680/1551 1517/1681/1552
f 1485/1647/1518 1478/1640/1511 1477/1639/1510
f 1509/1670/1541 1508/1669/1540 1515/1677/1548
f 1523/1682/1553 1463/1625/1496 1448/1612/1483
f 1506/1667/1538 1505/1666/1537 1502/1664/1535
f 1276/1434/1312 1274/1439/1316 1290/1448/1324
f 1495/1655/1526 1514/1683/1554 1494/1656/1527
f 1506/1667/1538 1524/1684/1555 1504/1665/1536
f 1456/1618/1489 1515/1677/1548 1508/1669/1540
f 1485/1647/1518 1513/1675/1546 1509/1670/1541
f 1498/1548/1419 1362/1528/1399 1525/1685/1556
f 1504/1665/1536 1503/1686/1557 1495/1655/1526
f 1274/1439/1316 1276/1434/1312 1280/1454/1329
f 1495/1655/1526 1503/1686/1557 1514/1683/1554
f 1505/1666/1537 1484/1646/1517 1502/1664/1535
f 1529/1687/1558 1514/1683/1554 1503/1686/1557
f 1530/1688/1559 1366/1529/1400 1364/1524/1395
f 1275/1433/1311 1280/1454/1329 1276/1434/1312
f 1504/1665/1536 1524/1684/1555 1531/1689/1560
f 1507/1668/1539 1508/1669/1540 1510/1671/1542
f 1521/1676/1547 1509/1670/1541 1513/1675/1546
f 1487/1649/1520 1494/1656/1527 1486/1648/1519
f 1495/1655/1526 1505/1666/1537 1504/1665/1536
f 1274/1439/1316 1280/1454/1329 1284/1459/1334
f 1532/1690/1561 1353/1511/1383 1318/1480/1354
f 1528/1691/1562 1503/1686/1557 1504/1665/1536
f 1305/1472/1346 1379/1692/1563 1298/1460/1335
f 1533/1693/1564 1530/1688/1559 1534/1694/1565
f 1421/1581/1452 1414/1584/1455 1507/1668/1539
f 1305/1472/1346 1266/1471/1345 1379/1692/1563
f 1522/1695/1566 1339/1531/1402 1338/1530/1401
f 1518/1678/1549 1438/1599/1470 1522/1695/1566
f 1491/1653/1524 1492/1657/1528 1500/1674/1545
f 1492/1657/1528 1535/1696/1567 1500/1674/1545
f 1448/1612/1483 1437/1598/1469 1518/1678/1549
f 1516/1680/1551 1438/1599/1470 1510/1671/1542
f 1536/1697/1568 1537/1698/1569 1338/1530/1401
f 1438/1599/1470 1516/1680/1551 1522/1695/1566
f 860/960/893 1180/1329/1210 333/403/368
f 1514/1683/1554 1521/1676/1547 1494/1656/1527
f 386/464/427 446/1412/1290 1262/1423/1301
f 1517/1681/1552 1509/1670/1541 1520/1699/1570
f 1317/1479/1353 1538/1700/1571 1532/1690/1561
f 1540/1701/1572 1535/1696/1567 1539/1702/1573
f 1366/1529/1400 1541/1703/1574 1362/1528/1399
f 1541/1703/1574 1542/1704/1575 1362/1528/1399
f 1317/1479/1353 1532/1690/1561 1318/1480/1354
f 641/836/774 1377/1536/1407 1328/1705/1576
f 1303/1465/1340 1307/1468/1342 1301/1463/1338
f 1378/1537/1408 1537/1698/1569 1536/1697/1568
f 1509/1670/1541 1517/1681/1552 1510/1671/1542
f 1421/1581/1452 1507/1668/1539 1438/1599/1470
f 1294/1456/1331 386/464/427 1262/1423/1301
f 1544/1706/1577 1502/1664/1535 1512/1673/1544
f 1521/1676/1547 1520/1699/1570 1509/1670/1541
f 1493/1658/1529 1498/1548/1419 1546/1707/1578
f 1544/1706/1577 1524/1684/1555 1506/1667/1538
f 1544/1706/1577 1506/1667/1538 1502/1664/1535
f 1516/1680/1551 1510/1671/1542 1517/1681/1552
f 758/860/796 1224/1381/1259 334/404/369
f 1535/1696/1567 1492/1657/1528 1493/1658/1529
f 376/454/417 1260/1421/1299 388/462/425
f 1523/1682/1553 1448/1612/1483 1518/1678/1549
f 1551/1708/1579 1180/1329/1210 791/1407/1285
f 1542/1704/1575 1541/1703/1574 1552/1709/1580
f 1552/1709/1580 1541/1703/1574 1553/1710/1581
f 1542/1704/1575 1552/1709/1580 1550/1711/1582
f 838/1712/1583 1237/1394/1272 1223/1380/1258
f 775/879/814 1380/1713/1584 1377/1536/1407
f 1535/1696/1567 1493/1658/1529 1546/1707/1578
f 1549/1714/1585 1550/1711/1582 1552/1709/1580
f 1514/1683/1554 1520/1699/1570 1521/1676/1547
f 1535/1696/1567 1546/1707/1578 1547/1715/1586
f 1543/1716/1587 1512/1673/1544 1500/1674/1545
f 1554/1717/1588 1530/1688/1559 1555/1718/1589
f 618/835/773 1180/1329/1210 1551/1708/1579
f 1258/1420/1298 1257/1419/1297 1260/1421/1299
f 1530/1688/1559 1553/1710/1581 1541/1703/1574
f 1525/1685/1556 1546/1707/1578 1498/1548/1419
f 1535/1696/1567 1543/1716/1587 1500/1674/1545
f 860/960/893 791/1407/1285 1180/1329/1210
f 1546/1707/1578 1525/1685/1556 1548/1719/1590
f 1558/1720/1591 1555/1718/1589 1533/1693/1564
f 1247/1405/1283 1260/1421/1299 1245/1403/1281
f 1298/1460/1335 1379/1692/1563 1559/1721/1592
f 1342/1503/1375 1434/1597/1468 1314/1476/1350
f 1543/1716/1587 1535/1696/1567 1540/1701/1572
f 1560/1722/1593 151/210/187 1561/1723/1594
f 1250/1410/1288 1148/1299/1183 123/441/405
f 1317/1479/1353 1227/1384/1262 1222/1378/1256
f 1547/1715/1586 1546/1707/1578 1548/1719/1590
f 1553/1710/1581 1530/1688/1559 1554/1717/1588
f 1543/1716/1587 1562/1724/1595 1512/1673/1544
f 151/210/187 1563/1725/1596 1564/1726/1597
f 1379/1692/1563 1565/1727/1598 1380/1713/1584
f 1548/1719/1590 1549/1714/1585 1556/1728/1599
f 1537/1698/1569 1545/1729/1600 1338/1530/1401
f 1302/1464/1339 1353/1511/1383 1537/1698/1569
f 1559/1721/1592 774/878/813 1298/1460/1335
f 1560/1722/1593 1563/1725/1596 151/210/187
f 1525/1685/1556 1550/1711/1582 1548/1719/1590
f 1223/1380/1258 759/861/797 838/1712/1583
f 775/879/814 641/836/774 618/835/773
f 1561/1723/1594 151/210/187 153/212/189
f 1525/1685/1556 1362/1528/1399 1542/1704/1575
f 1225/1382/1260 1317/1479/1353 1222/1378/1256
f 1339/1531/1402 1567/1730/1601 1320/1731/1602
f 1549/1714/1585 1568/1732/1603 1566/1733/1604
f 1266/1471/1345 1213/1368/1247 1339/1531/1402
f 1549/1714/1585 1569/1734/1605 1568/1732/1603
f 1266/1471/1345 1339/1531/1402 1320/1731/1602
f 788/1395/1273 1564/1726/1597 1226/1383/1261
f 1568/1732/1603 1569/1734/1605 1570/1735/1606
f 1525/1685/1556 1542/1704/1575 1550/1711/1582
f 1571/1736/1607 1572/1737/1608 1573/1738/1609
f 1574/1739/1610 336/406/371 154/1740/1611
f 1576/1741/1612 1349/1742/1613 1350/1743/1614
f 1209/1363/1242 1144/1292/1176 1196/1359/1238
f 1566/1733/1604 1556/1728/1599 1549/1714/1585
f 1575/1744/1615 1556/1728/1599 1566/1733/1604
f 1577/1745/1616 1578/1746/1617 1563/1725/1596
f 1116/1253/1149 1122/1263/1157 1117/1254/1150
f 618/835/773 1551/1708/1579 774/878/813
f 1580/1747/1618 1581/1748/1619 1562/1724/1595
f 1524/1684/1555 1544/1706/1577 1531/1689/1560
f 1539/1702/1573 1535/1696/1567 1547/1715/1586
f 1582/1749/1620 1583/1750/1621 1528/1691/1562
f 1225/1382/1260 1564/1726/1597 1563/1725/1596
f 1583/1750/1621 1584/1751/1622 1528/1691/1562
f 1190/1348/1227 1585/1752/1623 1159/1340/1219
f 1586/1753/1624 1528/1691/1562 1584/1751/1622
f 1587/1754/1625 1571/1736/1607 1573/1738/1609
f 1580/1747/1618 1588/1755/1626 1581/1748/1619
f 1159/1340/1219 1182/1333/1213 1166/1315/1197
f 1523/1682/1553 1590/1756/1627 1463/1625/1496
f 1191/1343/1222 1179/1328/1209 1164/1313/1195
f 232/290/264 231/289/263 1589/1757/1628
f 1339/1531/1402 1591/1758/1629 1567/1730/1601
f 1579/1759/1630 1566/1733/1604 1568/1732/1603
f 1157/1308/1190 1207/1362/1241 1153/1311/1193
f 861/961/894 1170/1319/1201 869/962/895
f 1591/1758/1629 1321/1760/1631 1567/1730/1601
f 1592/1761/1632 1593/1762/1633 1586/1753/1624
f 1570/1735/1606 1554/1717/1588 1594/1763/1634
f 1191/1343/1222 1166/1315/1197 1179/1328/1209
f 1583/1750/1621 1582/1749/1620 1581/1748/1619
f 1595/1764/1635 1570/1735/1606 1594/1763/1634
f 1591/1758/1629 1593/1762/1633 1321/1760/1631
f 1154/1306/1188 1157/1308/1190 1153/1311/1193
f 1579/1759/1630 1568/1732/1603 1570/1735/1606
f 1519/1679/1550 1593/1762/1633 1591/1758/1629
f 1588/1755/1626 1565/1727/1598 1597/1765/1636
f 1579/1759/1630 1570/1735/1606 1595/1764/1635
f 1551/1708/1579 791/1407/1285 774/878/813
f 1580/1747/1618 1540/1701/1572 1598/1766/1637
f 1595/1764/1635 1594/1763/1634 1571/1736/1607
f 1528/1691/1562 1529/1687/1558 1503/1686/1557
f 1565/1727/1598 1588/1755/1626 1599/1767/1638
f 1225/1382/1260 1538/1700/1571 1317/1479/1353
f 1531/1689/1560 1528/1691/1562 1504/1665/1536
f 1600/1768/1639 1523/1682/1553 1518/1678/1549
f 1520/1699/1570 1514/1683/1554 1529/1687/1558
f 1540/1701/1572 1580/1747/1618 1543/1716/1587
f 1518/1678/1549 1522/1695/1566 1600/1768/1639
f 1565/1727/1598 1379/1692/1563 1601/1769/1640
f 1595/1764/1635 1602/1770/1641 1579/1759/1630
f 1562/1724/1595 1543/1716/1587 1580/1747/1618
f 1320/1731/1602 1379/1692/1563 1266/1471/1345
f 206/296/269 1153/1311/1193 1207/1362/1241
f 1600/1768/1639 1590/1756/1627 1523/1682/1553
f 1588/1755/1626 1580/1747/1618 1596/1771/1642
f 1562/1724/1595 1544/1706/1577 1512/1673/1544
f 1522/1695/1566 1338/1530/1401 1600/1768/1639
f 1545/1729/1600 1590/1756/1627 1600/1768/1639
f 1597/1765/1636 1584/1751/1622 1583/1750/1621
f 1593/1762/1633 1520/1699/1570 1529/1687/1558
f 1581/1748/1619 1531/1689/1560 1544/1706/1577
f 1170/1319/1201 1266/1471/1345 869/962/895
f 1581/1748/1619 1597/1765/1636 1583/1750/1621
f 1555/1718/1589 1594/1763/1634 1554/1717/1588
f 1577/1745/1616 1603/1772/1643 1560/1722/1593
f 1520/1699/1570 1519/1679/1550 1517/1681/1552
f 1586/1753/1624 1529/1687/1558 1528/1691/1562
f 1604/1773/1644 1594/1763/1634 1555/1718/1589
f 1519/1679/1550 1520/1699/1570 1593/1762/1633
f 1597/1765/1636 1586/1753/1624 1584/1751/1622
f 1338/1530/1401 1545/1729/1600 1600/1768/1639
f 1353/1511/1383 1532/1690/1561 1557/1774/1645
f 1605/1775/1646 1592/1761/1632 1606/1776/1647
f 1516/1680/1551 1591/1758/1629 1522/1695/1566
f 1182/1333/1213 1159/1340/1219 1162/1325/1207
f 1605/1775/1646 1565/1727/1598 1601/1769/1640
f 1565/1727/1598 1605/1775/1646 1606/1776/1647
f 1575/1744/1615 1566/1733/1604 1579/1759/1630
f 1519/1679/1550 1591/1758/1629 1516/1680/1551
f 1175/1323/1205 1113/1275/1147 1132/1316/1198
f 1565/1727/1598 1606/1776/1647 1597/1765/1636
f 1531/1689/1560 1582/1749/1620 1528/1691/1562
f 1596/1771/1642 1377/1536/1407 1599/1767/1638
f 1575/1744/1615 1611/1777/1648 1556/1728/1599
f 1612/1778/1649 838/1712/1583 1613/1779/1650
f 1597/1765/1636 1581/1748/1619 1588/1755/1626
f 1580/1747/1618 1328/1705/1576 1596/1771/1642
f 1328/1705/1576 1580/1747/1618 1598/1766/1637
f 1581/1748/1619 1582/1749/1620 1531/1689/1560
f 1328/1705/1576 1377/1536/1407 1596/1771/1642
f 1611/1777/1648 1575/1744/1615 1612/1778/1649
f 1586/1753/1624 1606/1776/1647 1592/1761/1632
f 1606/1776/1647 1586/1753/1624 1597/1765/1636
f 1269/1429/1307 1613/1779/1650 759/861/797
f 1610/1780/1651 1575/1744/1615 1579/1759/1630
f 1581/1748/1619 1544/1706/1577 1562/1724/1595
f 1612/1778/1649 1575/1744/1615 1610/1780/1651
f 1593/1762/1633 1592/1761/1632 1605/1775/1646
f 1253/1413/1291 1614/1781/1652 760/863/799
f 1328/1705/1576 1269/1429/1307 641/836/774
f 1615/1782/1653 1237/1394/1272 838/1712/1583
f 1599/1767/1638 1380/1713/1584 1565/1727/1598
f 1135/1374/1253 1616/1783/1654 1252/1470/1344
f 1593/1762/1633 1529/1687/1558 1586/1753/1624
f 1377/1536/1407 1380/1713/1584 1599/1767/1638
f 1593/1762/1633 1605/1775/1646 1321/1760/1631
f 1557/1774/1645 1532/1690/1561 1617/1784/1655
f 1602/1770/1641 1595/1764/1635 1571/1736/1607
f 1615/1782/1653 1612/1778/1649 1610/1780/1651
f 1372/1532/1403 1339/1531/1402 1213/1368/1247
f 1571/1736/1607 1618/1785/1656 1602/1770/1641
f 1379/1692/1563 1321/1760/1631 1605/1775/1646
f 1615/1782/1653 838/1712/1583 1612/1778/1649
f 1219/1377/1255 1340/1500/1372 1215/1369/1248
f 1579/1759/1630 1602/1770/1641 1610/1780/1651
f 1610/1780/1651 1253/1413/1291 1615/1782/1653
f 1353/1511/1383 1545/1729/1600 1537/1698/1569
f 1340/1500/1372 1307/1468/1342 1536/1697/1568
f 1605/1775/1646 1601/1769/1640 1379/1692/1563
f 1560/1722/1593 1603/1772/1643 1563/1725/1596
f 1303/1465/1340 1378/1537/1408 1620/1786/1657
f 1328/1705/1576 1598/1766/1637 1269/1429/1307
f 1378/1537/1408 1536/1697/1568 1620/1786/1657
f 1372/1532/1403 1536/1697/1568 1338/1530/1401
f 1618/1785/1656 1253/1413/1291 1602/1770/1641
f 1578/1746/1617 1621/1787/1658 1617/1784/1655
f 1598/1766/1637 1622/1788/1659 1613/1779/1650
f 1307/1468/1342 1303/1465/1340 1620/1786/1657
f 1602/1770/1641 1253/1413/1291 1610/1780/1651
f 1604/1773/1644 1572/1737/1608 1594/1763/1634
f 1613/1779/1650 1622/1788/1659 1612/1778/1649
f 1615/1782/1653 1253/1413/1291 1237/1394/1272
f 1598/1766/1637 1613/1779/1650 1269/1429/1307
f 1540/1701/1572 1611/1777/1648 1622/1788/1659
f 1571/1736/1607 1607/1789/1660 1618/1785/1656
f 1608/1790/1661 1607/1789/1660 1571/1736/1607
f 1571/1736/1607 1587/1754/1625 1608/1790/1661
f 1622/1788/1659 1611/1777/1648 1612/1778/1649
f 1540/1701/1572 1622/1788/1659 1598/1766/1637
f 151/210/187 1564/1726/1597 788/1395/1273
f 1567/1730/1601 1321/1760/1631 1320/1731/1602
f 1604/1773/1644 1609/1791/1662 1573/1738/1609
f 1604/1773/1644 1573/1738/1609 1572/1737/1608
f 1539/1702/1573 1611/1777/1648 1540/1701/1572
f 1536/1697/1568 1372/1532/1403 1340/1500/1372
f 1556/1728/1599 1611/1777/1648 1539/1702/1573
f 1380/1713/1584 775/879/814 774/878/813
f 760/863/799 1614/1781/1652 1623/1792/1663
f 1618/1785/1656 1607/1789/1660 1624/1793/1664
f 774/878/813 1559/1721/1592 1380/1713/1584
f 1578/1746/1617 1625/1794/1665 1621/1787/1658
f 1212/1367/1246 1372/1532/1403 1213/1368/1247
f 1596/1771/1642 1599/1767/1638 1588/1755/1626
f 1215/1369/1248 1340/1500/1372 1212/1367/1246
f 1307/1468/1342 1620/1786/1657 1536/1697/1568
f 1379/1692/1563 1380/1713/1584 1559/1721/1592
f 1618/1785/1656 1624/1793/1664 1614/1781/1652
f 1227/1384/1262 1317/1479/1353 1301/1463/1338
f 1571/1736/1607 1594/1763/1634 1572/1737/1608
f 1613/1779/1650 838/1712/1583 759/861/797
f 1397/1560/1431 284/346/315 233/291/265
f 1169/1318/1200 1213/1368/1247 1170/1319/1201
f 1212/1367/1246 1340/1500/1372 1372/1532/1403
f 1557/1774/1645 1617/1784/1655 1621/1787/1658
f 1266/1471/1345 1170/1319/1201 1213/1368/1247
f 1538/1700/1571 1617/1784/1655 1532/1690/1561
f 1574/1739/1610 750/848/785 336/406/371
f 1618/1785/1656 1614/1781/1652 1253/1413/1291
f 1250/1410/1288 1626/1795/1666 1251/1411/1289
f 1320/1731/1602 1321/1760/1631 1379/1692/1563
f 1578/1746/1617 1538/1700/1571 1563/1725/1596
f 1578/1746/1617 1617/1784/1655 1538/1700/1571
f 1627/1796/1667 1628/1797/1668 1629/1798/1669
f 1252/1470/1344 1250/1410/1288 123/441/405
f 1616/1783/1654 1630/1799/1670 1252/1470/1344
f 1563/1725/1596 1538/1700/1571 1225/1382/1260
f 1631/1800/1671 361/430/395 1632/1801/1672
f 1633/1802/1673 1629/1798/1669 1628/1797/1668
f 559/638/592 1632/1801/1672 393/468/431
f 393/468/431 1632/1801/1672 1634/1803/1674
f 1527/1804/1675 219/393/358 343/414/379
f 1527/1804/1675 343/414/379 1526/1805/1676
f 1526/1805/1676 1397/1560/1431 1527/1804/1675
f 1378/1537/1408 1302/1464/1339 1537/1698/1569
f 232/290/264 260/391/356 233/291/265
f 260/391/356 219/393/358 1527/1804/1675
f 1591/1758/1629 1339/1531/1402 1522/1695/1566
f 1630/1799/1670 1250/1410/1288 1252/1470/1344
f 284/346/315 1637/1806/1677 233/291/265
f 584/1365/1244 1210/1366/1245 271/242/219
f 1564/1726/1597 1225/1382/1260 1226/1383/1261
f 1635/1355/1234 1638/1807/1678 1203/1356/1235
f 343/414/379 1639/1808/1679 1526/1805/1676
f 180/488/450 393/468/431 1634/1803/1674
f 858/955/888 863/1809/1680 1643/1810/1681
f 233/291/265 1637/1806/1677 267/327/297
f 1643/1810/1681 863/1809/1680 1644/1811/1682
f 1631/1800/1671 362/431/396 1642/1812/1683
f 1563/1725/1596 1603/1772/1643 1577/1745/1616
f 137/1813/1684 119/188/165 180/488/450
f 1645/1814/1685 1646/1815/1686 856/953/886
f 1634/1803/1674 1632/1801/1672 361/430/395
f 1634/1803/1674 374/448/412 317/413/378
f 1647/1816/1687 1648/1817/1688 1649/1818/1689
f 1634/1803/1674 361/430/395 374/448/412
f 1652/1819/1690 1653/1820/1691 1654/1821/1692
f 1648/1817/1688 1647/1816/1687 1650/1822/1693
f 1646/1815/1686 1648/1823/1688 1655/1824/1694
f 1651/1825/1695 1655/1826/1694 1648/1817/1688
f 343/414/379 317/413/378 374/448/412
f 1647/1816/1687 1656/1827/1696 1657/1828/1697
f 137/1813/1684 180/488/450 318/1829/1698
f 118/187/164 180/488/450 119/188/165
f 1647/1816/1687 1649/1818/1689 1656/1827/1696
f 1660/1830/1699 1651/1825/1695 1650/1822/1693
f 180/488/450 1634/1803/1674 318/1829/1698
f 1651/1825/1695 1659/1831/1700 1655/1826/1694
f 783/889/823 1210/1366/1245 784/890/824
f 1661/1832/1701 1657/1828/1697 1662/1833/1702
f 1644/1811/1682 1663/1834/1703 1664/1835/1704
f 1665/1836/1705 1666/1837/1706 1653/1820/1691
f 1642/1812/1683 362/431/396 361/430/395
f 1658/1838/1707 1650/1822/1693 1647/1816/1687
f 1645/1814/1685 1644/1811/1682 1664/1835/1704
f 318/1829/1698 1634/1803/1674 317/413/378
f 154/1740/1611 136/392/357 260/391/356
f 1667/1839/1708 1664/1835/1704 1663/1834/1703
f 61/262/237 159/220/197 156/218/195
f 783/889/823 271/242/219 1210/1366/1245
f 156/218/195 119/188/165 137/1813/1684
f 1402/1563/1434 1668/1840/1709 903/1004/937
f 137/1813/1684 112/639/593 156/218/195
f 903/1004/937 1668/1840/1709 1663/1834/1703
f 1407/1569/1440 1405/1567/1438 1418/1577/1448
f 1135/1374/1253 584/1365/1244 1616/1783/1654
f 1645/1814/1685 1664/1835/1704 1646/1815/1686
f 858/955/888 1643/1810/1681 1645/1814/1685
f 1670/1841/1710 1420/1579/1450 1671/1842/1711
f 1402/1563/1434 903/1004/937 1393/1556/1427
f 1647/1816/1687 1657/1828/1697 1661/1832/1701
f 1404/1566/1437 1668/1840/1709 1402/1563/1434
f 156/218/195 112/639/593 61/262/237
f 1650/1822/1693 1651/1825/1695 1648/1817/1688
f 361/430/395 1631/1800/1671 1642/1812/1683
f 1662/1833/1702 1657/1828/1697 1674/1843/1712
f 1675/1844/1713 1676/1845/1714 1670/1841/1710
f 1649/1846/1689 1664/1835/1704 1667/1839/1708
f 856/953/886 858/955/888 1645/1814/1685
f 1655/1824/1694 1659/1847/1700 882/977/910
f 1633/1802/1673 1658/1838/1707 1647/1816/1687
f 882/977/910 856/953/886 1646/1815/1686
f 1667/1839/1708 1677/1848/1715 1649/1846/1689
f 1655/1824/1694 882/977/910 1646/1815/1686
f 1407/1569/1440 1418/1577/1448 1420/1579/1450
f 863/1809/1680 858/955/888 857/954/887
f 1645/1814/1685 1643/1810/1681 1644/1811/1682
f 1678/1849/1716 1651/1825/1695 1660/1830/1699
f 1667/1839/1708 1669/1850/1717 1677/1848/1715
f 1681/1851/1718 1682/1852/1719 1678/1849/1716
f 863/1809/1680 884/979/912 903/1004/937
f 1672/1853/1720 1668/1840/1709 1673/1854/1721
f 1673/1854/1721 1668/1840/1709 1404/1566/1437
f 884/979/912 863/1809/1680 857/954/887
f 1647/1816/1687 1661/1832/1701 1633/1802/1673
f 895/994/927 890/993/926 1683/1855/1722
f 1671/1842/1711 1675/1844/1713 1670/1841/1710
f 1685/1856/1723 1684/1857/1724 1686/1858/1725
f 1680/1859/1726 1684/1857/1724 1687/1860/1727
f 1683/1855/1722 890/993/926 1682/1852/1719
f 1649/1846/1689 1648/1823/1688 1646/1815/1686
f 1646/1815/1686 1664/1835/1704 1649/1846/1689
f 1638/1807/1678 1661/1832/1701 1662/1833/1702
f 1669/1850/1717 1672/1853/1720 1684/1857/1724
f 1684/1857/1724 1672/1853/1720 1676/1845/1714
f 1672/1853/1720 1673/1854/1721 1676/1845/1714
f 1393/1556/1427 903/1004/937 514/595/550
f 903/1004/937 1663/1834/1703 863/1809/1680
f 1687/1860/1727 1684/1857/1724 1685/1856/1723
f 1419/1578/1449 1418/1577/1448 1405/1567/1438
f 1688/1861/1728 895/994/927 1683/1855/1722
f 907/1009/942 908/1008/941 1689/1862/1729
f 1420/1579/1450 1404/1566/1437 1407/1569/1440
f 1690/1863/1730 1691/1864/1731 1692/1865/1732
f 1678/1849/1716 1660/1830/1699 1681/1851/1718
f 1672/1853/1720 1663/1834/1703 1668/1840/1709
f 1663/1834/1703 1644/1811/1682 863/1809/1680
f 1683/1855/1722 1682/1852/1719 1681/1851/1718
f 1696/1866/1733 1692/1865/1732 1691/1864/1731
f 1679/1867/1734 1680/1859/1726 1698/1868/1735
f 1699/1869/1736 1700/1870/1737 1683/1855/1722
f 1691/1864/1731 1701/1871/1738 1696/1866/1733
f 1692/1865/1732 1702/1872/1739 1690/1863/1730
f 1670/1841/1710 1404/1566/1437 1420/1579/1450
f 1663/1834/1703 1672/1853/1720 1667/1839/1708
f 917/1026/949 882/977/910 1703/1873/1740
f 1404/1566/1437 1676/1845/1714 1673/1854/1721
f 1704/1874/1741 1690/1863/1730 1702/1872/1739
f 1695/1875/1742 1705/1876/1743 1706/1877/1744
f 1689/1862/1729 908/1008/941 1688/1861/1728
f 1707/1878/1745 1689/1862/1729 1688/1861/1728
f 1703/1873/1740 882/977/910 1659/1847/1700
f 1695/1875/1742 1693/1879/1746 1694/1880/1747
f 1660/1830/1699 1693/1879/1746 1681/1851/1718
f 1692/1865/1732 1688/1861/1728 1706/1877/1744
f 1688/1861/1728 1692/1865/1732 1707/1878/1745
f 1404/1566/1437 1670/1841/1710 1676/1845/1714
f 1678/1849/1716 917/1017/949 1703/1881/1740
f 1660/1830/1699 1658/1838/1707 1694/1880/1747
f 1706/1877/1744 1699/1869/1736 1697/1882/1748
f 1675/1844/1713 1686/1858/1725 1676/1845/1714
f 1684/1857/1724 1676/1845/1714 1686/1858/1725
f 1709/1883/1749 1694/1880/1747 1628/1797/1668
f 1697/1882/1748 1699/1869/1736 1681/1851/1718
f 1705/1876/1743 1695/1875/1742 1710/1884/1750
f 1659/1831/1700 1651/1825/1695 1703/1881/1740
f 1703/1881/1740 1651/1825/1695 1678/1849/1716
f 1709/1883/1749 1628/1797/1668 1711/1885/1751
f 1705/1876/1743 1692/1865/1732 1706/1877/1744
f 1707/1878/1745 1692/1865/1732 1689/1862/1729
f 1695/1875/1742 1694/1880/1747 1710/1884/1750
f 1690/1863/1730 1704/1874/1741 1691/1864/1731
f 1697/1882/1748 1681/1851/1718 1693/1879/1746
f 1692/1865/1732 1696/1866/1733 1689/1862/1729
f 1695/1875/1742 1706/1877/1744 1697/1882/1748
f 1667/1839/1708 1672/1853/1720 1669/1850/1717
f 1712/1886/1752 1704/1874/1741 1708/1887/1753
f 1712/1886/1752 1713/1888/1754 1704/1874/1741
f 924/1031/959 907/1009/942 1689/1862/1729
f 1660/1830/1699 1650/1822/1693 1658/1838/1707
f 1693/1879/1746 1660/1830/1699 1694/1880/1747
f 1628/1797/1668 1694/1880/1747 1658/1838/1707
f 1714/1889/1755 1712/1886/1752 1709/1883/1749
f 924/1031/959 1689/1862/1729 1696/1866/1733
f 1708/1887/1753 1704/1874/1741 1702/1872/1739
f 1712/1886/1752 1710/1884/1750 1709/1883/1749
f 1695/1875/1742 1697/1882/1748 1693/1879/1746
f 1701/1871/1738 924/1031/959 1696/1866/1733
f 1715/1890/1756 1704/1874/1741 1713/1888/1754
f 908/1008/941 895/994/927 1688/1861/1728
f 1712/1886/1752 1716/1891/1757 1713/1888/1754
f 1203/1356/1235 1717/1892/1758 1718/1893/1759
f 908/1008/941 891/992/925 895/994/927
f 1716/1891/1757 1712/1886/1752 1714/1889/1755
f 1694/1880/1747 1709/1883/1749 1710/1884/1750
f 1719/1894/1760 1671/1842/1711 1720/1895/1761
f 1671/1842/1711 1430/1591/1462 1720/1895/1761
f 1692/1865/1732 1705/1876/1743 1702/1872/1739
f 1702/1872/1739 1705/1876/1743 1708/1887/1753
f 1661/1832/1701 1638/1807/1678 1633/1802/1673
f 1628/1797/1668 1627/1796/1667 1711/1885/1751
f 1671/1842/1711 1420/1579/1450 1430/1591/1462
f 1720/1895/1761 1430/1591/1462 1724/1896/1762
f 1726/1897/1763 1727/1898/1764 1349/1742/1613
f 1723/1899/1765 1722/1900/1766 1728/1901/1767
f 1686/1858/1725 1675/1844/1713 1721/1902/1768
f 1658/1838/1707 1633/1802/1673 1628/1797/1668
f 1685/1856/1723 1729/1903/1769 1730/1904/1770
f 1316/1478/1352 1342/1503/1375 1314/1476/1350
f 1474/1633/1504 1442/1606/1477 1436/1605/1476
f 1732/1905/1771 1717/1892/1758 1662/1833/1702
f 1662/1833/1702 1674/1843/1712 1732/1905/1771
f 1722/1900/1766 1723/1899/1765 1729/1903/1769
f 1316/1478/1352 1343/1504/1376 1342/1503/1375
f 1621/1787/1658 1442/1606/1477 1474/1633/1504
f 1344/1505/1377 1724/1896/1762 1342/1503/1375
f 1724/1896/1762 1344/1505/1377 1734/1906/1772
f 1316/1478/1352 1315/1477/1351 1641/1907/1773
f 1710/1884/1750 1708/1887/1753 1705/1876/1743
f 1735/1908/1774 1732/1905/1771 1698/1909/1735
f 1734/1906/1772 1725/1910/1775 1724/1896/1762
f 1721/1902/1768 1722/1900/1766 1686/1858/1725
f 1708/1887/1753 1710/1884/1750 1712/1886/1752
f 1203/1356/1235 1638/1807/1678 1662/1833/1702
f 1724/1896/1762 1425/1585/1456 1342/1503/1375
f 1557/1774/1645 1474/1633/1504 1445/1608/1479
f 1557/1774/1645 1445/1608/1479 1463/1625/1496
f 1721/1902/1768 1675/1844/1713 1671/1842/1711
f 1685/1856/1723 1698/1868/1735 1687/1860/1727
f 1737/1911/1776 1344/1505/1377 1641/1907/1773
f 1621/1787/1658 1731/1912/1777 1442/1606/1477
f 1344/1505/1377 1737/1911/1776 1738/1913/1778
f 1641/1907/1773 1343/1504/1376 1316/1478/1352
f 1739/1914/1779 1740/1915/1780 1723/1899/1765
f 1732/1905/1771 1674/1843/1712 1698/1909/1735
f 1722/1900/1766 1721/1902/1768 1719/1894/1760
f 1732/1905/1771 1733/1916/1781 1718/1893/1759
f 1621/1787/1658 1625/1794/1665 1731/1912/1777
f 1641/1907/1773 1625/1794/1665 1737/1911/1776
f 1641/1907/1773 1344/1505/1377 1343/1504/1376
f 1723/1899/1765 1741/1917/1782 1742/1918/1783
f 1741/1917/1782 1723/1899/1765 1740/1915/1780
f 1730/1904/1770 1735/1919/1774 1685/1856/1723
f 1728/1901/1767 1720/1895/1761 1725/1910/1775
f 1723/1899/1765 1728/1901/1767 1725/1910/1775
f 1735/1908/1774 1733/1916/1781 1732/1905/1771
f 1203/1356/1235 1662/1833/1702 1717/1892/1758
f 1719/1894/1760 1721/1902/1768 1671/1842/1711
f 1736/1920/1784 1735/1908/1774 1730/1921/1770
f 1474/1633/1504 1557/1774/1645 1621/1787/1658
f 1719/1894/1760 1720/1895/1761 1722/1900/1766
f 1735/1908/1774 1736/1920/1784 1733/1916/1781
f 1722/1900/1766 1720/1895/1761 1728/1901/1767
f 1698/1868/1735 1685/1856/1723 1735/1919/1774
f 1627/1796/1667 1629/1798/1669 1743/1922/1785
f 1685/1856/1723 1686/1858/1725 1722/1900/1766
f 1732/1905/1771 1718/1893/1759 1717/1892/1758
f 1640/1923/1786 1641/1907/1773 1731/1912/1777
f 1731/1912/1777 1625/1794/1665 1640/1923/1786
f 1629/1798/1669 1638/1807/1678 1635/1355/1234
f 1315/1477/1351 1731/1912/1777 1641/1907/1773
f 1685/1856/1723 1722/1900/1766 1729/1903/1769
f 1641/1907/1773 1640/1923/1786 1625/1794/1665
f 1734/1906/1772 1739/1914/1779 1725/1910/1775
f 1315/1477/1351 1442/1606/1477 1731/1912/1777
f 1742/1918/1783 1729/1903/1769 1723/1899/1765
f 1724/1896/1762 1430/1591/1462 1425/1585/1456
f 1743/1922/1785 1629/1798/1669 1635/1355/1234
f 1720/1895/1761 1724/1896/1762 1725/1910/1775
f 1635/1355/1234 1744/1924/1787 1636/1925/1788
f 1742/1918/1783 1730/1904/1770 1729/1903/1769
f 1736/1920/1784 1730/1921/1770 1742/1926/1783
f 362/431/396 1745/1927/1789 1639/1808/1679
f 1746/1928/1790 1560/1722/1593 1737/1911/1776
f 1723/1899/1765 1725/1910/1775 1739/1914/1779
f 1625/1794/1665 1746/1928/1790 1737/1911/1776
f 1577/1745/1616 1746/1928/1790 1625/1794/1665
f 1560/1722/1593 1746/1928/1790 1577/1745/1616
f 1747/1929/1791 1711/1885/1751 1627/1796/1667
f 1733/1916/1781 1203/1356/1235 1718/1893/1759
f 343/414/379 362/431/396 1639/1808/1679
f 1733/1916/1781 1202/1354/1233 1203/1356/1235
f 1627/1796/1667 1743/1922/1785 1747/1929/1791
f 1714/1889/1755 1711/1885/1751 1747/1929/1791
f 1550/1711/1582 1549/1714/1585 1548/1719/1590
f 1750/1930/1792 1742/1926/1783 1749/1931/1793
f 1734/1906/1772 1344/1505/1377 1738/1913/1778
f 1560/1722/1593 1738/1913/1778 1737/1911/1776
f 1739/1914/1779 1734/1906/1772 1738/1913/1778
f 1577/1745/1616 1625/1794/1665 1578/1746/1617
f 1636/1925/1788 1743/1922/1785 1635/1355/1234
f 1752/1932/1794 1665/1836/1705 1653/1820/1691
f 1714/1889/1755 1747/1929/1791 1748/1933/1795
f 1751/1934/1796 1636/1925/1788 1744/1924/1787
f 1665/1836/1705 1752/1932/1794 1744/1924/1787
f 1541/1703/1574 1366/1529/1400 1530/1688/1559
f 1748/1933/1795 1753/1935/1797 1714/1889/1755
f 1754/1936/1798 1755/1937/1799 1202/1354/1233
f 1739/1914/1779 1738/1913/1778 1756/1938/1800
f 1743/1922/1785 1751/1934/1796 1748/1933/1795
f 1756/1938/1800 1740/1915/1780 1739/1914/1779
f 1752/1932/1794 1653/1820/1691 1757/1939/1801
f 1758/1940/1802 1754/1936/1798 1750/1930/1792
f 1633/1802/1673 1638/1807/1678 1629/1798/1669
f 1760/1941/1803 1755/1937/1799 1759/1942/1804
f 1747/1929/1791 1743/1922/1785 1748/1933/1795
f 1757/1939/1801 1653/1820/1691 1761/1943/1805
f 1652/1819/1690 1761/1943/1805 1653/1820/1691
f 1762/1944/1806 1763/1945/1807 624/706/654
f 1665/1836/1705 1744/1924/1787 1635/1355/1234
f 1743/1922/1785 1636/1925/1788 1751/1934/1796
f 1709/1883/1749 1711/1885/1751 1714/1889/1755
f 1763/1945/1807 1749/1946/1793 1741/1917/1782
f 1758/1940/1802 1759/1942/1804 1754/1936/1798
f 1733/1916/1781 1736/1920/1784 1202/1354/1233
f 1750/1930/1792 1736/1920/1784 1742/1926/1783
f 1665/1836/1705 1635/1355/1234 1666/1837/1706
f 1202/1354/1233 1736/1920/1784 1750/1930/1792
f 624/706/654 389/707/655 1762/1944/1806
f 1766/1947/1808 1753/1935/1797 1748/1933/1795
f 624/706/654 1741/1917/1782 1740/1915/1780
f 117/1948/1809 1758/1940/1802 1763/1949/1807
f 1569/1734/1605 1552/1709/1580 1553/1710/1581
f 1769/1950/1810 1740/1915/1780 1756/1938/1800
f 1549/1714/1585 1552/1709/1580 1569/1734/1605
f 1762/1951/1806 117/1948/1809 1763/1949/1807
f 1767/1952/1811 389/707/655 1768/1953/1812
f 1771/1954/1813 1760/1941/1803 1759/1942/1804
f 1749/1931/1793 1758/1940/1802 1750/1930/1792
f 1609/1791/1662 1604/1773/1644 1558/1720/1591
f 1756/1938/1800 1765/1955/1814 1769/1950/1810
f 1763/1945/1807 1741/1917/1782 624/706/654
f 324/394/359 1765/1955/1814 1772/1956/1815
f 1751/1934/1796 1752/1932/1794 1748/1933/1795
f 1772/1956/1815 1765/1955/1814 1756/1938/1800
f 1744/1924/1787 1752/1932/1794 1751/1934/1796
f 1570/1735/1606 1569/1734/1605 1553/1710/1581
f 1202/1354/1233 1750/1930/1792 1754/1936/1798
f 1756/1938/1800 1738/1913/1778 1772/1956/1815
f 1759/1942/1804 1758/1940/1802 1771/1954/1813
f 1561/1723/1594 1772/1956/1815 1738/1913/1778
f 1553/1710/1581 1554/1717/1588 1570/1735/1606
f 152/211/188 363/433/397 324/394/359
f 1604/1773/1644 1555/1718/1589 1558/1720/1591
f 1748/1933/1795 1752/1932/1794 1757/1939/1801
f 1773/1957/1816 117/1948/1809 1767/1958/1811
f 1635/1355/1234 1755/1937/1799 1666/1837/1706
f 1202/1354/1233 1755/1937/1799 1635/1355/1234
f 1353/1511/1383 1463/1625/1496 1590/1756/1627
f 1539/1702/1573 1547/1715/1586 1548/1719/1590
f 389/707/655 160/221/198 1768/1953/1812
f 1774/1959/1817 363/433/397 152/211/188
f 1742/1918/1783 1741/1917/1782 1749/1946/1793
f 1740/1915/1780 1769/1950/1810 624/706/654
f 1763/1949/1807 1758/1940/1802 1749/1931/1793
f 1463/1625/1496 1353/1511/1383 1557/1774/1645
f 1539/1702/1573 1548/1719/1590 1556/1728/1599
f 1545/1729/1600 1353/1511/1383 1590/1756/1627
f 364/434/398 624/706/654 1765/1955/1814
f 1775/1960/1818 1776/1961/1819 1701/1871/1738
f 1765/1955/1814 624/706/654 1769/1950/1810
f 1666/1837/1706 1755/1937/1799 1760/1941/1803
f 1777/1962/1820 1704/1874/1741 1715/1890/1756
f 152/211/188 788/1395/1273 1774/1959/1817
f 151/210/187 788/1395/1273 152/211/188
f 1764/1963/1821 1760/1941/1803 1771/1954/1813
f 1778/1964/1822 1779/1965/1823 1776/1961/1819
f 389/707/655 364/434/398 160/221/198
f 1780/1966/1824 1574/1739/1610 232/290/264
f 1653/1820/1691 1666/1837/1706 1760/1941/1803
f 306/370/337 507/1364/1243 401/476/439
f 324/394/359 364/434/398 1765/1955/1814
f 1759/1942/1804 1755/1937/1799 1754/1936/1798
f 1530/1688/1559 1533/1693/1564 1555/1718/1589
f 1561/1723/1594 324/394/359 1772/1956/1815
f 363/433/397 160/221/198 364/434/398
f 924/1031/959 1701/1871/1738 999/1110/1030
f 1626/1795/1666 1329/1492/1365 1251/1411/1289
f 1738/1913/1778 1560/1722/1593 1561/1723/1594
f 1505/1666/1537 1497/1661/1532 1484/1646/1517
f 1781/1967/1825 1782/1968/1826 1779/1965/1823
f 117/1948/1809 116/1969/1827 1758/1940/1802
f 1031/1148/1060 1783/1970/1828 853/1153/883
f 1777/1962/1820 1781/1967/1825 1778/1964/1822
f 1653/1820/1691 1760/1941/1803 1654/1821/1692
f 1784/1971/1829 1808/1972/1830 617/699/647
f 324/394/359 1561/1723/1594 153/212/189
f 1758/1940/1802 116/1969/1827 1771/1954/1813
f 1389/1973/1422 1381/1540/1411 1361/1520/1392
f 1785/1974/1831 1715/1890/1756 1786/1975/1832
f 1530/1688/1559 1381/1540/1411 1389/1973/1422
f 1789/1976/1833 1785/1974/1831 1786/1975/1832
f 1487/1649/1520 1497/1661/1532 1505/1666/1537
f 617/699/647 1790/1977/1834 609/692/640
f 1389/1973/1422 1534/1694/1565 1530/1688/1559
f 1626/1795/1666 1791/1978/1835 1329/1492/1365
f 1790/1977/1834 1792/1979/1836 609/692/640
f 1793/1980/1837 1389/1551/1422 1351/1526/1397
f 207/294/267 1637/1806/1677 284/346/315
f 1505/1666/1537 1495/1655/1526 1487/1649/1520
f 854/951/884 853/950/883 1783/1981/1828
f 609/692/640 1792/1979/1836 1795/1982/1838
f 1782/1968/1826 1781/1967/1825 1785/1974/1831
f 1793/1980/1837 1534/1983/1565 1389/1551/1422
f 161/222/199 160/221/198 363/433/397
f 1797/1984/1839 1783/1985/1828 1788/1986/1840
f 161/222/199 363/433/397 1774/1959/1817
f 1789/1976/1833 1794/1987/1841 1798/1988/1842
f 1792/1979/1836 1790/1977/1834 1799/1989/1843
f 1025/1141/1054 1026/1144/1057 1795/1982/1838
f 1789/1976/1833 1798/1988/1842 1785/1974/1831
f 1775/1960/1818 1701/1871/1738 1691/1864/1731
f 1715/1890/1756 1785/1974/1831 1781/1967/1825
f 1774/1959/1817 789/1386/1264 161/222/199
f 1364/1524/1395 1381/1540/1411 1530/1688/1559
f 1809/1990/1844 1800/1991/1845 1801/1992/1846
f 1783/1985/1828 1797/1984/1839 854/1993/884
f 1776/1961/1819 1779/1965/1823 999/1110/1030
f 1067/1201/1100 1803/1994/1847 1804/1995/1848
f 1025/1141/1054 1795/1982/1838 1803/1994/1847
f 1779/1965/1823 1787/1996/1849 999/1110/1030
f 1026/1144/1057 610/693/641 1795/1982/1838
f 1801/1992/1846 1798/1988/1842 1794/1987/1841
f 1803/1994/1847 1044/1168/1075 1025/1141/1054
f 1787/1996/1849 1779/1965/1823 1782/1968/1826
f 1805/1997/1850 1806/1998/1851 1792/1979/1836
f 1691/1864/1731 1777/1962/1820 1775/1960/1818
f 1803/1994/1847 1796/1999/1852 1804/1995/1848
f 1031/1148/1060 1022/1137/1051 1008/1122/1039
f 788/1395/1273 789/1386/1264 1774/1959/1817
f 1778/1964/1822 1776/1961/1819 1777/1962/1820
f 1787/1996/1849 1000/1111/1031 999/1110/1030
f 1807/2000/1853 1008/1122/1039 1000/1121/1031
f 1701/1871/1738 1776/1961/1819 999/1110/1030
f 1796/1999/1852 1795/1982/1838 1792/1979/1836
f 1787/1996/1849 1782/1968/1826 1785/1974/1831
f 1805/1997/1850 1792/1979/1836 1799/1989/1843
f 1776/1961/1819 1775/1960/1818 1777/1962/1820
f 1781/1967/1825 1779/1965/1823 1778/1964/1822
f 1008/1122/1039 1807/2000/1853 1031/1148/1060
f 854/951/884 1784/1971/1829 617/699/647
f 1790/1977/1834 617/699/647 1808/1972/1830
f 854/951/884 617/699/647 620/701/649
f 1798/1988/1842 1787/1996/1849 1785/1974/1831
f 1788/1986/1840 1800/1991/1845 1797/1984/1839
f 1810/2001/1854 1808/1972/1830 1784/1971/1829
f 1715/1890/1756 1781/1967/1825 1777/1962/1820
f 1809/2002/1844 1802/2003/1855 1805/1997/1850
f 1800/1991/1845 854/1993/884 1797/1984/1839
f 1777/1962/1820 1691/1864/1731 1704/1874/1741
f 1787/1996/1849 1788/1986/1840 1000/1111/1031
f 1802/2004/1855 1801/1992/1846 1576/1741/1612
f 1810/2001/1854 1784/1971/1829 1800/2005/1845
f 1811/2006/1856 1726/1897/1763 1812/2007/1857
f 1783/1985/1828 1000/1111/1031 1788/1986/1840
f 1788/1986/1840 1798/1988/1842 1800/1991/1845
f 1783/1970/1828 1807/2000/1853 1000/1121/1031
f 1031/1148/1060 1807/2000/1853 1783/1970/1828
f 1788/1986/1840 1787/1996/1849 1798/1988/1842
f 1810/2001/1854 1800/2005/1845 1809/2002/1844
f 1800/2005/1845 1784/1971/1829 854/951/884
f 1803/1994/1847 1067/1201/1100 1044/1168/1075
f 1811/2006/1856 1716/1891/1757 1813/2008/1858
f 1810/2001/1854 1805/1997/1850 1808/1972/1830
f 1815/2009/1859 1576/1741/1612 1812/2007/1857
f 1795/1982/1838 610/693/641 609/692/640
f 1809/2002/1844 1805/1997/1850 1810/2001/1854
f 1811/2006/1856 1813/2008/1858 1726/1897/1763
f 1799/1989/1843 1808/1972/1830 1805/1997/1850
f 1790/1977/1834 1808/1972/1830 1799/1989/1843
f 1471/1630/1501 1461/1623/1494 1460/1622/1493
f 1727/1898/1764 1813/2008/1858 1816/2010/1860
f 1812/2007/1857 1786/1975/1832 1811/2006/1856
f 1803/1994/1847 1795/1982/1838 1796/1999/1852
f 1801/1992/1846 1800/1991/1845 1798/1988/1842
f 1473/1632/1503 1458/1620/1491 1490/1654/1525
f 1814/2011/1861 1817/2012/1862 1813/2008/1858
f 1815/2009/1859 1812/2007/1857 1726/1897/1763
f 1789/1976/1833 1786/1975/1832 1812/2007/1857
f 1817/2012/1862 1816/2010/1860 1813/2008/1858
f 1818/2013/1863 1796/1999/1852 1792/1979/1836
f 1350/2014/1614 1819/2015/1864 1820/2016/1865
f 1821/2017/1866 1806/1998/1851 1802/2003/1855
f 1820/2016/1865 1821/2017/1866 1802/2003/1855
f 1726/1897/1763 1813/2008/1858 1727/1898/1764
f 1821/2017/1866 1822/2018/1867 1823/2019/1868
f 1792/1979/1836 1824/2020/1869 1818/2013/1863
f 1825/2021/1870 1819/2022/1864 1826/2023/1871
f 1805/1997/1850 1802/2003/1855 1806/1998/1851
f 1804/1995/1848 1796/1999/1852 1828/2024/1872
f 1819/2015/1864 1821/2017/1866 1820/2016/1865
f 1350/1743/1614 1826/2023/1871 1819/2022/1864
f 1818/2013/1863 1828/2024/1872 1796/1999/1852
f 1815/2009/1859 1726/1897/1763 1576/1741/1612
f 1727/1898/1764 1816/2010/1860 1349/1742/1613
f 1726/1897/1763 1349/1742/1613 1576/1741/1612
f 1716/1891/1757 1811/2006/1856 1713/1888/1754
f 1715/1890/1756 1713/1888/1754 1811/2006/1856
f 1786/1975/1832 1715/1890/1756 1811/2006/1856
f 1802/2004/1855 1576/1741/1612 1827/2025/1873
f 1825/2026/1870 1831/2027/1874 1832/2028/1875
f 1806/1998/1851 1823/2019/1868 1792/1979/1836
f 1792/1979/1836 1823/2019/1868 1824/2020/1869
f 1830/2029/1876 1829/2030/1877 1818/2013/1863
f 1833/2031/1878 1830/2029/1876 1818/2013/1863
f 1716/1891/1757 1770/2032/1879 1814/2011/1861
f 1770/2032/1879 1716/1891/1757 1714/1889/1755
f 1350/1743/1614 1827/2025/1873 1576/1741/1612
f 1821/2017/1866 1819/2015/1864 1822/2018/1867
f 1349/1742/1613 1826/2023/1871 1350/1743/1614
f 1827/2025/1873 1820/2033/1865 1802/2004/1855
f 1822/2018/1867 1833/2031/1878 1818/2013/1863
f 1214/2034/1880 1837/2035/1881 1208/1409/1287
f 1832/2028/1875 1838/2036/1882 1834/2037/1883
f 1832/2028/1875 1822/2018/1867 1819/2015/1864
f 1794/1987/1841 1789/1976/1833 1812/2007/1857
f 1813/2008/1858 1716/1891/1757 1814/2011/1861
f 1833/2031/1878 1829/2030/1877 1830/2029/1876
f 1576/1741/1612 1794/1987/1841 1812/2007/1857
f 1825/2026/1870 1832/2028/1875 1819/2015/1864
f 1832/2028/1875 1831/2027/1874 1838/2036/1882
f 1833/2031/1878 1840/2038/1884 1829/2030/1877
f 1827/2025/1873 1350/1743/1614 1820/2033/1865
f 1490/1654/1525 1451/1614/1485 1488/1650/1521
f 1841/2039/1885 1835/2040/1886 1839/2041/1887
f 1840/2038/1884 1839/2041/1887 1835/2040/1886
f 1833/2031/1878 1822/2018/1867 1834/2037/1883
f 1451/1614/1485 1467/1634/1505 1488/1650/1521
f 1794/1987/1841 1576/1741/1612 1801/1992/1846
f 1818/2013/1863 1824/2020/1869 1822/2018/1867
f 1821/2017/1866 1823/2019/1868 1806/1998/1851
f 1443/1607/1478 573/653/607 581/661/615
f 1373/1545/1416 493/573/528 467/579/534
f 1294/1456/1331 579/660/614 386/464/427
f 581/661/615 579/660/614 1294/1456/1331
f 1067/1201/1100 1804/1995/1848 1828/2024/1872
f 1034/1152/1064 1058/1189/1089 1844/2042/1888
f 1846/2043/1889 1842/2044/1890 94/2045/1891
f 1837/2035/1881 1845/2046/1892 1841/2039/1885
f 1844/2042/1888 1845/2046/1892 1837/2035/1881
f 1843/2047/1893 1844/2042/1888 1837/2035/1881
f 1847/2048/1894 1844/2042/1888 1848/2049/1895
f 1822/2018/1867 1832/2028/1875 1834/2037/1883
f 1034/1152/1064 1844/2042/1888 94/2045/1891
f 1849/2050/1896 1049/1173/1078 1040/1199/1098
f 1468/1629/1500 1489/1651/1522 1462/1624/1495
f 1834/2037/1883 1249/1408/1286 1833/2031/1878
f 1847/2048/1894 1846/2043/1889 1844/2042/1888
f 1834/2037/1883 1243/1401/1279 1249/1408/1286
f 1039/1172/1077 1040/1199/1098 1049/1173/1078
f 1261/1422/1300 1453/1635/1506 1462/1624/1495
f 1841/2039/1885 1839/2041/1887 1840/2038/1884
f 1214/2034/1880 1843/2047/1893 1837/2035/1881
f 1058/1189/1089 1073/1209/1106 1845/2046/1892
f 1674/1843/1712 1679/2051/1734 1698/1909/1735
f 1680/1859/1726 1687/1860/1727 1698/1868/1735
f 1468/1629/1500 1462/1624/1495 1453/1635/1506
f 1669/1850/1717 1684/1857/1724 1677/1848/1715
f 1468/1629/1500 1453/1635/1506 1467/1634/1505
f 1263/1424/1302 1453/1635/1506 1261/1422/1300
f 1840/2038/1884 1833/2031/1878 1837/2035/1881
f 1846/2043/1889 1850/2052/1897 1842/2044/1890
f 1264/1425/1303 1453/1635/1506 1263/1424/1302
f 1844/2042/1888 1843/2047/1893 1848/2049/1895
f 1249/1408/1286 1208/1409/1287 1837/2035/1881
f 1657/1828/1697 1656/1827/1696 1674/1843/1712
f 1656/2053/1696 1649/1846/1689 1677/1848/1715
f 1674/1843/1712 1656/1827/1696 1679/2051/1734
f 1829/2030/1877 1836/2054/1898 1066/1198/1097
f 1836/2054/1898 1849/2050/1896 1066/1198/1097
f 1791/1978/1835 1851/2055/1899 1842/2044/1890
f 1850/2052/1897 1791/1978/1835 1842/2044/1890
f 587/667/621 1441/1604/1475 575/655/609
f 1770/2032/1879 1714/1889/1755 1753/1935/1797
f 1770/2032/1879 1753/1935/1797 1852/2056/1900
f 1835/2040/1886 1849/2050/1896 1836/2054/1898
f 1835/2040/1886 1049/1173/1078 1849/2050/1896
f 1845/2046/1892 1844/2042/1888 1058/1189/1089
f 1677/1848/1715 1680/1859/1726 1679/1867/1734
f 564/641/595 585/665/619 587/667/621
f 1440/1603/1474 587/667/621 585/665/619
f 1853/2057/1901 1841/2039/1885 1073/1209/1106
f 1679/1867/1734 1656/2053/1696 1677/1848/1715
f 1770/2032/1879 1852/2056/1900 1814/2011/1861
f 1841/2039/1885 1853/2057/1901 1835/2040/1886
f 1837/2035/1881 1841/2039/1885 1840/2038/1884
f 1846/2043/1889 94/2045/1891 1844/2042/1888
f 1836/2054/1898 1840/2038/1884 1835/2040/1886
f 1845/2046/1892 1073/1209/1106 1841/2039/1885
f 1073/1209/1106 1058/1189/1089 1053/1179/1082
f 1677/1848/1715 1684/1857/1724 1680/1859/1726
f 1837/2035/1881 1833/2031/1878 1249/1408/1286
f 1048/1174/1079 1049/1173/1078 1073/1209/1106
f 1817/2012/1862 1814/2011/1861 1852/2056/1900
f 1652/1819/1690 1854/2058/1902 1761/1943/1805
f 1854/2058/1902 1856/2059/1903 1761/1943/1805
f 1852/2056/1900 1766/1947/1808 1855/2060/1904
f 1859/2061/1905 1860/2062/1906 1861/2063/1907
f 1766/1947/1808 1858/2064/1908 1855/2060/1904
f 1066/1198/1097 1828/2024/1872 1818/2013/1863
f 1825/2021/1870 1862/2065/1909 1831/2066/1874
f 1766/1947/1808 1748/1933/1795 1757/1939/1801
f 1066/1198/1097 1818/2013/1863 1829/2030/1877
f 1829/2030/1877 1840/2038/1884 1836/2054/1898
f 1853/2057/1901 1049/1173/1078 1835/2040/1886
f 1073/1209/1106 1049/1173/1078 1853/2057/1901
f 1858/2064/1908 1766/1947/1808 1757/1939/1801
f 1817/2012/1862 1852/2056/1900 1855/2060/1904
f 1859/2061/1905 1861/2063/1907 1863/2067/1910
f 1862/2065/1909 1345/2068/1378 1831/2066/1874
f 1757/1939/1801 1761/1943/1805 1858/2064/1908
f 1699/1869/1736 1683/1855/1722 1681/1851/1718
f 1855/2060/1904 1861/2063/1907 1860/2062/1906
f 1816/2010/1860 1860/2062/1906 1826/2023/1871
f 1858/2064/1908 1761/1943/1805 1856/2059/1903
f 1816/2010/1860 1826/2023/1871 1349/1742/1613
f 1858/2064/1908 1856/2059/1903 1864/2069/1911
f 1865/2070/1912 1866/2071/1913 1244/2072/1280
f 1345/1506/1378 1838/2036/1882 1831/2027/1874
f 1766/1947/1808 1852/2056/1900 1753/1935/1797
f 1855/2060/1904 1860/2062/1906 1817/2012/1862
f 1816/2010/1860 1817/2012/1862 1860/2062/1906
f 1861/2063/1907 1855/2060/1904 1863/2067/1910
f 1706/1877/1744 1688/1861/1728 1699/1869/1736
f 1652/1819/1690 1654/1821/1692 1854/2058/1902
f 1867/2073/1914 1859/2061/1905 1862/2065/1909
f 1860/2062/1906 1859/2061/1905 1826/2023/1871
f 1855/2060/1904 1858/2064/1908 1863/2067/1910
f 1864/2069/1911 1857/2074/1915 1866/2071/1913
f 1859/2061/1905 1865/2070/1912 1862/2065/1909
f 1859/2061/1905 1863/2067/1910 1865/2070/1912
f 1700/1870/1737 1688/1861/1728 1683/1855/1722
f 1864/2069/1911 1863/2067/1910 1858/2064/1908
f 1688/1861/1728 1700/1870/1737 1699/1869/1736
f 1217/1372/1251 1868/2075/1916 1220/2076/1917
f 1208/1409/1287 1220/2076/1917 1848/2049/1895
f 1208/1409/1287 1848/2049/1895 1214/2034/1880
f 1867/2073/1914 1825/2021/1870 1826/2023/1871
f 1678/1849/1716 916/1015/948 917/1017/949
f 1244/1402/1280 1218/1373/1252 1241/1400/1278
f 1682/1852/1719 916/1015/948 1678/1849/1716
f 1864/2069/1911 1865/2070/1912 1863/2067/1910
f 1866/2071/1913 1218/2077/1252 1244/2072/1280
f 1682/1852/1719 890/993/926 916/1015/948
f 1869/2078/1918 1866/2071/1913 1857/2074/1915
f 1857/2074/1915 1856/2059/1903 1870/2079/1919
f 1847/2048/1894 1871/2080/1920 1846/2043/1889
f 1869/2078/1918 1857/2074/1915 1870/2079/1919
f 98/168/145 1329/1492/1365 1791/1978/1835
f 97/167/144 1329/1492/1365 98/168/145
f 1345/2068/1378 1862/2065/1909 1865/2070/1912
f 1857/2074/1915 1864/2069/1911 1856/2059/1903
f 1241/1400/1278 1218/1373/1252 1217/1372/1251
f 1865/2070/1912 1864/2069/1911 1866/2071/1913
f 1148/1299/1183 1329/1492/1365 97/167/144 740/839/776
f 1826/2023/1871 1859/2061/1905 1867/2073/1914
f 1217/1372/1251 1220/2076/1917 1241/1400/1278
f 1771/1954/1813 116/1969/1827 1872/2081/1921
f 1345/2068/1378 1865/2070/1912 1244/2072/1280
f 1208/1409/1287 1241/1400/1278 1220/2076/1917
f 1867/2073/1914 1862/2065/1909 1825/2021/1870
f 1871/2080/1920 1873/2082/1922 1874/2083/1923
f 1848/2049/1895 1220/2076/1917 1221/2084/1924
f 1345/1506/1378 1243/1401/1279 1838/2036/1882
f 1654/1821/1692 1875/2085/1925 1854/2058/1902
f 1848/2049/1895 1873/2082/1922 1847/2048/1894
f 1846/2043/1889 1871/2080/1920 1850/2052/1897
f 238/432/276 161/222/199 789/1386/1264
f 1848/2049/1895 1843/2047/1893 1214/2034/1880
f 107/179/156 1876/2086/1926 98/168/145
f 1877/2087/1927 1850/2052/1897 1871/2080/1920
f 1875/2085/1925 1654/1821/1692 1760/1941/1803
f 1866/2071/1913 1869/2078/1918 1218/2077/1252
f 1838/2036/1882 1243/1401/1279 1834/2037/1883
f 1221/2084/1924 1873/2082/1922 1848/2049/1895
f 116/1969/1827 117/1948/1809 1773/1957/1816
f 107/179/156 330/2088/1928 1876/2086/1926
f 1768/2089/1812 1773/1957/1816 1767/1958/1811
f 162/223/200 161/222/199 238/432/276
f 1872/2081/1921 116/1969/1827 1878/2090/1929
f 1768/2089/1812 1879/2091/1930 1773/1957/1816
f 1791/1978/1835 1850/2052/1897 1874/2083/1923
f 1850/2052/1897 1877/2087/1927 1874/2083/1923
f 160/221/198 1879/2092/1930 1768/1953/1812
f 1869/2078/1918 1870/2079/1919 1216/2093/1250
f 1856/2059/1903 1854/2058/1902 1875/2085/1925
f 116/1969/1827 330/2094/1928 1878/2090/1929
f 1875/2085/1925 1760/1941/1803 1764/1963/1821
f 162/223/200 1879/2092/1930 160/221/198
f 1218/2077/1252 1869/2078/1918 1216/2093/1250
f 1881/2095/1931 1880/2096/1932 107/179/156
f 238/432/276 789/1386/1264 325/395/360
f 1870/2079/1919 1872/2081/1921 1216/2093/1250
f 1879/2097/1930 162/2098/200 98/168/145
f 1791/1978/1835 1874/2083/1923 108/180/157
f 1847/2048/1894 1873/2082/1922 1871/2080/1920
f 97/167/144 96/166/143 741/840/777
f 96/166/143 98/168/145 162/2098/200
f 330/2094/1928 1868/2099/1916 1878/2090/1929
f 1880/2096/1932 1873/2082/1922 1221/2084/1924
f 1872/2081/1921 1764/1963/1821 1771/1954/1813
f 1066/1198/1097 1067/1201/1100 1828/2024/1872
f 1882/2100/1933 1221/2084/1924 1220/2076/1917
f 107/179/156 108/180/157 1874/2083/1923
f 1880/2096/1932 1221/2084/1924 1882/2100/1933
f 1883/2101/1934 272/333/303 1585/1752/1623
f 1874/2083/1923 1881/2095/1931 107/179/156
f 96/166/143 162/2098/200 238/304/276
f 1875/2085/1925 1870/2079/1919 1856/2059/1903
f 1217/1372/1251 1216/1371/1250 1868/2075/1916
f 1791/1978/1835 108/180/157 98/168/145
f 1884/2102/1935 1883/2101/1934 332/416/381
f 1875/2085/1925 1764/1963/1821 1872/2081/1921
f 1871/2080/1920 1874/2083/1923 1877/2087/1927
f 330/2094/1928 116/1969/1827 1773/1957/1816
f 1880/2096/1932 1881/2095/1931 1873/2082/1922
f 238/304/276 208/379/346 96/166/143
f 1873/2082/1922 1881/2095/1931 1874/2083/1923
f 1872/2081/1921 1870/2079/1919 1875/2085/1925
f 1882/2100/1933 1220/2076/1917 1868/2075/1916
f 96/166/143 208/379/346 741/840/777
f 1885/2103/1936 88/174/151 1589/1757/1628
f 94/2045/1891 93/330/300 1034/1152/1064
f 1876/2086/1926 1879/2097/1930 98/168/145
f 369/2104/1937 105/175/152 1885/2103/1936
f 1168/1324/1206 1176/1326/1208 1886/2105/1938
f 1876/2106/1926 1773/1957/1816 1879/2091/1930
f 272/333/303 1884/2102/1935 1887/2107/1939
f 139/347/316 1347/1508/1380 283/345/314
f 1876/2106/1926 330/2094/1928 1773/1957/1816
f 232/290/264 1574/1739/1610 154/1740/1611
f 1872/2081/1921 1878/2090/1929 1216/2093/1250
f 1216/2093/1250 1878/2090/1929 1868/2099/1916
f 1780/1966/1824 88/174/151 89/176/153
f 105/175/152 88/174/151 1885/2103/1936
f 272/333/303 1887/2107/1939 271/242/219
f 1040/1199/1098 1066/1198/1097 1849/2050/1896
f 1034/1152/1064 201/332/302 1032/1150/1062
f 369/2104/1937 1886/2105/1938 1176/1326/1208
f 1880/2096/1932 1882/2100/1933 107/179/156
f 1885/2103/1936 1886/2105/1938 369/2104/1937
f 1851/2055/1899 1626/1795/1666 1888/2108/1940
f 1198/1350/1229 1168/1324/1206 1886/2105/1938
f 330/2088/1928 1882/2100/1933 1868/2075/1916
f 1190/1348/1227 332/416/381 1585/1752/1623
f 107/179/156 1882/2100/1933 330/2088/1928
f 344/417/382 201/332/302 163/331/301
f 154/1740/1611 260/391/356 232/290/264
f 283/345/314 1181/1330/1211 235/295/268
f 317/413/378 136/392/357 318/1829/1698
f 93/330/300 1842/2044/1890 163/331/301
f 1190/1348/1227 344/417/382 332/416/381
f 1585/1752/1623 332/416/381 1883/2101/1934
f 1162/1325/1207 1585/1752/1623 369/2104/1937
f 117/1948/1809 1762/1951/1806 1767/1958/1811
f 369/2104/1937 1585/1752/1623 272/333/303
f 136/392/357 317/413/378 219/393/358
f 1884/2102/1935 332/416/381 1887/2107/1939
f 272/333/303 1883/2101/1934 1884/2102/1935
f 235/295/268 207/294/267 283/345/314
f 1619/2109/1941 137/1813/1684 136/392/357
f 783/889/823 89/176/153 271/242/219
f 783/889/823 1780/1966/1824 89/176/153
f 163/331/301 1888/2108/1940 164/415/380
f 159/220/197 323/390/355 326/670/622
f 1198/1350/1229 1200/1353/1232 1193/1347/1226
f 130/215/192 62/217/194 158/287/261
f 1156/1307/1189 1347/1508/1380 1158/1309/1191
f 232/290/264 1589/1757/1628 88/174/151
f 231/289/263 280/342/311 1589/1757/1628
f 1156/1307/1189 1181/1330/1211 1347/1508/1380
f 1619/2109/1941 112/639/593 137/1813/1684
f 1851/2055/1899 1791/1978/1835 1626/1795/1666
f 336/406/371 1619/2109/1941 154/1740/1611
f 201/332/302 1034/1152/1064 93/330/300
f 159/220/197 61/262/237 323/390/355
f 1619/2109/1941 505/585/540 112/639/593
f 88/174/151 1780/1966/1824 232/290/264
f 1780/1966/1824 783/889/823 750/848/785
f 280/342/311 1194/1357/1236 1192/1346/1225
f 1780/1966/1824 750/848/785 1574/1739/1610
f 1887/2107/1939 332/416/381 164/415/380
f 1200/1353/1232 280/342/311 1192/1346/1225
f 1589/1757/1628 280/342/311 1200/1353/1232
f 1842/2044/1890 93/330/300 94/2045/1891
f 271/242/219 1887/2107/1939 1616/1783/1654
f 123/441/405 122/209/186 306/370/337
f 1626/1795/1666 1250/1410/1288 1630/1799/1670
f 369/2104/1937 272/333/303 105/175/152
f 163/331/301 1851/2055/1899 1888/2108/1940
f 344/417/382 163/331/301 164/415/380
f 1885/2103/1936 1200/1353/1232 1198/1350/1229
f 1886/2105/1938 1885/2103/1936 1198/1350/1229
f 1887/2107/1939 164/415/380 1630/1799/1670
f 267/327/297 1637/1806/1677 207/294/267
f 1630/1799/1670 1616/1783/1654 1887/2107/1939
f 163/331/301 1842/2044/1890 1851/2055/1899
f 283/345/314 1347/1508/1380 1181/1330/1211
f 1159/1340/1219 1585/1752/1623 1160/1341/1220
f 1889/2110/1942 1229/1509/1381 1347/1508/1380
f 1885/2103/1936 1589/1757/1628 1200/1353/1232
f 1585/1752/1623 1162/1325/1207 1160/1341/1220
f 1888/2108/1940 1630/1799/1670 164/415/380
f 1888/2108/1940 1626/1795/1666 1630/1799/1670
f 139/347/316 3710/2111/1943 1347/1508/1380
f 1176/1326/1208 1162/1325/1207 369/2104/1937
f 233/291/265 260/391/356 1397/1560/1431
f 267/327/297 280/342/311 231/289/263
f 271/242/219 1616/1783/1654 584/1365/1244
f 231/289/263 233/291/265 267/327/297
f 129/401/366 130/215/192 115/186/163
f 1890/2112/1944 3710/2111/1943 139/347/316
f 62/217/194 323/390/355 61/262/237
f 1823/2019/1868 1822/2018/1867 1824/2020/1869
f 260/391/356 1527/1804/1675 1397/1560/1431
f 154/1740/1611 1619/2109/1941 136/392/357
f 137/1813/1684 318/1829/1698 136/392/357
f 1619/2109/1941 336/406/371 505/585/540
f 389/707/655 1767/1952/1811 1762/1944/1806
f 1639/1808/1679 1890/2112/1944 1526/1805/1676
f 1890/2112/1944 139/347/316 1526/1805/1676
f 284/346/315 283/345/314 207/294/267
f 1397/1560/1431 1526/1805/1676 139/347/316
f 1573/2113/1609 1609/2114/1662 1891/2115/1945
f 58/141/118 210/267/242 59/142/119
f 1893/2116/1946 1894/2117/1947 1895/2118/1948
f 1896/2119/1949 1897/2120/1950 1898/2121/1951
f 1900/2122/1952 1901/2123/1953 1902/2124/1954
f 1903/2125/1955 1904/2126/1956 1905/2127/1957
f 1897/2120/1950 1907/2128/1958 1898/2121/1951
f 1898/2121/1951 1908/2129/1959 1909/2130/1960
f 1910/2131/1961 210/267/242 209/266/241
f 1911/2132/1962 1912/2133/1963 1894/2117/1947
f 1913/2134/1964 1914/2135/1965 1901/2123/1953
f 1915/2136/1966 1916/2137/1967 1917/2138/1968
f 209/266/241 1906/2139/1969 1910/2131/1961
f 1920/2140/1970 1894/2117/1947 1893/2116/1946
f 1919/2141/1971 1921/2142/1972 1918/2143/1973
f 1895/2118/1948 1922/2144/1974 1893/2116/1946
f 86/193/170 1923/2145/1975 87/224/201
f 59/142/119 1913/2134/1964 1924/2146/1976
f 1894/2117/1947 1927/2147/1977 1911/2132/1962
f 1912/2133/1963 1895/2118/1948 1894/2117/1947
f 1926/2148/1978 1914/2135/1965 1928/2149/1979
f 1932/2150/1980 1929/2151/1981 1930/2152/1982
f 1931/2153/1983 1923/2145/1975 86/193/170
f 1896/2119/1949 1898/2121/1951 1909/2130/1960
f 1935/2154/1984 1919/2141/1971 1918/2143/1973
f 1936/2155/1985 1937/2156/1986 1938/2157/1987
f 1942/2158/1988 1943/2159/1989 1944/2160/1990
f 1927/2147/1977 1894/2117/1947 1920/2140/1970
f 1924/2146/1976 1900/2122/1952 1939/2161/1991
f 1920/2140/1970 1945/2162/1992 1927/2147/1977
f 1944/2160/1990 1943/2159/1989 1946/2163/1993
f 1931/2153/1983 1899/2164/1994 1935/2154/1984
f 59/142/119 1924/2146/1976 1939/2161/1991
f 1899/2164/1994 1893/2116/1946 1935/2154/1984
f 1951/2165/1995 1915/2136/1966 1952/2166/1996
f 1931/2153/1983 1918/2143/1973 1923/2145/1975
f 210/267/242 1910/2131/1961 1913/2134/1964
f 1935/2154/1984 1918/2143/1973 1931/2153/1983
f 1955/2167/1997 1956/2168/1998 1957/2169/1999
f 1927/2147/1977 1945/2162/1992 1958/2170/2000
f 59/142/119 1939/2161/1991 143/201/178
f 209/266/241 237/301/273 1906/2139/1969
f 1934/2171/2001 1914/2135/1965 1910/2131/1961
f 1933/2172/2002 1929/2151/1981 1932/2150/1980
f 1961/2173/2003 1946/2163/1993 1943/2159/1989
f 59/142/119 210/267/242 1913/2134/1964
f 140/198/175 141/199/176 1945/2162/1992
f 1893/2116/1946 1922/2144/1974 1935/2154/1984
f 1934/2171/2001 1906/2139/1969 1964/2174/2004
f 1930/2152/1982 1929/2151/1981 1965/2175/2005
f 1966/2176/2006 1967/2177/2007 1968/2178/2008
f 1967/2177/2007 1971/2179/2009 1934/2171/2001
f 1950/2180/2010 1972/2181/2011 1973/2182/2012
f 1923/2145/1975 229/299/271 87/224/201
f 237/301/273 1964/2174/2004 1906/2139/1969
f 1949/2183/2013 1950/2180/2010 1973/2182/2012
f 1919/2141/1971 1935/2154/1984 1922/2144/1974
f 1964/2174/2004 237/301/273 1978/2184/2014
f 1979/2185/2015 1980/2186/2016 1981/2187/2017
f 1960/2188/2018 1905/2127/1957 1904/2126/1956
f 1972/2181/2011 1984/2189/2019 1973/2182/2012
f 1987/2190/2020 1964/2174/2004 1978/2184/2014
f 1901/2123/1953 1900/2122/1952 1924/2146/1976
f 1959/2191/2021 1947/2192/2022 1989/2193/2023
f 1901/2123/1953 1924/2146/1976 1913/2134/1964
f 1913/2134/1964 1910/2131/1961 1914/2135/1965
f 1901/2123/1953 1926/2148/1978 1902/2124/1954
f 1966/2176/2006 1928/2149/1979 1914/2135/1965
f 1934/2171/2001 1910/2131/1961 1906/2139/1969
f 1934/2171/2001 1971/2179/2009 1914/2135/1965
f 1978/2184/2014 237/301/273 1988/2194/2024
f 1951/2165/1995 1991/2195/2025 1915/2136/1966
f 1967/2177/2007 1934/2171/2001 1964/2174/2004
f 1896/2119/1949 1909/2130/1960 1962/2196/2026
f 1909/2130/1960 1963/2197/2027 1962/2196/2026
f 1963/2197/2027 1909/2130/1960 1925/2198/2028
f 1900/2122/1952 1902/2124/1954 1996/2199/2029
f 140/198/175 1945/2162/1992 1899/2164/1994
f 1931/2153/1983 140/198/175 1899/2164/1994
f 1920/2140/1970 1899/2164/1994 1945/2162/1992
f 1967/2177/2007 1964/2174/2004 1999/2200/2030
f 1980/2186/2016 1992/2201/2031 1993/2202/2032
f 92/195/172 1931/2153/1983 86/193/170
f 1966/2176/2006 1914/2135/1965 1971/2179/2009
f 140/198/175 1931/2153/1983 92/195/172
f 1914/2135/1965 1926/2148/1978 1901/2123/1953
f 1893/2116/1946 1899/2164/1994 1920/2140/1970
f 1971/2179/2009 1967/2177/2007 1966/2176/2006
f 1990/2203/2033 1976/2204/2034 2006/2205/2035
f 1923/2145/1975 1988/2194/2024 229/299/271
f 2004/2206/2036 1985/2207/2037 2005/2208/2038
f 2009/2209/2039 2010/2210/2040 2011/2211/2041
f 1985/2207/2037 2012/2212/2042 2005/2208/2038
f 2001/2213/2043 1995/2214/2044 1994/2215/2045
f 1896/2119/1949 1962/2196/2026 1970/2216/2046
f 2017/2217/2047 2007/2218/2048 2008/2219/2049
f 2018/2220/2050 2019/2221/2051 1996/2199/2029
f 1995/2214/2044 2001/2213/2043 2020/2222/2052
f 237/301/273 229/299/271 1988/2194/2024
f 2023/2223/2053 2024/2224/2054 2025/2225/2055
f 2026/2226/2056 2021/2227/2057 2022/2228/2058
f 2027/2229/2059 2009/2209/2039 2028/2230/2060
f 2009/2209/2039 2016/2231/2061 2010/2210/2040
f 2017/2217/2047 2008/2219/2049 2034/2232/2062
f 2001/2233/2043 2037/2234/2063 2038/2235/2064
f 1900/2122/1952 2039/2236/2065 1939/2161/1991
f 2016/2231/2061 2029/2237/2066 1996/2199/2029
f 1970/2216/2046 1969/2238/2067 2040/2239/2068
f 1996/2199/2029 2019/2221/2051 2016/2231/2061
f 2028/2230/2060 321/386/351 2027/2229/2059
f 2041/2240/2069 2045/2241/2070 2046/2242/2071
f 2033/2243/2072 2013/2244/2073 2047/2245/2074
f 2044/2246/2075 2043/2247/2076 2048/2248/2077
f 2049/2249/2078 2050/2250/2079 2051/2251/2080
f 2053/2252/2081 2054/2253/2082 2055/2254/2083
f 1939/2161/1991 2039/2236/2065 263/372/339
f 1969/2238/2067 2000/2255/2084 1932/2150/1980
f 1978/2184/2014 1988/2194/2024 1918/2143/1973
f 2003/2256/2085 1975/2257/2086 2056/2258/2087
f 1998/2259/2088 2057/2260/2089 1997/2261/2090
f 1918/2143/1973 1988/2194/2024 1923/2145/1975
f 1932/2150/1980 2000/2255/2084 1933/2172/2002
f 2033/2243/2072 2047/2245/2074 2052/2262/2091
f 2027/2229/2059 263/372/339 2029/2237/2066
f 320/385/350 321/386/351 2028/2230/2060
f 2029/2237/2066 2016/2231/2061 2027/2229/2059
f 2555/2263/2092 2059/2264/2093 2060/2265/2094
f 143/201/178 1939/2161/1991 144/202/179
f 2027/2229/2059 2016/2231/2061 2009/2209/2039
f 2051/2251/2080 1937/2266/1986 2049/2249/2078
f 1941/2267/2095 1998/2259/2088 1997/2261/2090
f 1949/2183/2013 1984/2189/2019 2061/2268/2096
f 2058/2269/2097 2041/2270/2069 2046/2271/2071
f 1905/2127/1957 1998/2259/2088 1941/2267/2095
f 1937/2266/1986 2051/2251/2080 2062/2272/2098
f 1960/2188/2018 1998/2259/2088 1905/2127/1957
f 368/439/403 320/385/350 2064/2273/2099
f 2010/2210/2040 2016/2231/2061 2019/2221/2051
f 1978/2184/2014 1918/2143/1973 1921/2142/1972
f 2021/2227/2057 2065/2274/2100 2022/2228/2058
f 2009/2209/2039 2011/2211/2041 2021/2227/2057
f 144/202/179 1939/2161/1991 263/372/339
f 2004/2206/2036 1986/2275/2101 1985/2207/2037
f 2026/2226/2056 2009/2209/2039 2021/2227/2057
f 2018/2220/2050 1996/2199/2029 1902/2124/1954
f 2041/2240/2069 2038/2235/2064 2037/2234/2063
f 2070/2276/2102 2065/2274/2100 2021/2227/2057
f 2041/2240/2069 2037/2234/2063 2071/2277/2103
f 2069/2278/2104 2068/2279/2105 2072/2280/2106
f 2068/2279/2105 2005/2208/2038 2075/2281/2107
f 1900/2122/1952 1996/2199/2029 2039/2236/2065
f 2077/2282/2108 2063/2283/2109 1995/2214/2044
f 2078/2284/2110 2021/2227/2057 2011/2211/2041
f 2081/2285/2111 2082/2286/2112 2080/2287/2113
f 2039/2236/2065 2029/2237/2066 263/372/339
f 1956/2288/1998 2084/2289/2114 2085/2290/2115
f 2086/2291/2116 2087/2292/2117 4067/2293/2118
f 2001/2213/2043 2038/2294/2064 2088/2295/2119
f 2088/2295/2119 2038/2294/2064 2058/2269/2097
f 2085/2296/2115 2089/2297/2120 1956/2168/1998
f 1985/2207/2037 2090/2298/2121 2012/2212/2042
f 2057/2260/2089 2091/2299/2122 1997/2261/2090
f 2069/2278/2104 2095/2300/2123 2068/2279/2105
f 2039/2236/2065 1996/2199/2029 2029/2237/2066
f 2027/2229/2059 321/386/351 263/372/339
f 2075/2281/2107 2005/2208/2038 2055/2254/2083
f 2049/2301/2078 1936/2302/1985 1940/2303/2124
f 2055/2254/2083 2099/2304/2125 2075/2281/2107
f 2065/2274/2100 2070/2276/2102 2101/2305/2126
f 2103/2306/2127 2104/2307/2128 2105/2308/2129
f 1928/2149/1979 2107/2309/2130 1926/2148/1978
f 2106/2310/2131 2108/2311/2132 2082/2286/2112
f 2107/2309/2130 1928/2149/1979 2109/2312/2133
f 2110/2313/2134 2064/2273/2099 2093/2314/2135
f 2098/2315/2136 2110/2313/2134 2093/2314/2135
f 2080/2287/2113 2082/2286/2112 2046/2271/2071
f 2082/2286/2112 2108/2311/2132 2058/2269/2097
f 2046/2271/2071 2082/2286/2112 2058/2269/2097
f 2055/2254/2083 2005/2208/2038 2012/2212/2042
f 2073/2316/2137 2074/2317/2138 2083/2318/2139
f 320/385/350 2022/2228/2058 2064/2273/2099
f 2100/2319/2140 2086/2291/2116 2062/2272/2098
f 346/444/408 368/439/403 2110/2313/2134
f 2105/2308/2129 2104/2307/2128 2073/2316/2137
f 368/439/403 2064/2273/2099 2110/2313/2134
f 2098/2315/2136 2093/2314/2135 2097/2320/2141
f 1905/2127/1957 1941/2267/2095 1903/2125/1955
f 2102/2321/2142 2089/2322/2120 2113/2323/2143
f 2001/2213/2043 2088/2295/2119 2020/2222/2052
f 2114/2324/2144 2115/2325/2145 2116/2326/2146
f 2117/2327/2147 2109/2312/2133 2118/2328/2148
f 2065/2274/2100 2074/2317/2138 2022/2228/2058
f 3890/2329/2149 2119/2330/2150 2120/2331/2151
f 2003/2256/2085 2056/2258/2087 2122/2332/2152
f 2081/2333/2111 2080/2334/2113 2123/2335/2153
f 2064/2273/2099 2022/2228/2058 2074/2317/2138
f 2093/2314/2135 2064/2273/2099 2074/2317/2138
f 2003/2256/2085 2122/2332/2152 2002/2336/2154
f 1948/2337/2155 2031/2338/2156 2085/2290/2115
f 2124/2339/2157 2125/2340/2158 2126/2341/2159
f 2045/2241/2070 2123/2335/2153 2080/2334/2113
f 2096/2342/2160 2106/2310/2131 2081/2285/2111
f 2104/2307/2128 2097/2320/2141 2073/2316/2137
f 2086/2291/2116 2130/2343/2161 2087/2292/2117
f 1940/2303/2124 2131/2344/2162 2132/2345/2163
f 2083/2318/2139 2065/2274/2100 2101/2305/2126
f 1936/2302/1985 2131/2344/2162 1940/2303/2124
f 2066/2346/2164 2133/2347/2165 2134/2348/2166
f 2110/2313/2134 2098/2315/2136 346/444/408
f 2128/2349/2167 1938/2157/1987 1937/2156/1986
f 2073/2316/2137 2093/2314/2135 2074/2317/2138
f 2082/2286/2112 2081/2285/2111 2106/2310/2131
f 1999/2200/2030 1968/2178/2008 1967/2177/2007
f 2114/2324/2144 2135/2350/2168 2112/2351/2169
f 2118/2328/2148 1968/2178/2008 1999/2200/2030
f 1940/2303/2124 2136/2352/2170 2049/2301/2078
f 2038/2294/2064 2041/2270/2069 2058/2269/2097
f 2137/2353/2171 2138/2354/2172 2139/2355/2173
f 2117/2327/2147 2141/2356/2174 2109/2312/2133
f 1948/2337/2155 2085/2290/2115 2142/2357/2175
f 2096/2358/2160 2123/2335/2153 2144/2359/2176
f 2118/2328/2148 2109/2312/2133 1928/2149/1979
f 2141/2356/2174 2117/2327/2147 2147/2360/2177
f 2112/2351/2169 2148/2361/2178 2114/2324/2144
f 1968/2178/2008 1928/2149/1979 1966/2176/2006
f 1928/2149/1979 1968/2178/2008 2118/2328/2148
f 2140/2362/2179 2150/2363/2180 2149/2364/2181
f 2144/2359/2176 2043/2247/2076 2096/2358/2160
f 2150/2363/2180 1911/2132/1962 2152/2365/2182
f 2129/2366/2183 2141/2356/2174 2153/2367/2184
f 2127/2368/2185 2121/2369/2186 2128/2349/2167
f 2093/2314/2135 2073/2316/2137 2097/2320/2141
f 2095/2300/2123 2128/2349/2167 2121/2369/2186
f 1919/2141/1971 1922/2144/1974 2140/2362/2179
f 2128/2349/2167 2069/2278/2104 1938/2157/1987
f 2150/2363/2180 2155/2370/2187 2149/2364/2181
f 1994/2371/2045 2037/2234/2063 2001/2233/2043
f 2113/2323/2143 2156/2372/2188 2102/2321/2142
f 2080/2334/2113 2046/2242/2071 2045/2241/2070
f 2159/2373/2189 2150/2363/2180 2160/2374/2190
f 2163/2375/2191 1921/2142/1972 1919/2141/1971
f 2109/2312/2133 2129/2366/2183 2107/2309/2130
f 2164/2376/2192 2165/2377/2193 2166/2378/2194
f 2148/2361/2178 2112/2351/2169 2129/2366/2183
f 2167/2379/2195 2168/2380/2196 2169/2381/2197
f 2159/2373/2189 2155/2370/2187 2150/2363/2180
f 2140/2362/2179 2149/2364/2181 2163/2375/2191
f 2148/2361/2178 2129/2366/2183 2153/2367/2184
f 2170/2382/2198 2168/2380/2196 2167/2379/2195
f 2171/2383/2199 2155/2370/2187 2159/2373/2189
f 2129/2366/2183 2112/2351/2169 2107/2309/2130
f 2172/2384/2200 2173/2385/2201 2174/2386/2202
f 2164/2376/2192 2176/2387/2203 2177/2388/2204
f 2153/2367/2184 2141/2356/2174 2147/2360/2177
f 2155/2370/2187 2180/2389/2205 2149/2364/2181
f 2211/2390/2206 2212/2391/2207 2213/2392/2208
f 2210/2393/2209 2195/2394/2210 2209/2395/2211
f 2167/2379/2195 2198/2396/2212 2190/2397/2213
f 2205/2398/2214 2204/2399/2215 2208/2400/2216
f 2198/2396/2212 2153/2367/2184 2188/2401/2217
f 2207/2402/2218 2199/2403/2219 1999/2200/2030
f 1937/2266/1986 1936/2404/1985 2049/2249/2078
f 2204/2399/2215 2205/2398/2214 2206/2405/2220
f 2186/2406/2221 2174/2386/2202 2181/2407/2222
f 2203/2408/2223 2197/2409/2224 2194/2410/2225
f 2172/2384/2200 2192/2411/2226 2202/2412/2227
f 2150/2363/2180 2151/2413/2228 1911/2132/1962
f 2052/2262/2091 2200/2414/2229 2201/2415/2230
f 2199/2403/2219 2118/2328/2148 1999/2200/2030
f 2190/2397/2213 2198/2396/2212 2188/2401/2217
f 2194/2410/2225 2165/2377/2193 2196/2416/2231
f 2195/2394/2210 2170/2382/2198 2176/2387/2203
f 2095/2300/2123 2121/2369/2186 2068/2279/2105
f 1921/2142/1972 2163/2375/2191 2185/2417/2232
f 320/385/350 2026/2226/2056 2022/2228/2058
f 1987/2190/2020 1921/2142/1972 2185/2417/2232
f 1922/2144/1974 1912/2133/1963 2151/2413/2228
f 2151/2413/2228 2140/2362/2179 1922/2144/1974
f 2011/2211/2041 2010/2210/2040 2078/2284/2110
f 2026/2226/2056 320/385/350 2028/2230/2060
f 2191/2418/2233 2126/2341/2159 1993/2202/2032
f 2172/2384/2200 2174/2386/2202 2186/2406/2221
f 2180/2389/2205 2171/2383/2199 2145/2419/2234
f 2114/2324/2144 2116/2326/2146 2135/2350/2168
f 2026/2226/2056 2028/2230/2060 2009/2209/2039
f 2177/2388/2204 2190/2397/2213 2189/2420/2235
f 2160/2374/2190 2146/2421/2236 2171/2383/2199
f 2184/2422/2237 2180/2389/2205 2145/2419/2234
f 2174/2386/2202 2173/2385/2201 2179/2423/2238
f 2188/2401/2217 2153/2367/2184 2147/2360/2177
f 2116/2326/2146 1902/2124/1954 2107/2309/2130
f 1895/2118/1948 1912/2133/1963 1922/2144/1974
f 2112/2351/2169 2135/2350/2168 2107/2309/2130
f 2133/2347/2165 1956/2288/1998 2134/2348/2166
f 2188/2401/2217 2147/2360/2177 2189/2420/2235
f 2180/2389/2205 2163/2375/2191 2149/2364/2181
f 2116/2326/2146 2107/2309/2130 2135/2350/2168
f 2187/2424/2239 2160/2374/2190 2150/2363/2180
f 1926/2148/1978 2107/2309/2130 1902/2124/1954
f 1989/2193/2023 1998/2259/2088 1960/2188/2018
f 2185/2417/2232 2163/2375/2191 2180/2389/2205
f 2180/2389/2205 2184/2422/2237 2185/2417/2232
f 1987/2190/2020 2143/2425/2240 1921/2142/1972
f 2083/2318/2139 2074/2317/2138 2065/2274/2100
f 2171/2383/2199 2159/2373/2189 2160/2374/2190
f 2181/2407/2222 2174/2386/2202 2179/2423/2238
f 2175/2426/2241 1999/2200/2030 1987/2190/2020
f 2163/2375/2191 1919/2141/1971 2140/2362/2179
f 2192/2411/2226 2172/2384/2200 2186/2406/2221
f 2151/2413/2228 1912/2133/1963 1911/2132/1962
f 2128/2349/2167 2095/2300/2123 2069/2278/2104
f 2212/2391/2207 2214/2427/2242 2213/2392/2208
f 2207/2402/2218 1999/2200/2030 2175/2426/2241
f 2215/2428/2243 2216/2429/2244 2210/2430/2209
f 2218/2431/2245 2182/2432/2246 2219/2433/2247
f 2210/2430/2209 2220/2434/2248 2215/2428/2243
f 2151/2413/2228 2150/2363/2180 2140/2362/2179
f 2162/2435/2249 2175/2426/2241 2185/2417/2232
f 2161/2436/2250 2184/2422/2237 2145/2419/2234
f 2219/2433/2247 2182/2432/2246 2221/2437/2251
f 2177/2388/2204 2167/2379/2195 2190/2397/2213
f 2096/2358/2160 2044/2246/2075 4066/2438/2252
f 2222/2439/2253 2192/2411/2226 2186/2406/2221
f 2189/2420/2235 2207/2402/2218 2162/2435/2249
f 2222/2439/2253 2217/2440/2254 2192/2411/2226
f 4067/2441/2118 4066/2438/2252 2044/2246/2075
f 2147/2360/2177 2117/2327/2147 2199/2403/2219
f 2216/2442/2244 2170/2382/2198 2195/2394/2210
f 2161/2436/2250 2162/2435/2249 2185/2417/2232
f 2216/2442/2244 2195/2394/2210 2210/2393/2209
f 2145/2419/2234 2196/2416/2231 2161/2436/2250
f 2203/2408/2223 2224/2443/2255 2197/2409/2224
f 2224/2443/2255 2225/2444/2256 2226/2445/2257
f 2207/2402/2218 2189/2420/2235 2199/2403/2219
f 2224/2443/2255 2229/2446/2258 2197/2409/2224
f 2161/2436/2250 2196/2416/2231 2162/2435/2249
f 2181/2407/2222 2208/2400/2216 2230/2447/2259
f 2143/2425/2240 1987/2190/2020 1978/2184/2014
f 1978/2184/2014 1921/2142/1972 2143/2425/2240
f 2232/2448/2260 2170/2382/2198 2216/2442/2244
f 2189/2420/2235 2147/2360/2177 2199/2403/2219
f 2229/2446/2258 2233/2449/2261 2197/2409/2224
f 2234/2450/2262 2222/2439/2253 2204/2399/2215
f 2166/2378/2194 2165/2377/2193 2194/2410/2225
f 2231/2451/2263 2166/2378/2194 2194/2410/2225
f 2235/2452/2264 2226/2453/2257 2225/2454/2256
f 2179/2423/2238 2215/2428/2243 2220/2434/2248
f 2190/2397/2213 2188/2401/2217 2189/2420/2235
f 2211/2390/2206 2236/2455/2265 2224/2443/2255
f 2237/2456/2266 2216/2429/2244 2215/2428/2243
f 2205/2398/2214 2226/2453/2257 2235/2452/2264
f 2181/2407/2222 2179/2423/2238 2178/2457/2267
f 2206/2405/2220 2205/2398/2214 2235/2452/2264
f 2185/2417/2232 2175/2426/2241 1987/2190/2020
f 2211/2390/2206 2224/2443/2255 2203/2408/2223
f 2146/2421/2236 2196/2416/2231 2145/2419/2234
f 2186/2406/2221 2181/2407/2222 2230/2447/2259
f 2223/2458/2268 2211/2390/2206 2203/2408/2223
f 2197/2409/2224 2231/2451/2263 2194/2410/2225
f 2229/2446/2258 2224/2443/2255 2226/2445/2257
f 2233/2449/2261 2231/2451/2263 2197/2409/2224
f 2233/2449/2261 2178/2459/2267 2231/2451/2263
f 2239/2460/2269 2240/2461/2270 2241/2462/2271
f 2242/2463/2272 2243/2464/2273 2244/2465/2274
f 2246/2466/2275 2247/2467/2276 2248/2468/2277
f 2242/2463/2272 2244/2465/2274 2249/2469/2278
f 2229/2446/2258 2226/2445/2257 2233/2449/2261
f 2246/2466/2275 2248/2468/2277 2250/2470/2279
f 2251/2471/2280 2243/2464/2273 2242/2463/2272
f 2252/2472/2281 2224/2443/2255 2236/2455/2265
f 2245/2473/2282 2253/2474/2283 2242/2463/2272
f 2223/2458/2268 2196/2416/2231 2146/2421/2236
f 2253/2474/2283 2248/2468/2277 2242/2463/2272
f 2236/2455/2265 2211/2390/2206 2213/2392/2208
f 2239/2460/2269 2254/2475/2284 2240/2461/2270
f 2211/2390/2206 2223/2458/2268 2212/2391/2207
f 2255/2476/2285 2225/2444/2256 2224/2443/2255
f 2208/2400/2216 2178/2457/2267 2233/2477/2261
f 2248/2468/2277 2251/2471/2280 2242/2463/2272
f 2247/2467/2276 2251/2471/2280 2248/2468/2277
f 2204/2399/2215 2230/2447/2259 2208/2400/2216
f 2256/2478/2286 2241/2462/2271 2206/2405/2220
f 2257/2479/2287 2258/2480/2288 2018/2220/2050
f 2217/2440/2254 2222/2439/2253 2244/2465/2274
f 2248/2468/2277 2253/2474/2283 2250/2470/2279
f 2203/2408/2223 2194/2410/2225 2196/2416/2231
f 2256/2478/2286 2206/2405/2220 2235/2452/2264
f 2223/2458/2268 2203/2408/2223 2196/2416/2231
f 2259/2481/2289 2250/2470/2279 2253/2474/2283
f 2178/2459/2267 2210/2393/2209 2231/2451/2263
f 2222/2439/2253 2234/2450/2262 2249/2469/2278
f 2244/2465/2274 2222/2439/2253 2249/2469/2278
f 2260/2482/2290 2257/2479/2287 2261/2483/2291
f 2018/2220/2050 1902/2124/1954 2115/2325/2145
f 2221/2484/2251 2533/2485/2292 2494/2486/2293
f 2241/2462/2271 2234/2450/2262 2206/2405/2220
f 2265/2487/2294 2217/2440/2254 2244/2465/2274
f 2240/2461/2270 2254/2475/2284 2245/2473/2282
f 2266/2488/2295 2267/2489/2296 2268/2490/2297
f 2269/2491/2298 2264/2492/2299 2168/2380/2196
f 2250/2470/2279 2259/2481/2289 2246/2466/2275
f 2019/2221/2051 2018/2220/2050 2258/2480/2288
f 2264/2492/2299 2169/2381/2197 2168/2380/2196
f 2268/2490/2297 2267/2489/2296 2270/2493/2300
f 2234/2450/2262 2241/2462/2271 2240/2461/2270
f 2271/2494/2301 2246/2466/2275 2259/2481/2289
f 2258/2480/2288 2266/2488/2295 2078/2284/2110
f 2249/2469/2278 2234/2450/2262 2240/2461/2270
f 2204/2399/2215 2206/2405/2220 2234/2450/2262
f 2269/2491/2298 2272/2495/2302 2273/2496/2303
f 2208/2400/2216 2226/2453/2257 2205/2398/2214
f 2274/2497/2304 2275/2498/2305 2272/2495/2302
f 2242/2463/2272 2249/2469/2278 2240/2461/2270
f 1902/2124/1954 2116/2326/2146 2115/2325/2145
f 2222/2439/2253 2230/2447/2259 2204/2399/2215
f 2243/2464/2273 2265/2487/2294 2244/2465/2274
f 2276/2499/2306 2277/2500/2307 2278/2501/2308
f 2280/2502/2309 2281/2503/2310 2259/2481/2289
f 2078/2284/2110 2019/2221/2051 2258/2480/2288
f 2226/2453/2257 2208/2400/2216 2233/2477/2261
f 2115/2325/2145 2114/2324/2144 2282/2504/2311
f 2276/2499/2306 2283/2505/2312 2277/2500/2307
f 2267/2489/2296 2266/2488/2295 2258/2480/2288
f 2267/2489/2296 2258/2480/2288 2257/2479/2287
f 2284/2506/2313 2283/2505/2312 2276/2499/2306
f 2186/2406/2221 2230/2447/2259 2222/2439/2253
f 2282/2504/2311 2114/2324/2144 2148/2361/2178
f 2285/2507/2314 2169/2381/2197 2279/2508/2315
f 2277/2500/2307 2279/2508/2315 2169/2381/2197
f 2181/2407/2222 2178/2457/2267 2208/2400/2216
f 2253/2474/2283 2245/2473/2282 2254/2475/2284
f 2263/2509/2316 2286/2510/2317 2275/2511/2305
f 2287/2512/2318 2262/2513/2319 2288/2514/2320
f 2276/2515/2306 2289/2516/2321 2284/2517/2313
f 2279/2508/2315 2290/2518/2322 2270/2493/2300
f 2291/2519/2323 2289/2516/2321 2276/2515/2306
f 2292/2520/2324 2290/2518/2322 2279/2508/2315
f 2115/2325/2145 2257/2479/2287 2018/2220/2050
f 2257/2479/2287 2115/2325/2145 2261/2483/2291
f 2286/2521/2317 2278/2501/2308 2272/2495/2302
f 2286/2521/2317 2276/2499/2306 2278/2501/2308
f 2270/2493/2300 2290/2518/2322 2268/2490/2297
f 2291/2519/2323 2276/2515/2306 2286/2510/2317
f 2282/2504/2311 2261/2483/2291 2115/2325/2145
f 2242/2463/2272 2240/2461/2270 2245/2473/2282
f 2285/2507/2314 2260/2482/2290 2261/2483/2291
f 2293/2522/2325 2288/2514/2320 2294/2523/2326
f 2264/2492/2299 2278/2501/2308 2277/2500/2307
f 2243/2464/2273 2247/2467/2276 2265/2487/2294
f 2146/2421/2236 2160/2374/2190 2187/2424/2239
f 2010/2210/2040 2019/2221/2051 2078/2284/2110
f 2295/2524/2327 2290/2518/2322 2292/2520/2324
f 2264/2492/2299 2277/2500/2307 2169/2381/2197
f 2285/2507/2314 2261/2483/2291 2282/2504/2311
f 2247/2467/2276 2243/2464/2273 2251/2471/2280
f 2285/2507/2314 2282/2504/2311 2148/2361/2178
f 2267/2489/2296 2257/2479/2287 2270/2493/2300
f 2272/2495/2302 2275/2498/2305 2286/2521/2317
f 2279/2508/2315 2260/2482/2290 2285/2507/2314
f 2273/2496/2303 2264/2492/2299 2269/2491/2298
f 2263/2509/2316 2291/2519/2323 2286/2510/2317
f 2296/2525/2328 2297/2526/2329 2290/2518/2322
f 2078/2284/2110 2070/2276/2102 2021/2227/2057
f 2283/2505/2312 2279/2508/2315 2277/2500/2307
f 2300/2527/2330 2294/2523/2326 2301/2528/2331
f 2266/2488/2295 2070/2276/2102 2078/2284/2110
f 2302/2529/2332 2146/2421/2236 2187/2424/2239
f 2279/2508/2315 2257/2479/2287 2260/2482/2290
f 2302/2529/2332 2303/2530/2333 2146/2421/2236
f 2299/2531/2334 2101/2305/2126 2070/2276/2102
f 2278/2501/2308 2264/2492/2299 2273/2496/2303
f 2295/2524/2327 2292/2520/2324 2279/2508/2315
f 2295/2524/2327 2279/2508/2315 2283/2505/2312
f 2212/2391/2207 2223/2458/2268 2146/2421/2236
f 2299/2531/2334 2304/2532/2335 2305/2533/2336
f 2212/2391/2207 2146/2421/2236 2303/2530/2333
f 2291/2519/2323 2263/2509/2316 2262/2513/2319
f 2299/2531/2334 2070/2276/2102 2306/2534/2337
f 2278/2501/2308 2273/2496/2303 2272/2495/2302
f 2295/2524/2327 2283/2505/2312 2307/2535/2338
f 2070/2276/2102 2266/2488/2295 2306/2534/2337
f 2299/2531/2334 2298/2536/2339 2101/2305/2126
f 2270/2493/2300 2257/2479/2287 2279/2508/2315
f 2294/2523/2326 2300/2527/2330 2293/2522/2325
f 2169/2381/2197 2285/2507/2314 2148/2361/2178
f 1999/2200/2030 1964/2174/2004 1987/2190/2020
f 2309/2537/2340 2291/2519/2323 2308/2538/2341
f 2288/2514/2320 2262/2513/2319 2312/2539/2342
f 2262/2513/2319 2308/2538/2341 2291/2519/2323
f 2287/2512/2318 2308/2538/2341 2262/2513/2319
f 2313/2540/2343 2307/2535/2338 2283/2505/2312
f 2305/2533/2336 2298/2536/2339 2299/2531/2334
f 2310/2541/2344 2314/2542/2345 2311/2543/2346
f 2287/2512/2318 2315/2544/2347 2308/2538/2341
f 2274/2497/2304 2272/2495/2302 2269/2491/2298
f 2308/2538/2341 2315/2544/2347 2317/2545/2348
f 2318/2546/2349 2319/2547/2350 2320/2548/2351
f 2304/2532/2335 2321/2549/2352 2305/2533/2336
f 2322/2550/2353 2313/2551/2343 2284/2517/2313
f 2312/2539/2342 2294/2523/2326 2288/2514/2320
f 2317/2545/2348 2323/2552/2354 2308/2538/2341
f 2326/2553/2355 2327/2554/2356 2328/2555/2357
f 2331/2556/2358 2313/2551/2343 2332/2557/2359
f 2322/2550/2353 2333/2558/2360 2313/2551/2343
f 2334/2559/2361 2324/2560/2362 2318/2546/2349
f 2321/2549/2352 2304/2532/2335 2335/2561/2363
f 2295/2524/2327 2296/2525/2328 2290/2518/2322
f 2313/2551/2343 2333/2558/2360 2332/2557/2359
f 2263/2509/2316 2336/2562/2364 2215/2428/2243
f 2321/2549/2352 2335/2561/2363 2311/2543/2346
f 2329/2563/2365 2301/2528/2331 2337/2564/2366
f 2304/2532/2335 2299/2531/2334 2306/2534/2337
f 2338/2565/2367 2339/2566/2368 2340/2567/2369
f 2274/2497/2304 2336/2568/2364 2275/2498/2305
f 2297/2526/2329 2304/2532/2335 2306/2534/2337
f 2320/2548/2351 2317/2545/2348 2315/2544/2347
f 2266/2488/2295 2268/2490/2297 2306/2534/2337
f 2335/2561/2363 2295/2524/2327 2311/2543/2346
f 2310/2541/2344 2311/2543/2346 2295/2524/2327
f 2316/2569/2370 2288/2514/2320 2293/2522/2325
f 2318/2546/2349 2316/2569/2370 2342/2570/2371
f 2290/2518/2322 2306/2534/2337 2268/2490/2297
f 2297/2526/2329 2335/2561/2363 2304/2532/2335
f 2330/2571/2372 2329/2563/2365 2337/2564/2366
f 2316/2569/2370 2320/2548/2351 2315/2544/2347
f 2342/2570/2371 2329/2563/2365 2318/2546/2349
f 2290/2518/2322 2297/2526/2329 2306/2534/2337
f 2329/2563/2365 2340/2567/2369 2318/2546/2349
f 2330/2571/2372 2338/2565/2367 2340/2567/2369
f 2083/2318/2139 2101/2305/2126 2298/2536/2339
f 2307/2535/2338 2310/2541/2344 2295/2524/2327
f 2323/2552/2354 2317/2545/2348 2333/2558/2360
f 2327/2554/2356 2338/2565/2367 2330/2571/2372
f 2333/2558/2360 2317/2545/2348 2345/2572/2373
f 2263/2509/2316 2215/2428/2243 2173/2385/2201
f 2307/2535/2338 2346/2573/2374 2310/2541/2344
f 2289/2516/2321 2291/2519/2323 2309/2537/2340
f 2339/2566/2368 2334/2559/2361 2318/2546/2349
f 2347/2574/2375 2337/2564/2366 2328/2555/2357
f 2336/2562/2364 2263/2509/2316 2275/2511/2305
f 2348/2575/2376 2349/2576/2377 2350/2577/2378
f 2334/2559/2361 2339/2566/2368 2324/2560/2362
f 2350/2577/2378 2312/2539/2342 2173/2385/2201
f 2335/2561/2363 2297/2526/2329 2296/2525/2328
f 2339/2566/2368 2351/2578/2379 2324/2560/2362
f 2350/2577/2378 2173/2385/2201 2352/2579/2380
f 2323/2552/2354 2333/2558/2360 2322/2550/2353
f 2353/2580/2381 2354/2581/2382 2305/2533/2336
f 2339/2566/2368 2338/2565/2367 2351/2578/2379
f 2345/2572/2373 2332/2557/2359 2333/2558/2360
f 2295/2524/2327 2335/2561/2363 2296/2525/2328
f 2329/2563/2365 2330/2571/2372 2340/2567/2369
f 2355/2582/2383 2356/2583/2384 2357/2584/2385
f 2314/2542/2345 2305/2533/2336 2321/2549/2352
f 2311/2543/2346 2314/2542/2345 2321/2549/2352
f 2325/2585/2386 2344/2586/2387 2320/2548/2351
f 2293/2522/2325 2300/2527/2330 2342/2570/2371
f 2352/2579/2380 2173/2385/2201 2172/2384/2200
f 2339/2566/2368 2318/2546/2349 2340/2567/2369
f 2300/2527/2330 2301/2528/2331 2342/2570/2371
f 2344/2586/2387 2345/2572/2373 2317/2545/2348
f 2312/2539/2342 2263/2509/2316 2173/2385/2201
f 2284/2506/2313 2313/2540/2343 2283/2505/2312
f 2262/2513/2319 2263/2509/2316 2312/2539/2342
f 2346/2573/2374 2307/2535/2338 2313/2540/2343
f 2289/2516/2321 2309/2537/2340 2284/2517/2313
f 2216/2442/2244 2237/2587/2266 2232/2448/2260
f 2320/2548/2351 2344/2586/2387 2317/2545/2348
f 2352/2579/2380 2172/2384/2200 2356/2583/2384
f 2314/2542/2345 2353/2580/2381 2305/2533/2336
f 2309/2537/2340 2323/2552/2354 2322/2550/2353
f 2309/2537/2340 2322/2550/2353 2284/2517/2313
f 2336/2568/2364 2232/2448/2260 2237/2587/2266
f 2349/2576/2377 2348/2575/2376 2356/2583/2384
f 2350/2577/2378 2294/2523/2326 2312/2539/2342
f 2318/2546/2349 2325/2585/2386 2319/2547/2350
f 2308/2538/2341 2323/2552/2354 2309/2537/2340
f 2318/2546/2349 2324/2560/2362 2325/2585/2386
f 2336/2562/2364 2237/2456/2266 2215/2428/2243
f 2318/2546/2349 2320/2548/2351 2316/2569/2370
f 2355/2582/2383 2349/2576/2377 2356/2583/2384
f 2341/2588/2388 2301/2528/2331 2359/2589/2389
f 2301/2528/2331 2329/2563/2365 2342/2570/2371
f 2364/2590/2390 2361/2591/2391 2327/2554/2356
f 2328/2555/2357 2330/2571/2372 2347/2574/2375
f 2330/2571/2372 2337/2564/2366 2347/2574/2375
f 2043/2247/2076 2044/2246/2075 2096/2358/2160
f 2367/2592/2392 2362/2593/2393 2363/2594/2394
f 2350/2577/2378 2301/2528/2331 2294/2523/2326
f 2368/2595/2395 2369/2596/2396 2366/2597/2397
f 2301/2528/2331 2341/2588/2388 2337/2564/2366
f 2168/2380/2196 2274/2497/2304 2269/2491/2298
f 2331/2598/2358 2346/2573/2374 2313/2540/2343
f 2179/2423/2238 2173/2385/2201 2215/2428/2243
f 2274/2497/2304 2168/2380/2196 2170/2382/2198
f 2365/2599/2398 2366/2597/2397 2369/2596/2396
f 2319/2547/2350 2325/2585/2386 2320/2548/2351
f 2301/2528/2331 2350/2577/2378 2360/2600/2399
f 2328/2555/2357 2327/2554/2356 2330/2571/2372
f 2371/2601/2400 2373/2602/2401 2370/2603/2402
f 2374/2604/2403 2375/2605/2404 2372/2606/2405
f 2372/2606/2405 2367/2592/2392 2376/2607/2406
f 2366/2597/2397 2372/2606/2405 2376/2607/2406
f 2170/2382/2198 2336/2568/2364 2274/2497/2304
f 2336/2568/2364 2170/2382/2198 2232/2448/2260
f 2375/2605/2404 2374/2604/2403 2377/2608/2407
f 2372/2606/2405 2379/2609/2408 2367/2592/2392
f 2365/2599/2398 2372/2606/2405 2366/2597/2397
f 2363/2594/2394 2359/2589/2389 2380/2610/2409
f 2360/2600/2399 2350/2577/2378 2349/2576/2377
f 2280/2502/2309 2383/2611/2410 2281/2503/2310
f 2384/2612/2411 2374/2604/2403 2370/2603/2402
f 2372/2606/2405 2365/2599/2398 2374/2604/2403
f 2363/2594/2394 2387/2613/2412 2388/2614/2413
f 2363/2594/2394 2362/2593/2393 2387/2613/2412
f 2359/2589/2389 2360/2600/2399 2349/2576/2377
f 2377/2608/2407 2389/2615/2414 2375/2605/2404
f 2363/2594/2394 2388/2614/2413 2359/2589/2389
f 2281/2503/2310 2390/2616/2415 2371/2601/2400
f 2356/2583/2384 2348/2575/2376 2352/2579/2380
f 2384/2612/2411 2370/2603/2402 2373/2602/2401
f 2391/2617/2416 2326/2553/2355 2392/2618/2417
f 2374/2604/2403 2365/2599/2398 2378/2619/2418
f 2393/2620/2419 2359/2589/2389 2349/2576/2377
f 2348/2575/2376 2350/2577/2378 2352/2579/2380
f 2395/2621/2420 2387/2613/2412 2362/2593/2393
f 2281/2503/2310 2371/2601/2400 2370/2603/2402
f 2396/2622/2421 2385/2623/2422 2397/2624/2423
f 2398/2625/2424 2326/2553/2355 2391/2617/2416
f 2372/2606/2405 2375/2605/2404 2379/2609/2408
f 2378/2619/2418 2365/2599/2398 2370/2603/2402
f 2399/2626/2425 2396/2622/2421 2397/2624/2423
f 2386/2627/2426 2400/2628/2427 2394/2629/2428
f 2385/2623/2422 2400/2628/2427 2386/2627/2426
f 2399/2626/2425 2397/2624/2423 2401/2630/2429
f 2374/2604/2403 2378/2619/2418 2370/2603/2402
f 2390/2616/2415 2281/2503/2310 2383/2611/2410
f 2398/2625/2424 2391/2617/2416 2402/2631/2430
f 2355/2582/2383 2403/2632/2431 2393/2620/2419
f 2395/2621/2420 2392/2618/2417 2388/2614/2413
f 2404/2633/2432 2405/2634/2433 2381/2635/2434
f 2377/2608/2407 2406/2636/2435 2389/2615/2414
f 2392/2618/2417 2395/2621/2420 2407/2637/2436
f 2392/2618/2417 2407/2637/2436 2391/2617/2416
f 2406/2636/2435 2394/2629/2428 2389/2615/2414
f 2408/2638/2437 2407/2637/2436 2395/2621/2420
f 2247/2467/2276 2358/2639/2438 2265/2487/2294
f 2403/2632/2431 2366/2597/2397 2393/2620/2419
f 2393/2620/2419 2349/2576/2377 2355/2582/2383
f 2394/2629/2428 2406/2636/2435 2386/2627/2426
f 2409/2640/2439 2410/2641/2440 2411/2642/2441
f 2397/2624/2423 2385/2623/2422 2412/2643/2442
f 2404/2633/2432 2384/2612/2411 2373/2602/2401
f 2359/2589/2389 2301/2528/2331 2360/2600/2399
f 2384/2612/2411 2377/2608/2407 2374/2604/2403
f 2386/2627/2426 2406/2636/2435 2382/2644/2443
f 2413/2645/2444 2415/2646/2445 2416/2647/2446
f 2417/2648/2447 2381/2635/2434 2418/2649/2448
f 2415/2646/2445 2413/2645/2444 2414/2650/2449
f 2408/2638/2437 2419/2651/2450 2407/2637/2436
f 2420/2652/2451 2419/2651/2450 2408/2638/2437
f 2281/2503/2310 2271/2494/2301 2259/2481/2289
f 2384/2612/2411 2404/2633/2432 2406/2636/2435
f 2404/2633/2432 2381/2635/2434 2382/2644/2443
f 2406/2636/2435 2377/2608/2407 2384/2612/2411
f 2402/2631/2430 2420/2652/2451 2423/2653/2452
f 2391/2617/2416 2407/2637/2436 2419/2651/2450
f 2420/2652/2451 2402/2631/2430 2419/2651/2450
f 2281/2503/2310 2369/2596/2396 2271/2494/2301
f 2419/2651/2450 2402/2631/2430 2391/2617/2416
f 2426/2654/2453 2427/2655/2454 2431/2656/2455
f 2281/2503/2310 2365/2599/2398 2369/2596/2396
f 2382/2644/2443 2406/2636/2435 2404/2633/2432
f 2341/2588/2388 2326/2553/2355 2328/2555/2357
f 2326/2553/2355 2341/2588/2388 2392/2618/2417
f 2416/2647/2446 2428/2657/2456 2429/2658/2457
f 2430/2659/2458 2416/2647/2446 2429/2658/2457
f 2328/2555/2357 2337/2564/2366 2341/2588/2388
f 2424/2660/2459 2421/2661/2460 2422/2662/2461
f 2365/2599/2398 2281/2503/2310 2370/2603/2402
f 2062/2272/2098 2051/2251/2080 2100/2319/2140
f 2379/2609/2408 2375/2605/2404 2413/2645/2444
f 2432/2663/2462 2423/2653/2452 2430/2659/2458
f 2392/2618/2417 2341/2588/2388 2359/2589/2389
f 2410/2641/2440 2433/2664/2463 2411/2642/2441
f 2434/2665/2464 2414/2650/2449 2389/2615/2414
f 2435/2666/2465 2327/2554/2356 2326/2553/2355
f 2436/2667/2466 2434/2665/2464 2389/2615/2414
f 2409/2640/2439 2396/2622/2421 2399/2626/2425
f 2428/2657/2456 2416/2647/2446 2415/2646/2445
f 2388/2614/2413 2392/2618/2417 2359/2589/2389
f 2394/2629/2428 2436/2667/2466 2389/2615/2414
f 2435/2666/2465 2364/2590/2390 2327/2554/2356
f 2431/2656/2455 2437/2668/2467 2426/2654/2453
f 2381/2635/2434 2405/2634/2433 2418/2649/2448
f 2381/2635/2434 2385/2623/2422 2382/2644/2443
f 2421/2661/2460 2326/2553/2355 2398/2625/2424
f 2381/2635/2434 2412/2643/2442 2385/2623/2422
f 2438/2669/2468 2409/2640/2439 2399/2626/2425
f 2420/2652/2451 2408/2638/2437 2379/2609/2408
f 2434/2665/2464 2415/2646/2445 2414/2650/2449
f 2439/2670/2469 2440/2671/2470 2441/2672/2471
f 2414/2650/2449 2413/2645/2444 2375/2605/2404
f 2434/2665/2464 2442/2673/2472 2415/2646/2445
f 2431/2656/2455 2433/2664/2463 2410/2641/2440
f 2396/2622/2421 2436/2667/2466 2394/2629/2428
f 2411/2642/2441 2436/2667/2466 2396/2622/2421
f 2433/2664/2463 2442/2673/2472 2434/2665/2464
f 2443/2674/2473 2401/2630/2429 2397/2624/2423
f 2402/2631/2430 2423/2653/2452 2398/2625/2424
f 2375/2605/2404 2389/2615/2414 2414/2650/2449
f 2416/2647/2446 2420/2652/2451 2379/2609/2408
f 2410/2641/2440 2409/2640/2439 2445/2675/2474
f 2409/2640/2439 2411/2642/2441 2396/2622/2421
f 2447/2676/2475 2448/2677/2476 2449/2678/2477
f 2450/2679/2478 2451/2680/2479 2452/2681/2480
f 2430/2659/2458 2420/2652/2451 2416/2647/2446
f 2400/2628/2427 2396/2622/2421 2394/2629/2428
f 2367/2592/2392 2395/2621/2420 2362/2593/2393
f 2129/2366/2183 2109/2312/2133 2141/2356/2174
f 2449/2678/2477 2443/2674/2473 2446/2682/2481
f 2408/2638/2437 2395/2621/2420 2367/2592/2392
f 2411/2642/2441 2434/2665/2464 2436/2667/2466
f 2367/2592/2392 2379/2609/2408 2408/2638/2437
f 2421/2661/2460 2398/2625/2424 2422/2662/2461
f 2453/2683/2482 2412/2643/2442 2441/2672/2471
f 2427/2655/2454 2442/2673/2472 2433/2664/2463
f 2420/2652/2451 2430/2659/2458 2423/2653/2452
f 2454/2684/2483 2437/2668/2467 2455/2685/2484
f 2446/2682/2481 2456/2686/2485 2447/2676/2475
f 2435/2666/2465 2326/2553/2355 2421/2661/2460
f 2427/2655/2454 2457/2687/2486 2442/2673/2472
f 2456/2686/2485 2440/2671/2470 2439/2670/2469
f 2458/2688/2487 2454/2684/2483 2455/2685/2484
f 2410/2641/2440 2445/2675/2474 2444/2689/2488
f 2459/2690/2489 2444/2689/2488 2445/2675/2474
f 2415/2646/2445 2442/2673/2472 2428/2657/2456
f 2397/2624/2423 2412/2643/2442 2453/2683/2482
f 2416/2647/2446 2379/2609/2408 2413/2645/2444
f 2451/2680/2479 2456/2686/2485 2439/2670/2469
f 2400/2628/2427 2385/2623/2422 2396/2622/2421
f 2460/2691/2490 2461/2692/2491 2462/2693/2492
f 2463/2694/2493 2444/2689/2488 2459/2690/2489
f 2435/2666/2465 2424/2660/2459 2364/2590/2390
f 2457/2687/2486 2428/2657/2456 2442/2673/2472
f 2411/2642/2441 2433/2664/2463 2434/2665/2464
f 2448/2677/2476 2447/2676/2475 2451/2680/2479
f 2081/2333/2111 2123/2335/2153 2096/2358/2160
f 2451/2680/2479 2450/2679/2478 2448/2677/2476
f 2441/2672/2471 2417/2648/2447 2465/2695/2494
f 2421/2661/2460 2424/2660/2459 2435/2666/2465
f 2450/2679/2478 2466/2696/2495 2467/2697/2496
f 2440/2671/2470 2456/2686/2485 2446/2682/2481
f 2457/2687/2486 2427/2655/2454 2426/2654/2453
f 2431/2656/2455 2410/2641/2440 2444/2689/2488
f 2468/2698/2497 2449/2678/2477 2448/2677/2476
f 2423/2653/2452 2422/2662/2461 2398/2625/2424
f 2438/2669/2468 2399/2626/2425 2401/2630/2429
f 2431/2656/2455 2427/2655/2454 2433/2664/2463
f 2467/2697/2496 2469/2699/2498 2470/2700/2499
f 2455/2685/2484 2444/2689/2488 2463/2694/2493
f 2471/2701/2500 2463/2694/2493 2472/2702/2501
f 2446/2682/2481 2453/2683/2482 2440/2671/2470
f 2473/2703/2502 2474/2704/2503 2475/2705/2504
f 2455/2685/2484 2463/2694/2493 2471/2701/2500
f 2412/2643/2442 2381/2635/2434 2441/2672/2471
f 2443/2674/2473 2397/2624/2423 2453/2683/2482
f 2441/2672/2471 2381/2635/2434 2417/2648/2447
f 2476/2706/2505 2477/2707/2506 2464/2708/2507
f 2466/2696/2495 2475/2705/2504 2467/2697/2496
f 2462/2693/2492 2449/2678/2477 2468/2698/2497
f 2438/2669/2468 2445/2675/2474 2409/2640/2439
f 2462/2693/2492 2461/2692/2491 2449/2678/2477
f 2443/2674/2473 2453/2683/2482 2446/2682/2481
f 2474/2704/2503 2473/2703/2502 2479/2709/2508
f 2480/2710/2509 2472/2702/2501 2460/2691/2490
f 2437/2668/2467 2444/2689/2488 2455/2685/2484
f 2440/2671/2470 2453/2683/2482 2441/2672/2471
f 2452/2681/2480 2451/2680/2479 2481/2711/2510
f 2474/2704/2503 2478/2712/2511 2475/2705/2504
f 2478/2712/2511 2469/2699/2498 2467/2697/2496
f 2478/2712/2511 2477/2707/2506 2469/2699/2498
f 2447/2676/2475 2449/2678/2477 2446/2682/2481
f 2401/2630/2429 2461/2692/2491 2438/2669/2468
f 2445/2675/2474 2438/2669/2468 2461/2692/2491
f 2447/2676/2475 2456/2686/2485 2451/2680/2479
f 2483/2713/2512 2479/2709/2508 2473/2703/2502
f 2484/2714/2513 2479/2709/2508 2483/2713/2512
f 2461/2692/2491 2401/2630/2429 2449/2678/2477
f 2062/2715/2098 2048/2248/2077 2127/2368/2185
f 2476/2706/2505 2464/2708/2507 2471/2701/2500
f 2455/2685/2484 2471/2701/2500 2464/2708/2507
f 2472/2702/2501 2485/2716/2514 2471/2701/2500
f 2437/2668/2467 2431/2656/2455 2444/2689/2488
f 2476/2706/2505 2471/2701/2500 2485/2716/2514
f 2482/2717/2515 2466/2696/2495 2450/2679/2478
f 2475/2705/2504 2466/2696/2495 2473/2703/2502
f 2486/2718/2516 1945/2162/1992 141/199/176
f 2480/2710/2509 2485/2716/2514 2472/2702/2501
f 2048/2248/2077 2062/2715/2098 2086/2719/2116
f 2044/2246/2075 2048/2248/2077 2086/2719/2116
f 2462/2693/2492 2468/2698/2497 2470/2700/2499
f 1958/2170/2000 2486/2718/2516 2488/2720/2517
f 2100/2319/2140 2489/2721/2518 2086/2291/2116
f 2490/2722/2519 2487/2723/2520 2486/2718/2516
f 1958/2170/2000 1945/2162/1992 2486/2718/2516
f 2128/2349/2167 1937/2156/1986 2062/2715/2098
f 2480/2710/2509 2460/2691/2490 2462/2693/2492
f 2491/2724/2521 2490/2722/2519 2486/2718/2516
f 2466/2696/2495 2493/2725/2522 2473/2703/2502
f 2221/2484/2251 2503/2726/2523 2533/2485/2292
f 2495/2727/2524 2476/2706/2505 2485/2716/2514
f 1915/2136/1966 2182/2432/2246 2183/2728/2525
f 2445/2675/2474 2460/2691/2490 2459/2690/2489
f 2401/2630/2429 2443/2674/2473 2449/2678/2477
f 3998/2729/2526 3793/2730/2527 2228/2731/2528
f 2487/2723/2520 2490/2722/2519 2497/2732/2529
f 2476/2706/2505 2495/2727/2524 2469/2699/2498
f 2469/2699/2498 2480/2710/2509 2462/2693/2492
f 2469/2699/2498 2462/2693/2492 2470/2700/2499
f 2468/2698/2497 2467/2697/2496 2470/2700/2499
f 2468/2698/2497 2448/2677/2476 2467/2697/2496
f 2498/2733/2530 2499/2734/2531 2497/2732/2529
f 2488/2720/2517 2486/2718/2516 2487/2723/2520
f 2488/2720/2517 2487/2723/2520 2500/2735/2532
f 2445/2675/2474 2461/2692/2491 2460/2691/2490
f 4006/2736/2533 3781/2737/2534 2541/2738/2535
f 2486/2718/2516 141/199/176 2491/2724/2521
f 2501/2739/2536 2500/2735/2532 2499/2734/2531
f 2500/2735/2532 2487/2723/2520 2497/2732/2529
f 2469/2699/2498 2477/2707/2506 2476/2706/2505
f 141/199/176 605/688/636 2491/2724/2521
f 2157/2740/2537 2158/2741/2538 2218/2431/2245
f 2493/2725/2522 2466/2696/2495 2482/2717/2515
f 2122/2332/2152 2502/2742/2539 2002/2336/2154
f 3792/2743/2540 3793/2730/2527 3998/2729/2526
f 2495/2727/2524 2485/2716/2514 2480/2710/2509
f 2467/2697/2496 2448/2677/2476 2450/2679/2478
f 2219/2433/2247 2157/2740/2537 2218/2431/2245
f 1915/2136/1966 1991/2195/2025 1916/2137/1967
f 607/690/638 2504/2744/2541 2505/2745/2542
f 2472/2702/2501 2463/2694/2493 2459/2690/2489
f 2469/2699/2498 2495/2727/2524 2480/2710/2509
f 2488/2720/2517 2500/2735/2532 2506/2746/2543
f 626/711/659 2504/2744/2541 607/690/638
f 2472/2702/2501 2459/2690/2489 2460/2691/2490
f 2483/2713/2512 2473/2703/2502 2493/2725/2522
f 2507/2747/2544 2508/2748/2545 2013/2244/2073
f 2509/2749/2546 2499/2734/2531 2498/2733/2530
f 1955/2167/1997 2134/2750/2166 1956/2168/1998
f 2122/2332/2152 2510/2751/2547 2502/2742/2539
f 2475/2705/2504 2478/2712/2511 2467/2697/2496
f 2511/2752/2548 2512/2753/2549 2513/2754/2550
f 2002/2336/2154 2111/2755/2551 1959/2191/2021
f 2490/2722/2519 2491/2724/2521 2497/2732/2529
f 2497/2732/2529 2499/2734/2531 2500/2735/2532
f 2514/2756/2552 626/711/659 2515/2757/2553
f 2127/2368/2185 2128/2349/2167 2062/2715/2098
f 2491/2724/2521 2498/2733/2530 2497/2732/2529
f 2518/2758/2554 2509/2749/2546 2519/2759/2555
f 2516/2760/2556 4010/2761/2557 4008/2762/2558
f 2219/2763/2247 2520/2764/2559 2157/2765/2537
f 2511/2752/2548 2513/2754/2550 2514/2756/2552
f 4015/2766/2560 2565/2767/2561 2557/2768/2562
f 2182/2432/2246 1917/2138/1968 2221/2437/2251
f 1915/2136/1966 1917/2138/1968 2182/2432/2246
f 2004/2206/2036 2005/2208/2038 2121/2369/2186
f 2524/2769/2563 2219/2763/2247 2494/2486/2293
f 2525/2770/2564 2499/2734/2531 2509/2749/2546
f 2131/2771/2162 1936/2155/1985 2069/2278/2104
f 2518/2758/2554 2525/2770/2564 2509/2749/2546
f 2511/2752/2548 2514/2756/2552 2515/2757/2553
f 2219/2763/2247 2524/2769/2563 2520/2764/2559
f 2526/2772/2565 629/715/662 666/807/748
f 605/688/636 607/690/638 2491/2724/2521
f 2121/2369/2186 1986/2275/2101 2004/2206/2036
f 2033/2243/2072 2043/2247/2076 2144/2359/2176
f 2528/2773/2566 2529/2774/2567 1907/2128/1958
f 2532/2775/2568 2125/2340/2158 2094/2776/2569
f 2509/2749/2546 2498/2733/2530 2491/2724/2521
f 626/711/659 629/715/662 2515/2757/2553
f 4015/2766/2560 4005/2777/2570 1991/2195/2025
f 1936/2155/1985 1938/2157/1987 2069/2278/2104
f 2535/2778/2571 2523/2779/2572 2501/2739/2536
f 2118/2328/2148 2199/2403/2219 2117/2327/2147
f 2535/2778/2571 2501/2739/2536 2513/2754/2550
f 2517/2780/2573 4009/2781/2574 2516/2760/2556
f 2523/2779/2572 2535/2778/2571 2536/2782/2575
f 2209/2395/2211 2176/2387/2203 2164/2376/2192
f 1974/2783/2576 2527/2784/2577 2537/2785/2578
f 2175/2426/2241 2162/2435/2249 2207/2402/2218
f 2491/2724/2521 2519/2759/2555 2509/2749/2546
f 2519/2759/2555 2491/2724/2521 607/690/638
f 2513/2754/2550 2501/2739/2536 2499/2734/2531
f 2513/2754/2550 2499/2734/2531 2525/2770/2564
f 2504/2744/2541 2525/2770/2564 2518/2758/2554
f 2054/2253/2082 2099/2304/2125 2055/2254/2083
f 2518/2758/2554 2505/2745/2542 2504/2744/2541
f 2522/2786/2579 2541/2738/2535 2158/2741/2538
f 2542/2787/2580 2543/2788/2581 2526/2772/2565
f 2547/2789/2582 2548/2790/2583 2111/2755/2551
f 2189/2420/2235 2162/2435/2249 2177/2388/2204
f 2210/2393/2209 2209/2395/2211 2164/2376/2192
f 2020/2222/2052 2077/2282/2108 1995/2214/2044
f 2533/2485/2292 2503/2726/2523 2534/2791/2584
f 2530/2792/2585 2549/2793/2586 2550/2794/2587
f 2201/2415/2230 1986/2275/2101 2052/2262/2091
f 738/833/771 2539/2795/2588 739/834/772
f 2530/2792/2585 2077/2282/2108 2020/2222/2052
f 2198/2396/2212 2148/2361/2178 2153/2367/2184
f 2167/2379/2195 2148/2361/2178 2198/2396/2212
f 2088/2295/2119 2058/2269/2097 1990/2203/2033
f 1976/2204/2034 1977/2796/2589 2551/2797/2590
f 2182/2432/2246 2158/2741/2538 2541/2738/2535
f 2167/2379/2195 2169/2381/2197 2148/2361/2178
f 2113/2323/2143 2031/2338/2156 2553/2798/2591
f 2218/2431/2245 2158/2741/2538 2182/2432/2246
f 2077/2282/2108 2531/2799/2592 2532/2775/2568
f 2526/2772/2565 2511/2752/2548 2515/2757/2553
f 2554/2800/2593 738/833/771 762/865/801
f 2504/2744/2541 2513/2754/2550 2525/2770/2564
f 1952/2166/1996 2183/2728/2525 2556/2801/2594
f 2219/2763/2247 2221/2484/2251 2494/2486/2293
f 2514/2756/2552 2504/2744/2541 626/711/659
f 2077/2282/2108 2530/2792/2585 2531/2799/2592
f 2166/2378/2194 2210/2393/2209 2164/2376/2192
f 2514/2756/2552 2513/2754/2550 2504/2744/2541
f 2183/2728/2525 1952/2166/1996 1915/2136/1966
f 2512/2753/2549 2535/2778/2571 2513/2754/2550
f 666/807/748 730/825/764 739/834/772
f 2164/2376/2192 2177/2388/2204 2162/2435/2249
f 2526/2772/2565 2515/2757/2553 629/715/662
f 1904/2126/1956 2002/2336/2154 1960/2188/2018
f 739/834/772 2539/2795/2588 666/807/748
f 2540/2802/2595 2539/2795/2588 2554/2800/2593
f 1991/2195/2025 1917/2138/1968 1916/2137/1967
f 2177/2388/2204 2176/2387/2203 2167/2379/2195
f 2561/2803/2596 2554/2800/2593 762/865/801
f 2164/2376/2192 2162/2435/2249 2196/2416/2231
f 2541/2738/2535 2556/2801/2594 2183/2728/2525
f 2531/2799/2592 2530/2792/2585 2550/2794/2587
f 2561/2803/2596 2562/2804/2597 2554/2800/2593
f 2563/2805/2598 2560/2806/2599 2559/2807/2600
f 2564/2808/2601 2563/2805/2598 2559/2807/2600
f 2176/2387/2203 2170/2382/2198 2167/2379/2195
f 2563/2805/2598 2566/2809/2602 2560/2806/2599
f 2561/2803/2596 2566/2809/2602 2562/2804/2597
f 2231/2451/2263 2210/2393/2209 2166/2378/2194
f 1956/2168/1998 2089/2297/2120 1957/2169/1999
f 2063/2283/2109 2077/2282/2108 2532/2775/2568
f 2195/2394/2210 2176/2387/2203 2209/2395/2211
f 2564/2808/2601 2567/2810/2603 2568/2811/2604
f 2094/2776/2569 2063/2283/2109 2532/2775/2568
f 2183/2728/2525 2182/2432/2246 2541/2738/2535
f 2564/2808/2601 2570/2812/2605 2567/2810/2603
f 2088/2295/2119 2571/2813/2606 2020/2222/2052
f 2545/2814/2607 2058/2269/2097 2108/2311/2132
f 2165/2377/2193 2164/2376/2192 2196/2416/2231
f 2220/2434/2248 2178/2457/2267 2179/2423/2238
f 2530/2792/2585 2020/2222/2052 2571/2813/2606
f 2210/2430/2209 2178/2457/2267 2220/2434/2248
f 1990/2203/2033 2006/2205/2035 2549/2793/2586
f 2545/2814/2607 1990/2203/2033 2058/2269/2097
f 738/833/771 2554/2800/2593 2539/2795/2588
f 1903/2125/1955 2573/2815/2608 2574/2816/2609
f 2531/2799/2592 2558/2817/2610 2015/2818/2611
f 2575/2819/2612 2549/2793/2586 2006/2205/2035
f 2557/2820/2562 4018/2821/2613 4011/2822/2614
f 756/867/794 2569/2823/2615 2572/2824/2616
f 2551/2797/2590 2576/2825/2617 2529/2774/2567
f 2516/2760/2556 2577/2826/2618 2534/2791/2584
f 2088/2295/2119 2549/2793/2586 2571/2813/2606
f 2534/2791/2584 2517/2780/2573 2516/2760/2556
f 2002/2336/2154 1904/2126/1956 2003/2256/2085
f 2015/2818/2611 2578/2827/2619 2532/2775/2568
f 2579/2828/2620 2580/2829/2621 1951/2165/1995
f 2561/2803/2596 762/865/801 2560/2806/2599
f 1952/2166/1996 2579/2828/2620 1951/2165/1995
f 2557/2820/2562 4012/2830/2622 2238/2831/2623
f 1990/2203/2033 2545/2814/2607 1976/2204/2034
f 2532/2775/2568 2531/2799/2592 2015/2818/2611
f 2560/2806/2599 2566/2809/2602 2561/2803/2596
f 2569/2832/2615 756/858/794 1127/1277/1164
f 2582/2833/2624 1127/1277/1164 2583/2834/2625
f 2584/2835/2626 2575/2819/2612 2528/2773/2566
f 2559/2807/2600 2560/2806/2599 762/865/801
f 1989/2193/2023 2091/2299/2122 2057/2260/2089
f 2563/2805/2598 2564/2808/2601 2568/2811/2604
f 1917/2138/1968 4005/2777/2570 2557/2768/2562
f 2489/2721/2518 2585/2836/2627 2130/2343/2161
f 1141/1295/1179 1145/1294/1178 2586/2837/2628
f 1976/2204/2034 2551/2797/2590 2006/2205/2035
f 2582/2833/2624 2583/2834/2625 2581/2838/2629
f 2559/2807/2600 762/865/801 753/851/788
f 1907/2128/1958 2584/2835/2626 2528/2773/2566
f 2091/2299/2122 1989/2193/2023 2587/2839/2630
f 1127/1277/1164 2570/2840/2605 2569/2832/2615
f 2530/2792/2585 2571/2813/2606 2549/2793/2586
f 1997/2261/2090 2588/2841/2631 2067/2842/2632
f 2108/2311/2132 2546/2843/2633 2545/2814/2607
f 2570/2840/2605 1127/1277/1164 2582/2833/2624
f 2589/2844/2634 2548/2790/2583 2547/2789/2582
f 2590/2845/2635 2591/2846/2636 2586/2837/2628
f 2582/2833/2624 2567/2847/2603 2570/2840/2605
f 2572/2824/2616 753/851/788 756/867/794
f 2087/2292/2117 2592/2848/2637 2593/2849/2638
f 2965/2850/2639 2567/2847/2603 2582/2833/2624
f 2526/2772/2565 2540/2802/2595 2542/2787/2580
f 2528/2773/2566 2006/2205/2035 2551/2797/2590
f 2581/2838/2629 2965/2850/2639 2582/2833/2624
f 1127/1277/1164 1141/1295/1179 2583/2834/2625
f 2015/2818/2611 2014/2851/2640 2578/2827/2619
f 2592/2848/2637 2087/2292/2117 2130/2343/2161
f 1976/2204/2034 2545/2814/2607 1977/2796/2589
f 2125/2340/2158 3799/2852/2641 2094/2776/2569
f 2091/2299/2122 2588/2841/2631 1997/2261/2090
f 2130/2343/2161 2585/2836/2627 2592/2848/2637
f 2014/2851/2640 1980/2186/2016 2578/2827/2619
f 1960/2188/2018 2002/2336/2154 1959/2191/2021
f 2125/2340/2158 2124/2339/2157 3799/2852/2641
f 2088/2295/2119 1990/2203/2033 2549/2793/2586
f 2126/2341/2159 2578/2827/2619 1993/2202/2032
f 2576/2825/2617 1977/2796/2589 2596/2853/2642
f 2598/2854/2643 2599/2855/2644 2594/2856/2645
f 2150/2363/2180 2152/2365/2182 2601/2857/2646
f 2594/2856/2645 2599/2855/2644 2595/2858/2647
f 2576/2825/2617 2596/2853/2642 2593/2849/2638
f 2552/2859/2648 2134/2750/2166 1955/2167/1997
f 1158/1309/1191 2599/2855/2644 2598/2854/2643
f 2604/2860/2649 2187/2424/2239 2601/2857/2646
f 2050/2250/2079 2049/2249/2078 2154/2861/2650
f 2119/2330/2150 2605/2862/2651 2606/2863/2652
f 2532/2775/2568 2578/2827/2619 2125/2340/2158
f 2187/2424/2239 2150/2363/2180 2601/2857/2646
f 2550/2794/2587 2558/2817/2610 2531/2799/2592
f 1158/1309/1191 2598/2854/2643 1206/1361/1240
f 2187/2424/2239 2604/2860/2649 2607/2864/2653
f 2113/2323/2143 2608/2865/2654 2156/2372/2188
f 2551/2797/2590 1977/2796/2589 2576/2825/2617
f 2591/2846/2636 2583/2834/2625 2586/2837/2628
f 2528/2773/2566 2551/2797/2590 2529/2774/2567
f 2586/2837/2628 2583/2834/2625 1141/1295/1179
f 2609/2866/2655 2602/2867/2656 2610/2868/2657
f 2091/2299/2122 2066/2346/2164 2067/2842/2632
f 2126/2341/2159 2125/2340/2158 2578/2827/2619
f 2595/2858/2647 2590/2845/2635 2586/2837/2628
f 1229/1509/1381 2599/2855/2644 1158/1309/1191
f 2604/2860/2649 2601/2857/2646 2603/2869/2658
f 2550/2794/2587 2549/2793/2586 2575/2819/2612
f 2067/2842/2632 2588/2841/2631 2091/2299/2122
f 2610/2868/2657 2050/2250/2079 2614/2870/2659
f 2612/2871/2660 2613/2872/2661 2616/2873/2662
f 2595/2858/2647 2597/2874/2663 2590/2845/2635
f 2587/2839/2630 2142/2357/2175 2617/2875/2664
f 2619/2876/2665 2613/2872/2661 2612/2871/2660
f 2620/2877/2666 2548/2790/2583 2589/2844/2634
f 1206/1361/1240 2598/2854/2643 1205/1360/1239
f 2621/2878/2667 2595/2858/2647 2599/2855/2644
f 2622/2879/2668 2618/2880/2669 2603/2869/2658
f 2050/2250/2079 2154/2861/2650 2614/2870/2659
f 2624/2881/2670 2607/2864/2653 2604/2860/2649
f 2594/2856/2645 1145/1294/1178 1205/1360/1239
f 2624/2881/2670 2632/2882/2671 2302/2529/2332
f 2625/2883/2672 2620/2877/2666 2589/2844/2634
f 2488/2720/2517 2601/2857/2646 1958/2170/2000
f 2624/2881/2670 2618/2880/2669 2622/2879/2668
f 1145/1294/1178 2595/2858/2647 2586/2837/2628
f 2594/2856/2645 2595/2858/2647 1145/1294/1178
f 2623/2884/2673 2506/2746/2543 2523/2779/2572
f 2611/2885/2674 2595/2858/2647 2621/2878/2667
f 2523/2779/2572 2500/2735/2532 2501/2739/2536
f 2587/2839/2630 1989/2193/2023 2142/2357/2175
f 2627/2886/2675 2628/2887/2676 2629/2888/2677
f 2599/2855/2644 1229/1509/1381 2621/2878/2667
f 2630/2889/2678 2624/2881/2670 2622/2879/2668
f 2602/2867/2656 2051/2251/2080 2050/2250/2079
f 2489/2721/2518 2602/2867/2656 2609/2866/2655
f 2631/2890/2679 2214/2427/2242 2303/2530/2333
f 2302/2529/2332 2187/2424/2239 2607/2864/2653
f 2631/2890/2679 2303/2530/2333 2632/2882/2671
f 1139/1288/1172 1205/1360/1239 1145/1294/1178
f 2609/2866/2655 2585/2836/2627 2489/2721/2518
f 1989/2193/2023 1947/2192/2022 2142/2357/2175
f 2624/2881/2670 2604/2860/2649 2618/2880/2669
f 2632/2882/2671 2303/2530/2333 2302/2529/2332
f 2635/2891/2680 2632/2882/2671 2624/2881/2670
f 2622/2879/2668 2636/2892/2681 2637/2893/2682
f 2630/2889/2678 2622/2879/2668 2637/2893/2682
f 2601/2857/2646 2488/2720/2517 2506/2746/2543
f 2154/2894/2650 2136/2352/2170 2634/2895/2683
f 2635/2891/2680 2624/2881/2670 2630/2889/2678
f 1205/1360/1239 2598/2854/2643 2594/2856/2645
f 2601/2857/2646 2506/2746/2543 2603/2869/2658
f 2638/2896/2684 2630/2889/2678 2639/2897/2685
f 2512/2753/2549 2536/2782/2575 2535/2778/2571
f 2640/2898/2686 2630/2889/2678 2633/2899/2687
f 2096/2342/2160 2641/2900/2688 2106/2310/2131
f 2640/2898/2686 2639/2897/2685 2630/2889/2678
f 2506/2746/2543 2500/2735/2532 2523/2779/2572
f 2607/2864/2653 2624/2881/2670 2302/2529/2332
f 2643/2901/2689 2644/2902/2690 2645/2903/2691
f 1927/2147/1977 1958/2170/2000 1911/2132/1962
f 2152/2365/2182 1911/2132/1962 1958/2170/2000
f 2646/2904/2692 2543/2788/2581 2642/2905/2693
f 2647/2906/2694 2644/2902/2690 2648/2907/2695
f 2642/2905/2693 2542/2787/2580 2649/2908/2696
f 2636/2892/2681 2523/2779/2572 2536/2782/2575
f 2646/2904/2692 2640/2898/2686 2650/2909/2697
f 2637/2893/2682 2636/2892/2681 2536/2782/2575
f 2651/2910/2698 2640/2898/2686 2646/2904/2692
f 2652/2911/2699 2536/2782/2575 2512/2753/2549
f 2601/2857/2646 2152/2365/2182 1958/2170/2000
f 2650/2909/2697 2543/2788/2581 2646/2904/2692
f 2623/2884/2673 2603/2869/2658 2506/2746/2543
f 2653/2912/2700 2256/2478/2286 2645/2913/2691
f 2654/2914/2701 2655/2915/2702 2656/2916/2703
f 2519/2759/2555 607/690/638 2505/2745/2542
f 2657/2917/2704 2647/2906/2694 2654/2914/2701
f 2658/2918/2705 2639/2897/2685 2640/2898/2686
f 2636/2892/2681 2623/2884/2673 2523/2779/2572
f 2214/2427/2242 2659/2919/2706 2660/2920/2707
f 2626/2921/2708 2592/2848/2637 2661/2922/2709
f 2643/2901/2689 2225/2444/2256 2255/2476/2285
f 2660/2920/2707 2648/2907/2695 2252/2472/2281
f 2659/2919/2706 2648/2907/2695 2660/2920/2707
f 2536/2782/2575 2633/2899/2687 2637/2893/2682
f 2622/2879/2668 2603/2869/2658 2623/2884/2673
f 2108/2311/2132 2106/2310/2131 2546/2843/2633
f 2519/2759/2555 2505/2745/2542 2518/2758/2554
f 2665/2923/2710 2662/2924/2711 2256/2478/2286
f 2637/2893/2682 2633/2899/2687 2630/2889/2678
f 2653/2912/2700 2645/2913/2691 2657/2925/2704
f 2235/2452/2264 2225/2454/2256 2643/2926/2689
f 2645/2903/2691 2647/2906/2694 2657/2917/2704
f 2252/2472/2281 2648/2907/2695 2255/2476/2285
f 2644/2902/2690 2255/2476/2285 2648/2907/2695
f 2511/2752/2548 2652/2911/2699 2512/2753/2549
f 2664/2927/2712 2254/2475/2284 2239/2460/2269
f 2650/2909/2697 2652/2911/2699 2543/2788/2581
f 2604/2860/2649 2603/2869/2658 2618/2880/2669
f 2636/2892/2681 2622/2879/2668 2623/2884/2673
f 2667/2928/2713 2665/2923/2710 2663/2929/2714
f 2668/2930/2715 2667/2928/2713 2663/2929/2714
f 2652/2911/2699 2511/2752/2548 2543/2788/2581
f 2669/2931/2716 2670/2932/2717 2671/2933/2718
f 2672/2934/2719 2673/2935/2720 2674/2936/2721
f 2675/2937/2722 2664/2927/2712 2676/2938/2723
f 2241/2462/2271 2256/2478/2286 2662/2924/2711
f 2526/2772/2565 2543/2788/2581 2511/2752/2548
f 2536/2782/2575 2652/2911/2699 2633/2899/2687
f 2679/2939/2724 2677/2940/2725 2678/2941/2726
f 2663/2929/2714 2653/2912/2700 2657/2925/2704
f 2678/2941/2726 2672/2934/2719 2681/2942/2727
f 2635/2891/2680 2630/2889/2678 2638/2896/2684
f 2633/2899/2687 2652/2911/2699 2650/2909/2697
f 2395/2621/2420 2388/2614/2413 2387/2613/2412
f 2650/2909/2697 2640/2898/2686 2633/2899/2687
f 2643/2901/2689 2255/2476/2285 2644/2902/2690
f 2667/2928/2713 2682/2943/2728 2239/2460/2269
f 2526/2772/2565 666/807/748 2539/2795/2588
f 2542/2787/2580 2642/2905/2693 2543/2788/2581
f 2686/2944/2729 2680/2945/2730 2687/2946/2731
f 2664/2927/2712 2239/2460/2269 2682/2943/2728
f 2679/2939/2724 2678/2941/2726 2681/2942/2727
f 2665/2923/2710 2239/2460/2269 2662/2924/2711
f 2683/2947/2732 2632/2882/2671 2635/2891/2680
f 2667/2928/2713 2239/2460/2269 2665/2923/2710
f 2683/2947/2732 2655/2915/2702 2632/2882/2671
f 2676/2938/2723 2672/2934/2719 2678/2941/2726
f 2684/2948/2733 2253/2474/2283 2675/2937/2722
f 2654/2914/2701 2656/2916/2703 2689/2949/2734
f 2539/2795/2588 2540/2802/2595 2526/2772/2565
f 2235/2452/2264 2643/2926/2689 2645/2913/2691
f 2645/2913/2691 2256/2478/2286 2235/2452/2264
f 2685/2950/2735 2631/2890/2679 2632/2882/2671
f 2684/2948/2733 2259/2481/2289 2253/2474/2283
f 2672/2934/2719 2682/2943/2728 2667/2928/2713
f 2691/2951/2736 2631/2890/2679 2685/2950/2735
f 2239/2460/2269 2241/2462/2271 2662/2924/2711
f 2214/2427/2242 2631/2890/2679 2691/2951/2736
f 2660/2920/2707 2252/2472/2281 2692/2952/2737
f 2689/2949/2734 2693/2953/2738 2654/2914/2701
f 2214/2427/2242 2691/2951/2736 2659/2919/2706
f 2651/2910/2698 2646/2904/2692 2694/2954/2739
f 2663/2929/2714 2657/2925/2704 2695/2955/2740
f 2664/2927/2712 2682/2943/2728 2676/2938/2723
f 2672/2934/2719 2676/2938/2723 2682/2943/2728
f 2688/2956/2741 2677/2940/2725 2696/2957/2742
f 2654/2914/2701 2693/2953/2738 2697/2958/2743
f 2254/2475/2284 2675/2937/2722 2253/2474/2283
f 2698/2959/2744 2673/2935/2720 2695/2955/2740
f 2646/2904/2692 2642/2905/2693 2649/2908/2696
f 2664/2927/2712 2675/2937/2722 2254/2475/2284
f 2680/2945/2730 2259/2481/2289 2684/2948/2733
f 2699/2960/2745 2697/2958/2743 2700/2961/2746
f 2280/2502/2309 2259/2481/2289 2680/2945/2730
f 2668/2930/2715 2663/2929/2714 2673/2935/2720
f 2667/2928/2713 2668/2930/2715 2673/2935/2720
f 2640/2898/2686 2651/2910/2698 2658/2918/2705
f 2701/2962/2747 2702/2963/2748 2703/2964/2749
f 2704/2965/2750 2699/2960/2745 2700/2961/2746
f 2687/2946/2731 2688/2956/2741 2696/2957/2742
f 2694/2954/2739 2646/2904/2692 2705/2966/2751
f 2706/2967/2752 2704/2965/2750 2700/2961/2746
f 2707/2968/2753 2687/2946/2731 2696/2957/2742
f 2688/2956/2741 2680/2945/2730 2684/2948/2733
f 2708/2969/2754 2709/2970/2755 2674/2936/2721
f 2679/2939/2724 2696/2957/2742 2677/2940/2725
f 2672/2934/2719 2667/2928/2713 2673/2935/2720
f 2680/2945/2730 2688/2956/2741 2687/2946/2731
f 2651/2910/2698 2710/2971/2756 2658/2918/2705
f 2687/2946/2731 2690/2972/2757 2686/2944/2729
f 2711/2973/2758 2638/2896/2684 2639/2897/2685
f 2712/2974/2759 2696/2957/2742 2679/2939/2724
f 2673/2935/2720 2663/2929/2714 2695/2955/2740
f 2714/2975/2760 2709/2970/2755 2708/2969/2754
f 2700/2961/2746 2697/2958/2743 2715/2976/2761
f 2717/2977/2762 2690/2972/2757 2716/2978/2763
f 2657/2917/2704 2654/2914/2701 2699/2960/2745
f 2698/2959/2744 2695/2955/2740 2713/2979/2764
f 2711/2973/2758 2718/2980/2765 2697/2958/2743
f 2638/2896/2684 2656/2916/2703 2683/2947/2732
f 2689/2949/2734 2711/2973/2758 2693/2953/2738
f 2689/2949/2734 2656/2916/2703 2638/2896/2684
f 2699/2960/2745 2654/2914/2701 2697/2958/2743
f 2715/2976/2761 2697/2958/2743 2718/2980/2765
f 2680/2945/2730 2719/2981/2766 2280/2502/2309
f 2658/2918/2705 2710/2971/2756 2639/2897/2685
f 2707/2968/2753 2696/2957/2742 2720/2982/2767
f 2721/2983/2768 2708/2969/2754 2703/2964/2749
f 2695/2955/2740 2657/2925/2704 2713/2979/2764
f 2721/2983/2768 2714/2975/2760 2708/2969/2754
f 2713/2984/2764 2657/2917/2704 2699/2960/2745
f 2683/2947/2732 2635/2891/2680 2638/2896/2684
f 2722/2985/2769 2700/2961/2746 2715/2976/2761
f 2707/2968/2753 2723/2986/2770 2687/2946/2731
f 2724/2987/2771 2716/2978/2763 2687/2946/2731
f 2724/2987/2771 2687/2946/2731 2723/2986/2770
f 2713/2984/2764 2699/2960/2745 2704/2965/2750
f 2717/2977/2762 2716/2978/2763 2724/2987/2771
f 2712/2974/2759 2679/2939/2724 2714/2975/2760
f 2673/2935/2720 2698/2959/2744 2674/2936/2721
f 2651/2910/2698 2694/2954/2739 2710/2971/2756
f 2711/2973/2758 2689/2949/2734 2638/2896/2684
f 2247/2467/2276 2355/2582/2383 2358/2639/2438
f 2368/2595/2395 2355/2582/2383 2247/2467/2276
f 2725/2988/2772 2726/2989/2773 2727/2990/2774
f 2704/2965/2750 2706/2967/2752 2713/2984/2764
f 2710/2971/2756 2711/2973/2758 2639/2897/2685
f 2701/2962/2747 2713/2979/2764 2706/2991/2752
f 2709/2970/2755 2681/2942/2727 2672/2934/2719
f 2382/2644/2443 2385/2623/2422 2386/2627/2426
f 2674/2936/2721 2709/2970/2755 2672/2934/2719
f 2696/2957/2742 2712/2974/2759 2720/2982/2767
f 2679/2939/2724 2681/2942/2727 2709/2970/2755
f 2729/2992/2775 2723/2986/2770 2707/2968/2753
f 2731/2993/2776 2724/2987/2771 2723/2986/2770
f 2712/2974/2759 2714/2975/2760 2728/2994/2777
f 2732/2995/2778 2734/2996/2779 2735/2997/2780
f 2732/2995/2778 2705/2966/2751 2734/2996/2779
f 2736/2998/2781 2735/2997/2780 2737/2999/2782
f 2698/2959/2744 2713/2979/2764 2701/2962/2747
f 2703/2964/2749 2708/2969/2754 2698/2959/2744
f 2732/2995/2778 2735/2997/2780 2738/3000/2783
f 2703/2964/2749 2698/2959/2744 2701/2962/2747
f 2712/2974/2759 2728/2994/2777 2720/2982/2767
f 2732/2995/2778 2710/2971/2756 2694/2954/2739
f 2737/2999/2782 2739/3001/2784 2736/2998/2781
f 2728/2994/2777 2727/2990/2774 2726/2989/2773
f 2732/2995/2778 2694/2954/2739 2705/2966/2751
f 2693/2953/2738 2711/2973/2758 2697/2958/2743
f 2741/3002/2785 2742/3003/2786 2743/3004/2787
f 2745/3005/2788 2728/2994/2777 2726/2989/2773
f 2728/2994/2777 2745/3005/2788 2733/3006/2789
f 2722/2985/2769 2740/3007/2790 2746/3008/2791
f 2727/2990/2774 2721/2983/2768 2725/2988/2772
f 2711/2973/2758 2732/2995/2778 2747/3009/2792
f 2748/3010/2793 2740/3007/2790 2744/3011/2794
f 2698/2959/2744 2708/2969/2754 2674/2936/2721
f 2718/2980/2765 2711/2973/2758 2747/3009/2792
f 2716/2978/2763 2690/2972/2757 2687/2946/2731
f 2738/3000/2783 2747/3009/2792 2732/2995/2778
f 2748/3010/2793 2746/3008/2791 2740/3007/2790
f 2368/2595/2395 2247/2467/2276 2246/2466/2275
f 2246/2466/2275 2271/2494/2301 2368/2595/2395
f 2751/3012/2795 2706/2967/2752 2722/2985/2769
f 2718/2980/2765 2747/3009/2792 2753/3013/2796
f 2730/3014/2797 2554/2800/2593 2562/2804/2597
f 2743/3004/2787 2722/2985/2769 2746/3008/2791
f 2369/2596/2396 2368/2595/2395 2271/2494/2301
f 2722/2985/2769 2743/3004/2787 2751/3012/2795
f 2755/3015/2798 2738/3000/2783 2735/2997/2780
f 2756/3016/2799 2729/2992/2775 2733/3006/2789
f 2540/2802/2595 2554/2800/2593 2730/3014/2797
f 2706/2967/2752 2700/2961/2746 2722/2985/2769
f 2757/3017/2800 2746/3008/2791 2748/3010/2793
f 2741/3002/2785 2746/3008/2791 2757/3017/2800
f 2759/3018/2801 2755/3015/2798 2754/3019/2802
f 2761/3020/2803 2729/2992/2775 2756/3016/2799
f 2730/3014/2797 2734/2996/2779 2705/2966/2751
f 2707/2968/2753 2720/2982/2767 2729/2992/2775
f 2563/2805/2598 2758/3021/2804 2566/2809/2602
f 2563/2805/2598 2760/3022/2805 2758/3021/2804
f 2754/3019/2802 2762/3023/2806 2760/3022/2805
f 2760/3022/2805 2763/3024/2807 2754/3019/2802
f 2764/3025/2808 2763/3024/2807 2760/3022/2805
f 2718/2980/2765 2753/3013/2796 2740/3007/2790
f 2355/2582/2383 2368/2595/2395 2403/2632/2431
f 2749/3026/2809 2701/2962/2747 2742/3027/2786
f 2737/2999/2782 2734/2996/2779 2730/3014/2797
f 2765/3028/2810 2754/3019/2802 2763/3024/2807
f 2744/3011/2794 2740/3007/2790 2753/3013/2796
f 2729/2992/2775 2767/3029/2811 2723/2986/2770
f 2366/2597/2397 2403/2632/2431 2368/2595/2395
f 2758/3021/2804 2562/2804/2597 2566/2809/2602
f 2739/3001/2784 2768/3030/2812 2758/3021/2804
f 2731/2993/2776 2723/2986/2770 2767/3029/2811
f 2736/2998/2781 2755/3015/2798 2735/2997/2780
f 2730/3014/2797 2768/3030/2812 2737/2999/2782
f 2769/3031/2813 2753/3013/2796 2747/3009/2792
f 2764/3025/2808 2568/2811/2604 2770/3032/2814
f 2732/2995/2778 2711/2973/2758 2710/2971/2756
f 2720/2982/2767 2733/3006/2789 2729/2992/2775
f 2730/3014/2797 2562/2804/2597 2768/3030/2812
f 2702/2963/2748 2701/2962/2747 2771/3033/2815
f 2768/3030/2812 2562/2804/2597 2758/3021/2804
f 2753/3013/2796 2769/3031/2813 2744/3011/2794
f 2771/3033/2815 2749/3026/2809 2750/3034/2816
f 2772/3035/2817 2744/3011/2794 2759/3018/2801
f 2767/3029/2811 2729/2992/2775 2761/3020/2803
f 2706/2967/2752 2751/3012/2795 2742/3003/2786
f 2747/3009/2792 2738/3000/2783 2755/3015/2798
f 2743/3004/2787 2742/3003/2786 2751/3012/2795
f 2567/2810/2603 2770/3032/2814 2568/2811/2604
f 2744/3011/2794 2773/3036/2818 2748/3010/2793
f 2701/2962/2747 2706/2991/2752 2742/3027/2786
f 2764/3025/2808 2760/3022/2805 2563/2805/2598
f 2722/2985/2769 2715/2976/2761 2740/3007/2790
f 2740/3007/2790 2715/2976/2761 2718/2980/2765
f 2735/2997/2780 2734/2996/2779 2737/2999/2782
f 2762/3023/2806 2736/2998/2781 2739/3001/2784
f 2726/2989/2773 2725/2988/2772 2774/3037/2819
f 2746/3008/2791 2741/3002/2785 2743/3004/2787
f 2739/3001/2784 2737/2999/2782 2768/3030/2812
f 2772/3035/2817 2759/3018/2801 2775/3038/2820
f 2726/2989/2773 2774/3037/2819 2776/3039/2821
f 2778/3040/2822 2404/2633/2432 2373/2602/2401
f 2779/3041/2823 2742/3003/2786 2741/3002/2785
f 2760/3022/2805 2739/3001/2784 2758/3021/2804
f 2766/3042/2824 2754/3019/2802 2765/3028/2810
f 2762/3023/2806 2739/3001/2784 2760/3022/2805
f 2749/3026/2809 2771/3033/2815 2701/2962/2747
f 2755/3015/2798 2744/3011/2794 2782/3043/2825
f 2749/3026/2809 2742/3027/2786 2779/3044/2823
f 2418/2649/2448 2405/2634/2433 2783/3045/2826
f 2764/3025/2808 2765/3028/2810 2763/3024/2807
f 2741/3002/2785 2757/3017/2800 2786/3046/2827
f 2741/3002/2785 2786/3046/2827 2779/3041/2823
f 2787/3047/2828 2778/3040/2822 2373/2602/2401
f 2754/3019/2802 2736/2998/2781 2762/3023/2806
f 2755/3015/2798 2782/3043/2825 2747/3009/2792
f 2772/3035/2817 2773/3036/2818 2744/3011/2794
f 2769/3031/2813 2747/3009/2792 2782/3043/2825
f 2788/3048/2829 2789/3049/2830 2790/3050/2831
f 2744/3011/2794 2769/3031/2813 2782/3043/2825
f 2778/3040/2822 2792/3051/2832 2793/3052/2833
f 2749/3026/2809 2779/3044/2823 2794/3053/2834
f 2754/3019/2802 2766/3042/2824 2759/3018/2801
f 2797/3054/2835 2773/3036/2818 2772/3035/2817
f 2748/3010/2793 2773/3036/2818 2797/3054/2835
f 2757/3017/2800 2748/3010/2793 2797/3054/2835
f 2418/2649/2448 2798/3055/2836 2799/3056/2837
f 2796/3057/2838 2793/3052/2833 2792/3051/2832
f 2795/3058/2839 2796/3057/2838 2792/3051/2832
f 2800/3059/2840 2731/2993/2776 2801/3060/2841
f 2783/3045/2826 2798/3055/2836 2418/2649/2448
f 2383/2611/2410 2280/2502/2309 2719/2981/2766
f 2790/3050/2831 2784/3061/2842 2791/3062/2843
f 2390/2616/2415 2383/2611/2410 2719/2981/2766
f 2756/3016/2799 2733/3006/2789 2745/3005/2788
f 2756/3016/2799 2745/3005/2788 2802/3063/2844
f 2745/3005/2788 2726/2989/2773 2777/3064/2845
f 2771/3033/2815 2725/2988/2772 2702/2963/2748
f 2761/3020/2803 2803/3065/2846 2767/3029/2811
f 2784/3061/2842 2790/3050/2831 2789/3049/2830
f 2744/3011/2794 2755/3015/2798 2759/3018/2801
f 2745/3005/2788 2777/3064/2845 2802/3063/2844
f 2736/2998/2781 2754/3019/2802 2755/3015/2798
f 2804/3066/2847 2791/3062/2843 2717/2977/2762
f 2783/3045/2826 2404/2633/2432 2778/3040/2822
f 2568/2811/2604 2764/3025/2808 2563/2805/2598
f 2405/2634/2433 2404/2633/2432 2783/3045/2826
f 2719/2981/2766 2371/2601/2400 2390/2616/2415
f 2771/3033/2815 2774/3037/2819 2725/2988/2772
f 2806/3067/2848 2803/3065/2846 2761/3020/2803
f 2441/2672/2471 2465/2695/2494 2439/2670/2469
f 2790/3050/2831 2791/3062/2843 2804/3066/2847
f 2807/3068/2849 2803/3065/2846 2806/3067/2848
f 2798/3055/2836 2805/3069/2850 2799/3056/2837
f 2785/3070/2851 2805/3069/2850 2795/3058/2839
f 2680/2945/2730 2781/3071/2852 2719/2981/2766
f 2724/2987/2771 2800/3059/2840 2804/3066/2847
f 2784/3061/2842 2808/3072/2853 2785/3070/2851
f 2781/3071/2852 2371/2601/2400 2719/2981/2766
f 2793/3052/2833 2783/3045/2826 2778/3040/2822
f 2750/3034/2816 2774/3037/2819 2771/3033/2815
f 2731/2993/2776 2803/3065/2846 2807/3068/2849
f 2800/3059/2840 2788/3048/2829 2804/3066/2847
f 2800/3059/2840 2724/2987/2771 2731/2993/2776
f 2752/3073/2854 2750/3034/2816 2749/3026/2809
f 2809/3074/2855 2805/3069/2850 2785/3070/2851
f 2809/3074/2855 2799/3056/2837 2805/3069/2850
f 2787/3047/2828 2717/2977/2762 2791/3062/2843
f 2439/2670/2469 2465/2695/2494 2810/3075/2856
f 2439/2670/2469 2810/3075/2856 2481/2711/2510
f 2796/3057/2838 2805/3069/2850 2798/3055/2836
f 2791/3062/2843 2778/3040/2822 2787/3047/2828
f 2792/3051/2832 2778/3040/2822 2791/3062/2843
f 2811/3076/2857 2785/3070/2851 2808/3072/2853
f 2781/3071/2852 2686/2944/2729 2690/2972/2757
f 2787/3047/2828 2371/2601/2400 2781/3071/2852
f 2787/3047/2828 2373/2602/2401 2371/2601/2400
f 2801/3060/2841 2731/2993/2776 2807/3068/2849
f 2787/3047/2828 2781/3071/2852 2690/2972/2757
f 2812/3077/2858 2813/3078/2859 2814/3079/2860
f 2356/2583/2384 2172/2384/2200 2202/2412/2227
f 2724/2987/2771 2804/3066/2847 2717/2977/2762
f 2815/3080/2861 2814/3079/2860 2813/3078/2859
f 2812/3077/2858 2481/2711/2510 2810/3075/2856
f 2690/2972/2757 2717/2977/2762 2787/3047/2828
f 2791/3062/2843 2795/3058/2839 2792/3051/2832
f 2798/3055/2836 2783/3045/2826 2793/3052/2833
f 2439/2670/2469 2481/2711/2510 2451/2680/2479
f 2785/3070/2851 2795/3058/2839 2784/3061/2842
f 2788/3048/2829 2800/3059/2840 2817/3081/2862
f 2380/2610/2409 2359/2589/2389 2393/2620/2419
f 2818/3082/2863 2816/3083/2864 2809/3074/2855
f 2776/3039/2821 2774/3037/2819 2750/3034/2816
f 2819/3084/2865 2820/3085/2866 2788/3048/2829
f 2821/3086/2867 2813/3078/2859 2818/3082/2863
f 2796/3057/2838 2798/3055/2836 2793/3052/2833
f 2805/3069/2850 2796/3057/2838 2795/3058/2839
f 2788/3048/2829 2817/3081/2862 2819/3084/2865
f 2452/2681/2480 2481/2711/2510 2814/3079/2860
f 2822/3087/2868 2821/3086/2867 2818/3082/2863
f 2823/3088/2869 2824/3089/2870 2825/3090/2871
f 2818/3082/2863 2809/3074/2855 2785/3070/2851
f 2811/3076/2857 2818/3082/2863 2785/3070/2851
f 2826/3091/2872 2380/2610/2409 2393/2620/2419
f 2827/3092/2873 2814/3079/2860 2815/3080/2861
f 2801/3060/2841 2817/3081/2862 2800/3059/2840
f 2822/3087/2868 2818/3082/2863 2811/3076/2857
f 2287/2512/2318 2288/2514/2320 2315/2544/2347
f 2826/3091/2872 2393/2620/2419 2376/2607/2406
f 2812/3077/2858 2814/3079/2860 2481/2711/2510
f 2316/2569/2370 2315/2544/2347 2288/2514/2320
f 2265/2487/2294 2357/2584/2385 2202/2412/2227
f 2791/3062/2843 2784/3061/2842 2795/3058/2839
f 2357/2584/2385 2356/2583/2384 2202/2412/2227
f 2790/3050/2831 2804/3066/2847 2788/3048/2829
f 2821/3086/2867 2815/3080/2861 2813/3078/2859
f 2814/3079/2860 2827/3092/2873 2452/2681/2480
f 2812/3077/2858 2810/3075/2856 2816/3083/2864
f 2767/3029/2811 2803/3065/2846 2731/2993/2776
f 2828/3093/2874 2819/3084/2865 2817/3081/2862
f 2358/2639/2438 2357/2584/2385 2265/2487/2294
f 2828/3093/2874 2817/3081/2862 2801/3060/2841
f 2829/3094/2875 2801/3060/2841 2807/3068/2849
f 2376/2607/2406 2393/2620/2419 2366/2597/2397
f 2357/2584/2385 2358/2639/2438 2355/2582/2383
f 2830/3095/2876 2831/3096/2877 2832/3097/2878
f 2789/3049/2830 2808/3072/2853 2784/3061/2842
f 2831/3096/2877 2830/3095/2876 2834/3098/2879
f 2812/3077/2858 2816/3083/2864 2813/3078/2859
f 2836/3099/2880 2833/3100/2881 2832/3097/2878
f 2316/2569/2370 2293/2522/2325 2342/2570/2371
f 2813/3078/2859 2816/3083/2864 2818/3082/2863
f 2452/2681/2480 2827/3092/2873 2837/3101/2882
f 2822/3087/2868 2832/3097/2878 2821/3086/2867
f 2836/3099/2880 2811/3076/2857 2835/3102/2883
f 2839/3103/2884 2833/3100/2881 2836/3099/2880
f 2815/3080/2861 2821/3086/2867 2832/3097/2878
f 2840/3104/2885 2841/3105/2886 2831/3096/2877
f 2815/3080/2861 2841/3105/2886 2842/3106/2887
f 2836/3099/2880 2832/3097/2878 2811/3076/2857
f 2815/3080/2861 2842/3106/2887 2827/3092/2873
f 2841/3105/2886 2815/3080/2861 2831/3096/2877
f 2835/3102/2883 2789/3049/2830 2788/3048/2829
f 2843/3107/2888 2823/3088/2869 2844/3108/2889
f 2845/3109/2890 2837/3101/2882 2825/3090/2871
f 2363/2594/2394 2380/2610/2409 2826/3091/2872
f 2833/3100/2881 2846/3110/2891 2838/3111/2892
f 2843/3107/2888 2847/3112/2893 2823/3088/2869
f 2820/3085/2866 2835/3102/2883 2788/3048/2829
f 2849/3113/2894 2834/3098/2879 2850/3114/2895
f 2811/3076/2857 2808/3072/2853 2789/3049/2830
f 2811/3076/2857 2789/3049/2830 2835/3102/2883
f 2452/2681/2480 2837/3101/2882 2845/3109/2890
f 2851/3115/2896 2835/3102/2883 2820/3085/2866
f 2839/3103/2884 2846/3110/2891 2833/3100/2881
f 2825/3090/2871 2837/3101/2882 2854/3116/2897
f 2363/2594/2394 2826/3091/2872 2367/2592/2392
f 2354/2581/2382 2083/2318/2139 2298/2536/2339
f 2842/3106/2887 2837/3101/2882 2827/3092/2873
f 2842/3106/2887 2854/3116/2897 2837/3101/2882
f 2849/3113/2894 2850/3114/2895 2852/3117/2898
f 2831/3096/2877 2815/3080/2861 2832/3097/2878
f 2367/2592/2392 2826/3091/2872 2376/2607/2406
f 2834/3098/2879 2849/3113/2894 2855/3118/2899
f 2823/3088/2869 2825/3090/2871 2854/3116/2897
f 2823/3088/2869 2854/3116/2897 2856/3119/2900
f 2819/3084/2865 2851/3115/2896 2820/3085/2866
f 2854/3116/2897 2842/3106/2887 2848/3120/2901
f 2857/3121/2902 2849/3113/2894 2852/3117/2898
f 2840/3104/2885 2842/3106/2887 2841/3105/2886
f 2844/3108/2889 2855/3118/2899 2849/3113/2894
f 2851/3115/2896 2819/3084/2865 2839/3103/2884
f 2857/3121/2902 2858/3122/2903 2849/3113/2894
f 2298/2536/2339 2305/2533/2336 2354/2581/2382
f 2840/3104/2885 2848/3120/2901 2842/3106/2887
f 2832/3097/2878 2822/3087/2868 2811/3076/2857
f 2843/3107/2888 2844/3108/2889 2860/3123/2904
f 2860/3123/2904 2858/3122/2903 2861/3124/2905
f 2830/3095/2876 2838/3111/2892 2862/3125/2906
f 2482/2717/2515 2863/3126/2907 2493/2725/2522
f 2083/2318/2139 2105/2308/2129 2073/2316/2137
f 2830/3095/2876 2862/3125/2906 2850/3114/2895
f 2839/3103/2884 2835/3102/2883 2851/3115/2896
f 2825/3090/2871 2853/3127/2908 2845/3109/2890
f 2863/3126/2907 2864/3128/2909 2493/2725/2522
f 2845/3109/2890 2482/2717/2515 2452/2681/2480
f 2836/3099/2880 2835/3102/2883 2839/3103/2884
f 2848/3120/2901 2856/3119/2900 2854/3116/2897
f 2830/3095/2876 2832/3097/2878 2833/3100/2881
f 2839/3103/2884 2819/3084/2865 2866/3129/2910
f 2843/3107/2888 2867/3130/2911 2847/3112/2893
f 2868/3131/2912 2869/3132/2913 2859/3133/2914
f 2354/2581/2382 2353/2580/2381 2083/2318/2139
f 2861/3124/2905 2858/3122/2903 2857/3121/2902
f 2873/3134/2915 2865/3135/2916 2872/3136/2917
f 2479/2709/2508 2874/3137/2918 2875/3138/2919
f 2202/2412/2227 2192/2411/2226 2217/2440/2254
f 2845/3109/2890 2863/3126/2907 2482/2717/2515
f 2353/2580/2381 2105/2308/2129 2083/2318/2139
f 2265/2487/2294 2202/2412/2227 2217/2440/2254
f 2876/3139/2920 2843/3107/2888 2860/3123/2904
f 2856/3119/2900 2848/3120/2901 2840/3104/2885
f 2877/3140/2921 2878/3141/2922 2870/3142/2923
f 2867/3130/2911 2843/3107/2888 2876/3139/2920
f 2881/3143/2924 2875/3138/2919 2874/3137/2918
f 2863/3126/2907 2880/3144/2925 2864/3128/2909
f 2882/3145/2926 2880/3144/2925 2853/3127/2908
f 2879/3146/2927 2873/3134/2915 2883/3147/2928
f 2881/3143/2924 2874/3137/2918 2884/3148/2929
f 2830/3095/2876 2833/3100/2881 2838/3111/2892
f 2871/3149/2930 2885/3150/2931 2886/3151/2932
f 2884/3148/2929 2887/3152/2933 2881/3143/2924
f 2834/3098/2879 2830/3095/2876 2850/3114/2895
f 2870/3142/2923 2885/3150/2931 2871/3149/2930
f 2840/3104/2885 2823/3088/2869 2856/3119/2900
f 2880/3144/2925 2863/3126/2907 2845/3109/2890
f 2889/3153/2934 2882/3145/2926 2853/3127/2908
f 2853/3127/2908 2880/3144/2925 2845/3109/2890
f 2888/3154/2935 2869/3132/2913 2868/3131/2912
f 2855/3118/2899 2823/3088/2869 2840/3104/2885
f 2483/2713/2512 2493/2725/2522 2864/3128/2909
f 2887/3152/2933 2884/3148/2929 2885/3150/2931
f 2155/2370/2187 2171/2383/2199 2180/2389/2205
f 2878/3141/2922 2887/3152/2933 2885/3150/2931
f 2888/3154/2935 2895/3155/2936 2867/3130/2911
f 2885/3150/2931 2870/3142/2923 2878/3141/2922
f 2145/2419/2234 2171/2383/2199 2146/2421/2236
f 2161/2436/2250 2185/2417/2232 2184/2422/2237
f 2879/3146/2927 2889/3153/2934 2865/3135/2916
f 2896/3156/2937 2897/3157/2938 2883/3147/2928
f 2881/3143/2924 2887/3152/2933 2898/3158/2939
f 2894/3159/2940 2899/3160/2941 2895/3155/2936
f 2872/3136/2917 2901/3161/2942 2873/3134/2915
f 2901/3161/2942 2896/3156/2937 2883/3147/2928
f 2864/3128/2909 2880/3144/2925 2902/3162/2943
f 2903/3163/2944 2904/3164/2945 2905/3165/2946
f 2902/3162/2943 2880/3144/2925 2870/3142/2923
f 2889/3153/2934 2879/3146/2927 2882/3145/2926
f 2877/3140/2921 2882/3145/2926 2879/3146/2927
f 2906/3166/2947 2896/3156/2937 2901/3161/2942
f 2872/3136/2917 2865/3135/2916 2899/3160/2941
f 2882/3145/2926 2870/3142/2923 2880/3144/2925
f 2878/3141/2922 2877/3140/2921 2883/3147/2928
f 2878/3141/2922 2883/3147/2928 2887/3152/2933
f 2906/3166/2947 2907/3167/2948 2896/3156/2937
f 2482/2717/2515 2450/2679/2478 2452/2681/2480
f 2903/3163/2944 2909/3168/2949 2904/3164/2945
f 2902/3162/2943 2870/3142/2923 2871/3149/2930
f 2886/3151/2932 2484/2714/2513 2483/2713/2512
f 2877/3140/2921 2870/3142/2923 2882/3145/2926
f 2910/3169/2950 2893/3170/2951 2895/3171/2936
f 2865/3135/2916 2873/3134/2915 2879/3146/2927
f 2864/3128/2909 2871/3149/2930 2886/3151/2932
f 2911/3172/2952 2912/3173/2953 2913/3174/2954
f 2886/3151/2932 2483/2713/2512 2864/3128/2909
f 2910/3169/2950 2904/3164/2945 2900/3175/2955
f 2914/3176/2956 3188/3177/2957 4040/3178/2958
f 2847/3112/2893 2867/3130/2911 2899/3160/2941
f 2884/3148/2929 2484/2714/2513 2886/3151/2932
f 2897/3157/2938 2887/3152/2933 2883/3147/2928
f 2865/3135/2916 2847/3112/2893 2899/3160/2941
f 2885/3150/2931 2884/3148/2929 2886/3151/2932
f 2920/3179/2959 2890/3180/2960 2906/3181/2947
f 2910/3169/2950 2895/3171/2936 2888/3182/2935
f 2915/3183/2961 2901/3161/2942 2872/3136/2917
f 2910/3169/2950 2888/3182/2935 2905/3165/2946
f 2904/3164/2945 4040/3178/2958 2900/3175/2955
f 2572/2824/2616 2559/2807/2600 753/851/788
f 2902/3162/2943 2871/3149/2930 2864/3128/2909
f 2908/3184/2962 4065/3185/2963 4040/3178/2958
f 2915/3183/2961 2872/3136/2917 2899/3160/2941
f 2484/2714/2513 2884/3148/2929 2874/3137/2918
f 2892/3186/2964 2906/3181/2947 2890/3180/2960
f 2922/3187/2965 4061/3188/2966 3188/3177/2957
f 2915/3183/2961 2906/3166/2947 2901/3161/2942
f 2914/3176/2956 4065/3185/2963 4050/3189/2967
f 2915/3190/2961 2920/3179/2959 2906/3181/2947
f 2918/3191/2968 4050/3189/2967 4044/3192/2969
f 2780/3193/2970 2759/3018/2801 2924/3194/2971
f 2924/3194/2971 2759/3018/2801 2766/3042/2824
f 2479/2709/2508 2484/2714/2513 2874/3137/2918
f 2877/3140/2921 2879/3146/2927 2883/3147/2928
f 2901/3161/2942 2883/3147/2928 2873/3134/2915
f 2926/3195/2972 2924/3194/2971 2766/3042/2824
f 2919/3196/2973 2930/3197/2974 2931/3198/2975
f 2904/3164/2945 2910/3169/2950 2905/3165/2946
f 2892/3186/2964 2907/3199/2948 2906/3181/2947
f 2919/3196/2973 2931/3198/2975 2913/3174/2954
f 2895/3171/2936 2893/3170/2951 2894/3200/2940
f 2920/3179/2959 2915/3190/2961 2930/3197/2974
f 2890/3180/2960 2933/3201/2976 2892/3186/2964
f 2899/3160/2941 2867/3130/2911 2895/3155/2936
f 2930/3197/2974 2919/3196/2973 2920/3179/2959
f 2931/3198/2975 2923/3202/2977 2921/3203/2978
f 2934/3204/2979 2931/3198/2975 2921/3203/2978
f 2752/3073/2854 2794/3053/2834 2932/3205/2980
f 2935/3206/2981 2921/3203/2978 2936/3207/2982
f 2937/3208/2983 2797/3054/2835 2925/3209/2984
f 2938/3210/2985 2939/3211/2986 2945/3212/2987
f 2923/3202/2977 2931/3198/2975 2922/3187/2965
f 2915/3183/2961 2899/3160/2941 2894/3159/2940
f 2940/3213/2988 2938/3210/2985 2945/3212/2987
f 2937/3208/2983 2925/3209/2984 2775/3038/2820
f 2932/3205/2980 2794/3053/2834 2929/3214/2989
f 2918/3191/2968 3171/3215/2990 2951/3216/2991
f 2949/3217/2992 4038/3218/2993 3716/3219/2994
f 2786/3046/2827 2757/3017/2800 2928/3220/2995
f 2928/3220/2995 2757/3017/2800 2797/3054/2835
f 2893/3170/2951 2910/3169/2950 2900/3175/2955
f 2938/3210/2985 2940/3213/2988 2942/3221/2996
f 2943/3222/2997 2942/3221/2996 2940/3213/2988
f 2916/3223/2998 4044/3192/2969 2908/3184/2962
f 2945/3212/2987 2946/3224/2999 2944/3225/3000
f 4046/3226/3001 2936/3207/2982 2921/3203/2978
f 2948/3227/3002 2894/3200/2940 2893/3170/2951
f 2894/3200/2940 2948/3227/3002 2915/3190/2961
f 2936/3207/2982 2949/3217/2992 2935/3206/2981
f 2930/3197/2974 2948/3227/3002 2931/3198/2975
f 2775/3038/2820 2925/3209/2984 2772/3035/2817
f 2937/3228/2983 2775/3229/2820 2950/3230/3003
f 2913/3174/2954 2931/3198/2975 2934/3204/2979
f 2918/3191/2968 2951/3216/2991 2914/3176/2956
f 2928/3220/2995 2797/3054/2835 2937/3208/2983
f 2914/3176/2956 2951/3216/2991 2922/3187/2965
f 3193/3231/3004 3177/3232/3005 2947/3233/3006
f 2928/3234/2995 2794/3053/2834 2786/3235/2827
f 2945/3212/2987 2943/3222/2997 2940/3213/2988
f 2938/3236/2985 2928/3220/2995 2937/3208/2983
f 2944/3225/3000 2952/3237/3007 2945/3212/2987
f 3030/3238/3008 3050/3239/3009 3019/3240/3010
f 2929/3214/2989 2928/3234/2995 2938/3241/2985
f 2912/3173/2953 2919/3196/2973 2913/3174/2954
f 2943/3222/2997 2945/3212/2987 2952/3237/3007
f 2908/3184/2962 2904/3164/2945 2909/3168/2949
f 2929/3214/2989 2794/3053/2834 2928/3234/2995
f 2945/3212/2987 2939/3211/2986 2950/3230/3003
f 2951/3216/2991 2923/3202/2977 2922/3187/2965
f 2943/3222/2997 2941/3242/3011 2942/3221/2996
f 2938/3210/2985 2937/3228/2983 2939/3211/2986
f 2950/3230/3003 2946/3224/2999 2945/3212/2987
f 2917/3243/3012 2923/3202/2977 2951/3216/2991
f 2953/3244/3013 2756/3016/2799 2802/3063/2844
f 2950/3230/3003 2775/3229/2820 2958/3245/3014
f 2935/3206/2981 2934/3204/2979 2921/3203/2978
f 2932/3205/2980 2929/3214/2989 2938/3241/2985
f 2752/3073/2854 2749/3026/2809 2794/3053/2834
f 2959/3246/3015 2806/3067/2848 2756/3016/2799
f 3171/3215/2990 2916/3223/2998 2917/3243/3012
f 2935/3206/2981 2956/3247/3016 2934/3204/2979
f 2934/3204/2979 2911/3172/2952 2913/3174/2954
f 2752/3073/2854 2776/3039/2821 2750/3034/2816
f 4050/3189/2967 2908/3184/2962 4044/3192/2969
f 2956/3247/3016 2911/3172/2952 2934/3204/2979
f 2961/3248/3017 2807/3068/2849 2959/3246/3015
f 2959/3246/3015 2756/3016/2799 2953/3244/3013
f 2777/3064/2845 2776/3039/2821 2963/3249/3018
f 2806/3067/2848 2959/3246/3015 2807/3068/2849
f 2921/3203/2978 3180/3250/3019 2917/3243/3012
f 2959/3246/3015 2953/3244/3013 2954/3251/3020
f 2965/3252/2639 2765/3028/2810 2764/3025/2808
f 2965/3252/2639 2764/3025/2808 2770/3032/2814
f 2829/3094/2875 2964/3253/3021 2828/3093/2874
f 2828/3093/2874 2964/3253/3021 2955/3254/3022
f 2807/3068/2849 2961/3248/3017 2964/3253/3021
f 2766/3042/2824 2765/3028/2810 2966/3255/3023
f 2794/3053/2834 2779/3044/2823 2786/3235/2827
f 2966/3255/3023 2926/3195/2972 2766/3042/2824
f 2932/3205/2980 2938/3241/2985 2942/3256/2996
f 2776/3039/2821 2752/3073/2854 2962/3257/3024
f 2777/3064/2845 2726/2989/2773 2776/3039/2821
f 2952/3237/3007 2944/3225/3000 2960/3258/3025
f 2775/3038/2820 2759/3018/2801 2780/3193/2970
f 2954/3251/3020 2953/3244/3013 2969/3259/3026
f 2969/3259/3026 2953/3244/3013 2970/3260/3027
f 2950/3230/3003 2939/3211/2986 2937/3228/2983
f 2946/3224/2999 2950/3230/3003 2944/3225/3000
f 2964/3253/3021 2971/3261/3028 2955/3254/3022
f 2797/3054/2835 2772/3035/2817 2925/3209/2984
f 2942/3256/2996 2941/3262/3011 2932/3205/2980
f 2958/3245/3014 2944/3225/3000 2950/3230/3003
f 2973/3263/3029 2974/3264/3030 2975/3265/3031
f 2828/3093/2874 2801/3060/2841 2829/3094/2875
f 2963/3249/3018 2776/3039/2821 2962/3257/3024
f 2978/3266/3032 2974/3264/3030 2979/3267/3033
f 2941/3242/3011 2943/3222/2997 2957/3268/3034
f 2962/3257/3024 2941/3262/3011 2980/3269/3035
f 2967/3270/3036 2981/3271/3037 2941/3242/3011
f 2915/3190/2961 2948/3227/3002 2930/3197/2974
f 2970/3260/3027 2802/3063/2844 2976/3272/3038
f 2959/3246/3015 2954/3251/3020 2972/3273/3039
f 2975/3265/3031 2974/3264/3030 2978/3266/3032
f 2982/3274/3040 2957/3268/3034 2943/3222/2997
f 2972/3273/3039 2954/3251/3020 2969/3259/3026
f 2968/3275/3041 2964/3253/3021 2961/3248/3017
f 2961/3248/3017 2959/3246/3015 2972/3273/3039
f 2807/3068/2849 2964/3253/3021 2829/3094/2875
f 2806/3067/2848 2761/3020/2803 2756/3016/2799
f 2976/3272/3038 2962/3257/3024 2980/3269/3035
f 2983/3276/3042 2976/3272/3038 2984/3277/3043
f 2982/3274/3040 2943/3222/2997 2952/3237/3007
f 2977/3278/3044 2986/3279/3045 2987/3280/3046
f 2988/3281/3047 2977/3278/3044 2987/3280/3046
f 2819/3084/2865 2828/3093/2874 2866/3129/2910
f 2990/3282/3048 2991/3283/3049 2983/3284/3042
f 2989/3285/3050 2931/3198/2975 2948/3227/3002
f 2955/3254/3022 2866/3129/2910 2828/3093/2874
f 2952/3237/3007 2992/3286/3051 2982/3274/3040
f 2993/3287/3052 2971/3261/3028 2964/3253/3021
f 2890/3180/2960 2920/3179/2959 2919/3196/2973
f 2962/3257/3024 2752/3073/2854 2932/3205/2980
f 2994/3288/3053 2961/3248/3017 2972/3273/3039
f 2995/3289/3054 2984/3290/3043 2996/3291/3055
f 2993/3287/3052 2964/3253/3021 2968/3275/3041
f 2858/3122/2903 2844/3108/2889 2849/3113/2894
f 2983/3284/3042 2984/3290/3043 2995/3289/3054
f 2961/3248/3017 2994/3288/3053 2977/3278/3044
f 2858/3122/2903 2860/3123/2904 2844/3108/2889
f 2919/3196/2973 2891/3292/3056 2890/3180/2960
f 3000/3293/3057 3001/3294/3058 2973/3295/3029
f 2984/3277/3043 2976/3272/3038 2980/3269/3035
f 2968/3275/3041 2988/3281/3047 2993/3287/3052
f 3002/3296/3059 2999/3297/3060 2971/3261/3028
f 2581/2838/2629 2966/3298/3023 2965/2850/2639
f 2961/3248/3017 2977/3278/3044 2968/3275/3041
f 2988/3281/3047 2968/3275/3041 2977/3278/3044
f 2993/3287/3052 3003/3299/3061 2998/3300/3062
f 2972/3273/3039 2969/3259/3026 2985/3301/3063
f 2975/3265/3031 3000/3302/3057 2973/3263/3029
f 2780/3303/2970 2926/3304/2972 3004/3305/3064
f 2985/3301/3063 2994/3288/3053 2972/3273/3039
f 3005/3306/3065 2998/3307/3062 3006/3308/3066
f 2979/3267/3033 2991/3283/3049 2990/3282/3048
f 2970/3260/3027 2976/3272/3038 2983/3276/3042
f 3003/3299/3061 2993/3287/3052 2988/3281/3047
f 2998/3300/3062 2997/3309/3067 3002/3296/3059
f 2900/3175/2955 2989/3285/3050 2893/3170/2951
f 2985/3301/3063 2969/3259/3026 2986/3279/3045
f 2991/3310/3049 2970/3260/3027 2983/3276/3042
f 2989/3285/3050 2900/3175/2955 2922/3187/2965
f 2986/3279/3045 2969/3259/3026 2970/3260/3027
f 2962/3257/3024 2932/3205/2980 2941/3262/3011
f 2965/3252/2639 2770/3032/2814 2567/2810/2603
f 3000/3293/3057 3003/3299/3061 3001/3294/3058
f 2948/3227/3002 2893/3170/2951 2989/3285/3050
f 2988/3281/3047 2987/3280/3046 3001/3294/3058
f 2973/3295/3029 3001/3294/3058 2987/3280/3046
f 2974/3264/3030 2991/3283/3049 2979/3267/3033
f 2958/3245/3014 2780/3303/2970 3004/3305/3064
f 2989/3285/3050 2922/3187/2965 2931/3198/2975
f 2987/3280/3046 2991/3310/3049 2974/3311/3030
f 3003/3312/3061 3000/3302/3057 2998/3307/3062
f 2977/3278/3044 2994/3288/3053 2985/3301/3063
f 2981/3313/3037 2980/3269/3035 2941/3262/3011
f 2977/3278/3044 2985/3301/3063 2986/3279/3045
f 2987/3280/3046 2974/3311/3030 2973/3295/3029
f 3002/3296/3059 2971/3261/3028 2993/3287/3052
f 3006/3308/3066 2998/3307/3062 3000/3302/3057
f 2780/3303/2970 2958/3245/3014 2775/3229/2820
f 2960/3258/3025 2958/3245/3014 3009/3314/3068
f 3002/3296/3059 2993/3287/3052 2998/3300/3062
f 2987/3280/3046 2986/3279/3045 2970/3260/3027
f 2970/3260/3027 2991/3310/3049 2987/3280/3046
f 3003/3299/3061 2988/3281/3047 3001/3294/3058
f 3004/3305/3064 2966/3298/3023 2581/2838/2629
f 2591/2846/2636 3008/3315/3069 3007/3316/3070
f 3004/3305/3064 2926/3304/2972 2966/3298/3023
f 3007/3316/3070 3004/3305/3064 2581/2838/2629
f 2982/3274/3040 2967/3270/3036 2957/3268/3034
f 2996/3291/3055 2967/3270/3036 3012/3317/3071
f 2583/2834/2625 3007/3316/3070 2581/2838/2629
f 2889/3153/2934 2853/3127/2908 3013/3318/3072
f 2967/3270/3036 2982/3274/3040 3012/3317/3071
f 2958/3245/3014 3004/3305/3064 3008/3315/3069
f 3010/3319/3073 3016/3320/3074 2979/3267/3033
f 2853/3127/2908 2825/3090/2871 2824/3089/2870
f 3024/3321/3075 3045/3322/3076 3015/3323/3077
f 3013/3318/3072 2853/3127/2908 2824/3089/2870
f 3017/3324/3078 3022/3325/3079 3025/3326/3080
f 3012/3317/3071 2995/3289/3054 2996/3291/3055
f 2957/3268/3034 2967/3270/3036 2941/3242/3011
f 3005/3306/3065 2997/3327/3067 2998/3307/3062
f 2823/3088/2869 3013/3318/3072 2824/3089/2870
f 3021/3328/3081 3015/3323/3077 3014/3329/3082
f 2924/3330/2971 2926/3304/2972 2780/3303/2970
f 3005/3306/3065 3020/3331/3083 2997/3327/3067
f 2952/3237/3007 2960/3258/3025 2992/3286/3051
f 3004/3305/3064 3007/3316/3070 3008/3315/3069
f 2979/3267/3033 2990/3282/3048 3010/3319/3073
f 2847/3112/2893 3013/3318/3072 2823/3088/2869
f 2975/3265/3031 2978/3266/3032 3026/3332/3084
f 2591/2846/2636 3007/3316/3070 2583/2834/2625
f 3006/3308/3066 3027/3333/3085 3028/3334/3086
f 3013/3318/3072 2865/3135/2916 2889/3153/2934
f 2834/3098/2879 2840/3104/2885 2831/3096/2877
f 2847/3112/2893 2865/3135/2916 3013/3318/3072
f 3029/3335/3087 3006/3308/3066 3028/3334/3086
f 2876/3139/2920 2888/3154/2935 2867/3130/2911
f 2992/3286/3051 2960/3258/3025 3031/3336/3088
f 3029/3335/3087 3032/3337/3089 3006/3308/3066
f 2876/3139/2920 2860/3123/2904 2859/3133/2914
f 3033/3338/3090 3012/3317/3071 2982/3274/3040
f 3011/3339/3091 3012/3317/3071 3033/3338/3090
f 3011/3339/3091 2995/3289/3054 3012/3317/3071
f 3049/3340/3092 3035/3341/3093 3036/3342/3094
f 3010/3319/3073 2995/3289/3054 3011/3339/3091
f 3037/3343/3095 3038/3344/3096 3014/3329/3082
f 3010/3319/3073 3011/3339/3091 3047/3345/3097
f 3035/3341/3093 3039/3346/3098 3036/3342/3094
f 2869/3132/2913 2888/3154/2935 2876/3139/2920
f 3010/3319/3073 2990/3282/3048 2983/3284/3042
f 2944/3225/3000 2958/3245/3014 2960/3258/3025
f 2834/3098/2879 2855/3118/2899 2840/3104/2885
f 3009/3314/3068 2958/3245/3014 3008/3315/3069
f 3010/3319/3073 2983/3284/3042 2995/3289/3054
f 2981/3271/3037 2967/3270/3036 2996/3291/3055
f 2984/3277/3043 2980/3269/3035 2981/3313/3037
f 2996/3291/3055 2984/3290/3043 2981/3271/3037
f 3009/3314/3068 3008/3315/3069 3034/3347/3099
f 2591/2846/2636 3034/3347/3099 3008/3315/3069
f 3000/3302/3057 3027/3333/3085 3006/3308/3066
f 3027/3333/3085 3000/3302/3057 2975/3265/3031
f 2975/3265/3031 3028/3334/3086 3027/3333/3085
f 3017/3324/3078 3030/3238/3008 3019/3240/3010
f 2844/3108/2889 2823/3088/2869 2855/3118/2899
f 3034/3347/3099 2591/2846/2636 3038/3344/3096
f 2869/3132/2913 2876/3139/2920 2859/3133/2914
f 3046/3348/3100 3014/3329/3082 3038/3344/3096
f 3046/3348/3100 3038/3344/3096 2600/3349/3101
f 2590/2845/2635 2597/2874/2663 2591/2846/2636
f 3017/3324/3078 3019/3240/3010 3022/3325/3079
f 3052/3350/3102 3016/3320/3074 3010/3319/3073
f 3031/3336/3088 3043/3351/3103 2982/3274/3040
f 3045/3322/3076 3024/3321/3075 3018/3352/3104
f 3051/3353/3105 3040/3354/3106 3021/3328/3081
f 2611/2885/2674 2600/3349/3101 2595/2858/2647
f 3053/3355/3107 3016/3320/3074 3052/3350/3102
f 2611/2885/2674 3046/3348/3100 2600/3349/3101
f 3055/3356/3108 3026/3332/3084 3053/3355/3107
f 2079/3357/3109 3047/3345/3097 3025/3326/3080
f 2597/2874/2663 2600/3349/3101 2591/2846/2636
f 3055/3356/3108 3053/3355/3107 3056/3358/3110
f 3055/3356/3108 3056/3358/3110 3057/3359/3111
f 3058/3360/3112 3046/3348/3100 2611/2885/2674
f 3045/3322/3076 3034/3347/3099 3037/3343/3095
f 2595/2858/2647 2600/3349/3101 2597/2874/2663
f 3047/3345/3097 3033/3338/3090 2982/3274/3040
f 3056/3358/3110 3052/3350/3102 3059/3361/3113
f 2600/3349/3101 3038/3344/3096 2591/2846/2636
f 3045/3322/3076 3009/3314/3068 3034/3347/3099
f 3045/3322/3076 3037/3343/3095 3015/3323/3077
f 3060/3362/3114 3057/3359/3111 3056/3358/3110
f 3047/3345/3097 2982/3274/3040 3043/3351/3103
f 3031/3336/3088 2960/3258/3025 3009/3314/3068
f 3037/3343/3095 3034/3347/3099 3038/3344/3096
f 3026/3332/3084 3061/3363/3115 2975/3265/3031
f 3032/3337/3089 3062/3364/3116 3005/3306/3065
f 3061/3363/3115 3026/3332/3084 3055/3356/3108
f 3062/3364/3116 3032/3337/3089 3063/3365/3117
f 3052/3350/3102 3010/3319/3073 3047/3345/3097
f 3037/3343/3095 3014/3329/3082 3015/3323/3077
f 3052/3350/3102 3047/3345/3097 2079/3357/3109
f 3064/3366/3118 3005/3306/3065 3062/3364/3116
f 3046/3348/3100 3058/3360/3112 3051/3353/3105
f 2979/3267/3033 3016/3320/3074 3053/3355/3107
f 3041/3367/3119 3061/3363/3115 3055/3356/3108
f 3042/3368/3120 3061/3363/3115 3041/3367/3119
f 3043/3351/3103 3025/3326/3080 3047/3345/3097
f 3031/3336/3088 2982/3274/3040 2992/3286/3051
f 3021/3328/3081 3014/3329/3082 3046/3348/3100
f 3056/3358/3110 3053/3355/3107 3052/3350/3102
f 3051/3353/3105 3021/3328/3081 3046/3348/3100
f 3044/3369/3121 3031/3336/3088 3009/3314/3068
f 2978/3266/3032 2979/3267/3033 3053/3355/3107
f 3026/3332/3084 2978/3266/3032 3053/3355/3107
f 3066/3370/3122 3060/3362/3114 3059/3361/3113
f 3032/3337/3089 3029/3335/3087 3067/3371/3123
f 3039/3346/3098 3066/3370/3122 3059/3361/3113
f 3047/3345/3097 3011/3339/3091 3033/3338/3090
f 3066/3370/3122 3057/3359/3111 3060/3362/3114
f 3062/3364/3116 3063/3365/3117 3070/3372/3124
f 3071/3373/3125 3063/3365/3117 3032/3337/3089
f 3035/3341/3093 3057/3359/3111 3066/3370/3122
f 3006/3308/3066 3032/3337/3089 3005/3306/3065
f 3022/3325/3079 3904/3374/3126 3906/3375/3127
f 3032/3337/3089 3067/3371/3123 3042/3368/3120
f 3018/3352/3104 3009/3314/3068 3045/3322/3076
f 3071/3373/3125 3072/3376/3128 3063/3365/3117
f 3072/3376/3128 3070/3372/3124 3063/3365/3117
f 3073/3377/3129 3052/3350/3102 2079/3357/3109
f 3065/3378/3130 3041/3367/3119 3055/3356/3108
f 3069/3379/3131 3042/3368/3120 3041/3367/3119
f 3071/3373/3125 3074/3380/3132 3072/3376/3128
f 3069/3379/3131 3032/3337/3089 3042/3368/3120
f 3041/3367/3119 3076/3381/3133 3069/3379/3131
f 3077/3382/3134 2862/3125/2906 3078/3383/3135
f 3041/3367/3119 3065/3378/3130 3076/3381/3133
f 3035/3341/3093 3055/3356/3108 3057/3359/3111
f 3035/3341/3093 3065/3378/3130 3055/3356/3108
f 3078/3383/3135 3079/3384/3136 3080/3385/3137
f 3071/3373/3125 3032/3337/3089 3069/3379/3131
f 3080/3385/3137 3079/3384/3136 3081/3386/3138
f 2999/3297/3060 3082/3387/3139 2866/3129/2910
f 3028/3334/3086 2975/3265/3031 3061/3363/3115
f 3073/3377/3129 3059/3361/3113 3052/3350/3102
f 3068/3388/3140 3062/3364/3116 3070/3372/3124
f 3039/3346/3098 3059/3361/3113 3084/3389/3141
f 3061/3363/3115 3067/3371/3123 3028/3334/3086
f 3084/3389/3141 3059/3361/3113 3073/3377/3129
f 3078/3383/3135 3083/3390/3142 3077/3382/3134
f 3065/3378/3130 3048/3391/3143 3076/3381/3133
f 3083/3390/3142 3078/3383/3135 3080/3385/3137
f 3002/3296/3059 3085/3392/3144 2999/3297/3060
f 3048/3391/3143 3049/3340/3092 3076/3381/3133
f 3080/3385/3137 3086/3393/3145 3083/3390/3142
f 2846/3110/2891 3082/3387/3139 3079/3384/3136
f 3087/3394/3146 3085/3392/3144 3002/3296/3059
f 2999/3297/3060 2866/3129/2910 2955/3254/3022
f 3067/3371/3123 3029/3335/3087 3028/3334/3086
f 3059/3361/3113 3060/3362/3114 3056/3358/3110
f 3088/3395/3147 3077/3382/3134 3086/3393/3145
f 3074/3380/3132 3071/3373/3125 3069/3379/3131
f 2971/3261/3028 2999/3297/3060 2955/3254/3022
f 2861/3124/2905 2857/3121/2902 3089/3396/3148
f 3042/3368/3120 3067/3371/3123 3061/3363/3115
f 3039/3346/3098 3035/3341/3093 3066/3370/3122
f 3074/3380/3132 3069/3379/3131 3076/3381/3133
f 3090/3397/3149 2861/3124/2905 3089/3396/3148
f 3049/3340/3092 3054/3398/3150 3076/3381/3133
f 3092/3399/3151 2888/3154/2935 2868/3131/2912
f 2861/3124/2905 3090/3397/3149 3093/3400/3152
f 2838/3111/2892 2846/3110/2891 3078/3383/3135
f 3081/3386/3138 3085/3392/3144 3087/3394/3146
f 3095/3401/3153 3081/3386/3138 3087/3394/3146
f 3096/3402/3154 3097/3403/3155 3098/3404/3156
f 3076/3381/3133 3054/3398/3150 3074/3380/3132
f 3072/3376/3128 3094/3405/3157 3070/3372/3124
f 3068/3388/3140 3070/3372/3124 3094/3405/3157
f 3048/3391/3143 3065/3378/3130 3035/3341/3093
f 2862/3125/2906 3090/3397/3149 2850/3114/2895
f 3100/3406/3158 3088/3395/3147 3086/3393/3145
f 3101/3407/3159 3100/3406/3158 3102/3408/3160
f 3068/3388/3140 3094/3405/3157 3103/3409/3161
f 3089/3396/3148 2852/3117/2898 2850/3114/2895
f 3105/3410/3162 3106/3411/3163 3097/3403/3155
f 3107/3412/3164 3080/3385/3137 3095/3401/3153
f 2857/3121/2902 2852/3117/2898 3089/3396/3148
f 3088/3395/3147 3090/3397/3149 3077/3382/3134
f 3089/3396/3148 2850/3114/2895 3090/3397/3149
f 3092/3399/3151 2868/3131/2912 3106/3411/3163
f 3090/3397/3149 2862/3125/2906 3077/3382/3134
f 3105/3410/3162 3097/3403/3155 3109/3413/3165
f 3086/3393/3145 3077/3382/3134 3083/3390/3142
f 3086/3393/3145 3102/3408/3160 3100/3406/3158
f 3091/3414/3166 3093/3400/3152 3090/3397/3149
f 3035/3341/3093 3049/3340/3092 3048/3391/3143
f 3092/3399/3151 3106/3411/3163 3105/3410/3162
f 3085/3392/3144 3082/3387/3139 2999/3297/3060
f 2862/3125/2906 2838/3111/2892 3078/3383/3135
f 3087/3394/3146 3002/3296/3059 2997/3309/3067
f 3081/3386/3138 3079/3384/3136 3082/3387/3139
f 3105/3415/3162 3111/3416/3167 3092/3417/3151
f 3100/3406/3158 3110/3418/3168 3112/3419/3169
f 3099/3420/3170 3087/3394/3146 2997/3309/3067
f 3108/3421/3171 3112/3419/3169 3110/3418/3168
f 3113/3422/3172 3098/3404/3156 3114/3423/3173
f 3095/3401/3153 3087/3394/3146 3099/3420/3170
f 3081/3386/3138 3082/3387/3139 3085/3392/3144
f 3098/3404/3156 3093/3400/3152 3091/3414/3166
f 3096/3402/3154 3098/3404/3156 3113/3422/3172
f 3115/3424/3174 3098/3404/3156 3091/3414/3166
f 3078/3383/3135 2846/3110/2891 3079/3384/3136
f 3102/3408/3160 3095/3401/3153 3099/3420/3170
f 3102/3408/3160 3086/3393/3145 3080/3385/3137
f 3109/3413/3165 3097/3403/3155 3096/3402/3154
f 3097/3403/3155 2859/3133/2914 3093/3400/3152
f 3099/3425/3170 3104/3426/3175 3101/3427/3159
f 3117/3428/3176 3105/3410/3162 3109/3413/3165
f 3090/3397/3149 3088/3395/3147 3112/3419/3169
f 3081/3386/3138 3095/3401/3153 3080/3385/3137
f 3091/3414/3166 3090/3397/3149 3112/3419/3169
f 3097/3403/3155 3093/3400/3152 3098/3404/3156
f 3099/3420/3170 3101/3407/3159 3102/3408/3160
f 3101/3427/3159 3120/3429/3177 3110/3430/3168
f 3121/3431/3178 3119/3432/3179 3122/3433/3180
f 3123/3434/3181 3110/3430/3168 3120/3429/3177
f 3112/3419/3169 3088/3395/3147 3100/3406/3158
f 3098/3404/3156 3115/3424/3174 3114/3423/3173
f 3102/3408/3160 3080/3385/3137 3107/3412/3164
f 3108/3421/3171 3115/3424/3174 3091/3414/3166
f 3118/3435/3182 3119/3432/3179 3124/3436/3183
f 2965/3252/2639 2966/3255/3023 2765/3028/2810
f 3124/3436/3183 3119/3432/3179 3121/3431/3178
f 3117/3428/3176 3109/3413/3165 3096/3402/3154
f 3129/3437/3184 3108/3438/3171 3110/3430/3168
f 3118/3435/3182 3115/3439/3174 3122/3433/3180
f 3130/3440/3185 3124/3436/3183 3131/3441/3186
f 3118/3435/3182 3114/3442/3173 3115/3439/3174
f 3110/3418/3168 3100/3406/3158 3101/3407/3159
f 3020/3331/3083 3099/3425/3170 2997/3327/3067
f 3114/3442/3173 3118/3435/3182 3113/3443/3172
f 3133/3444/3187 3125/3445/3188 3126/3446/3189
f 3134/3447/3190 3130/3440/3185 3131/3441/3186
f 3107/3412/3164 3095/3401/3153 3102/3408/3160
f 3020/3331/3083 3104/3426/3175 3099/3425/3170
f 3122/3433/3180 3115/3439/3174 3108/3438/3171
f 3116/3448/3191 3132/3449/3192 3111/3416/3167
f 3136/3450/3193 3116/3448/3191 3111/3416/3167
f 2903/3163/2944 3116/3448/3191 3136/3450/3193
f 3130/3440/3185 3137/3451/3194 3118/3435/3182
f 3111/3416/3167 3105/3415/3162 3138/3452/3195
f 4056/3453/3196 4022/3454/3197 4032/3455/3198
f 3137/3451/3194 3141/3456/3199 3118/3435/3182
f 3122/3433/3180 3108/3438/3171 3129/3437/3184
f 2903/3163/2944 3142/3457/3200 2909/3168/2949
f 3143/3458/3201 3144/3459/3202 3145/3460/3203
f 2888/3182/2935 3092/3417/3151 3132/3449/3192
f 3138/3452/3195 3136/3450/3193 3111/3416/3167
f 3146/3461/3204 3096/3402/3154 3113/3422/3172
f 3147/3462/3205 3129/3437/3184 3110/3430/3168
f 3147/3462/3205 3110/3430/3168 3123/3434/3181
f 2909/3168/2949 3142/3457/3200 3144/3459/3202
f 3137/3451/3194 3148/3463/3206 3141/3456/3199
f 3149/3464/3207 3150/3465/3208 3151/3466/3209
f 2903/3163/2944 3136/3450/3193 3142/3457/3200
f 3179/3467/3210 3189/3468/3211 3152/3469/3212
f 3122/3433/3180 3129/3437/3184 3121/3431/3178
f 3146/3461/3204 3117/3428/3176 3096/3402/3154
f 2936/3207/2982 4046/3226/3001 2949/3217/2992
f 3146/3461/3204 3154/3470/3213 3117/3428/3176
f 3111/3416/3167 3132/3449/3192 3092/3417/3151
f 3132/3449/3192 2905/3165/2946 2888/3182/2935
f 3119/3432/3179 3118/3435/3182 3122/3433/3180
f 3155/3471/3214 2908/3184/2962 2909/3168/2949
f 3132/3449/3192 3116/3448/3191 2905/3165/2946
f 2962/3257/3024 2976/3272/3038 2963/3249/3018
f 3147/3462/3205 3121/3431/3178 3129/3437/3184
f 3158/3472/3215 3159/3473/3216 3160/3474/3217
f 3156/3475/3218 3161/3476/3219 3145/3460/3203
f 3138/3452/3195 3161/3476/3219 3156/3475/3218
f 2728/2994/2777 2714/2975/2760 2721/2983/2768
f 2908/3184/2962 3155/3471/3214 3164/3477/3220
f 2970/3260/3027 2953/3244/3013 2802/3063/2844
f 3204/3478/3221 3206/3479/3222 3211/3480/3223
f 3144/3459/3202 3155/3471/3214 2909/3168/2949
f 3158/3472/3215 3145/3460/3203 3161/3476/3219
f 2802/3063/2844 2777/3064/2845 2963/3249/3018
f 3168/3481/3224 3169/3482/3225 3170/3483/3226
f 3172/3484/3227 4021/3485/3228 3177/3232/3005
f 3138/3452/3195 3156/3475/3218 3142/3457/3200
f 3162/3486/3229 3173/3487/3230 3170/3488/3226
f 3142/3457/3200 3156/3475/3218 3145/3460/3203
f 3142/3457/3200 3145/3460/3203 3144/3459/3202
f 2802/3063/2844 2963/3249/3018 2976/3272/3038
f 3138/3452/3195 3142/3457/3200 3136/3450/3193
f 2916/3223/2998 4045/3489/3231 3177/3232/3005
f 3175/3490/3232 3174/3491/3233 3143/3458/3201
f 3152/3492/3212 3189/3493/3211 4039/3494/3234
f 2781/3071/2852 2680/2945/2730 2686/2944/2729
f 3178/3495/3235 3162/3486/3229 3163/3496/3236
f 3134/3447/3190 3137/3451/3194 3130/3440/3185
f 3179/3467/3210 3137/3451/3194 3134/3447/3190
f 2733/3006/2789 2720/2982/2767 2728/2994/2777
f 2903/3163/2944 2905/3165/2946 3116/3448/3191
f 2947/3233/3006 3153/3497/3237 4046/3226/3001
f 2675/2937/2722 2676/2938/2723 2677/2940/2725
f 3184/3498/3238 3175/3490/3232 3143/3458/3201
f 3175/3490/3232 3178/3495/3235 3174/3491/3233
f 3145/3460/3203 3184/3498/3238 3143/3458/3201
f 3174/3491/3233 3172/3484/3227 3164/3477/3220
f 2727/2990/2774 2728/2994/2777 2721/2983/2768
f 3160/3474/3217 3184/3498/3238 3145/3460/3203
f 3174/3491/3233 3155/3471/3214 3143/3458/3201
f 3163/3496/3236 3162/3486/3229 3170/3488/3226
f 2721/2983/2768 2703/2964/2749 2702/2963/2748
f 2214/2427/2242 2212/2391/2207 2303/2530/2333
f 3143/3458/3201 3155/3471/3214 3144/3459/3202
f 2676/2938/2723 2678/2941/2726 2677/2940/2725
f 2659/2919/2706 2647/2906/2694 2648/2907/2695
f 3164/3477/3220 2916/3223/2998 2908/3184/2962
f 4034/3499/3239 3183/3500/3240 2927/3501/3241
f 2725/2988/2772 2721/2983/2768 2702/2963/2748
f 2647/2906/2694 2645/2903/2691 2644/2902/2690
f 2675/2937/2722 2688/2956/2741 2684/2948/2733
f 3172/3502/3227 3191/3503/3242 3165/3504/3243
f 2677/2940/2725 2688/2956/2741 2675/2937/2722
f 3174/3491/3233 3164/3477/3220 3155/3471/3214
f 2923/3202/2977 3180/3250/3019 2921/3203/2978
f 2649/2908/2696 2542/2787/2580 2540/2802/2595
f 3164/3477/3220 3172/3484/3227 2916/3223/2998
f 3192/3505/3244 3186/3506/3245 3187/3507/3246
f 2213/2392/2208 2214/2427/2242 2692/2952/2737
f 3158/3472/3215 3160/3474/3217 3145/3460/3203
f 3138/3452/3195 3105/3415/3162 3117/3508/3176
f 3172/3484/3227 4045/3489/3231 2916/3223/2998
f 2669/2931/2716 2671/2933/2718 3252/3509/3247
f 3023/3510/3248 3908/3511/3249 3024/3321/3075
f 3193/3231/3004 2916/3223/2998 3177/3232/3005
f 3165/3504/3243 3181/3512/3250 3172/3502/3227
f 4038/3218/2993 3183/3500/3240 3716/3219/2994
f 4035/3513/3251 4026/3514/3252 4056/3453/3196
f 4026/3514/3252 4052/3515/3253 4037/3516/3254
f 3204/3478/3221 3205/3517/3255 3206/3479/3222
f 3187/3507/3246 3205/3517/3255 3192/3505/3244
f 3207/3518/3256 3178/3495/3235 3163/3496/3236
f 3043/3351/3103 3031/3336/3088 3044/3369/3121
f 3017/3324/3078 3044/3369/3121 3018/3352/3104
f 3165/3504/3243 4041/3519/3257 3167/3520/3258
f 3250/3521/3259 3238/3522/3260 3242/3523/3261
f 3205/3517/3255 3187/3507/3246 3206/3479/3222
f 3186/3506/3245 3210/3524/3262 3190/3525/3263
f 3191/3526/3242 3203/3527/3264 3178/3495/3235
f 3189/3493/3211 4058/3528/3265 4039/3494/3234
f 3178/3495/3235 3175/3490/3232 3162/3486/3229
f 2660/2920/2707 2692/2952/2737 2214/2427/2242
f 3205/3529/3255 3163/3530/3236 3170/3483/3226
f 3182/3531/3266 4059/3532/3267 3176/3533/3268
f 2665/2923/2710 2256/2478/2286 2653/2912/2700
f 4053/3534/3269 3224/3535/3270 3183/3500/3240
f 4041/3519/3257 3166/3536/3271 3167/3520/3258
f 3211/3480/3223 3206/3479/3222 3166/3536/3271
f 3204/3537/3221 3207/3538/3256 3163/3530/3236
f 2649/2908/2696 2540/2802/2595 2730/3014/2797
f 2646/2904/2692 2649/2908/2696 2705/2966/2751
f 2213/2392/2208 2692/2952/2737 2236/2455/2265
f 3212/3539/3272 3213/3540/3273 3214/3541/3274
f 2730/3014/2797 2705/2966/2751 2649/2908/2696
f 3192/3542/3244 3170/3483/3226 3169/3482/3225
f 2252/2472/2281 2255/2476/2285 2224/2443/2255
f 2947/3233/3006 4064/3543/3275 4034/3499/3239
f 3214/3541/3274 3213/3540/3273 3215/3544/3276
f 2252/2472/2281 2236/2455/2265 2692/2952/2737
f 3186/3545/3245 3169/3482/3225 3218/3546/3277
f 3192/3542/3244 3169/3482/3225 3186/3545/3245
f 3206/3479/3222 3187/3507/3246 3166/3536/3271
f 3205/3529/3255 3204/3537/3221 3163/3530/3236
f 3219/3547/3278 3147/3462/3205 3133/3444/3187
f 3139/3548/3279 3199/3549/3280 4035/3513/3251
f 4039/3494/3234 3196/3550/3281 3197/3551/3282
f 4026/3514/3252 3209/3552/3283 4043/3553/3284
f 3213/3540/3273 3220/3554/3285 3064/3366/3118
f 3205/3529/3255 3170/3483/3226 3192/3542/3244
f 3124/3436/3183 3121/3431/3178 3147/3462/3205
f 3220/3554/3285 3101/3427/3159 3104/3426/3175
f 3104/3426/3175 3020/3331/3083 3220/3554/3285
f 4057/3555/3286 3177/3232/3005 4021/3485/3228
f 3199/3549/3280 4051/3556/3287 3198/3557/3288
f 3215/3544/3276 3213/3540/3273 3064/3366/3118
f 3124/3436/3183 3147/3462/3205 3219/3547/3278
f 3120/3429/3177 3101/3427/3159 3220/3554/3285
f 3216/3558/3289 3178/3495/3235 3207/3518/3256
f 3224/3535/3270 3182/3559/3266 3225/3560/3290
f 3221/3561/3291 3212/3539/3272 3214/3541/3274
f 3226/3562/3292 3225/3560/3290 3227/3563/3293
f 3005/3306/3065 3064/3366/3118 3020/3331/3083
f 3207/3564/3256 3204/3478/3221 3216/3565/3289
f 3225/3566/3290 3182/3531/3266 3208/3567/3294
f 4056/3453/3196 4055/3568/3295 4022/3454/3197
f 3123/3434/3181 3120/3429/3177 3213/3540/3273
f 3228/3569/3296 3229/3570/3297 3230/3571/3298
f 3223/3572/3299 3215/3544/3276 3068/3388/3140
f 3231/3573/3300 3232/3574/3301 3135/3575/3302
f 3221/3561/3291 3125/3445/3188 3222/3576/3303
f 2061/2268/2096 3228/3569/3296 3230/3571/3298
f 3229/3570/3297 3214/3541/3274 3215/3544/3276
f 3231/3573/3300 3135/3575/3302 3148/3463/3206
f 3215/3544/3276 3223/3572/3299 3233/3577/3304
f 3120/3429/3177 3220/3554/3285 3213/3540/3273
f 3234/3578/3305 3126/3446/3189 3235/3579/3306
f 3213/3540/3273 3212/3539/3272 3123/3434/3181
f 3128/3580/3307 3127/3581/3308 3236/3582/3309
f 3231/3573/3300 3148/3463/3206 3237/3583/3310
f 3229/3570/3297 3215/3544/3276 3230/3571/3298
f 3128/3580/3307 3236/3582/3309 3131/3441/3186
f 3221/3561/3291 3222/3576/3303 3123/3434/3181
f 3221/3561/3291 3123/3434/3181 3212/3539/3272
f 3220/3554/3285 3020/3331/3083 3064/3366/3118
f 3221/3561/3291 3240/3584/3311 3125/3445/3188
f 3222/3576/3303 3147/3462/3205 3123/3434/3181
f 3241/3585/3312 3148/3463/3206 3135/3575/3302
f 2559/2807/2600 2572/2824/2616 2564/2808/2601
f 3103/3409/3161 3239/3586/3313 3223/3572/3299
f 3234/3578/3305 3127/3581/3308 3128/3580/3307
f 3242/3523/3261 3127/3581/3308 3243/3587/3314
f 3128/3580/3307 3126/3446/3189 3234/3578/3305
f 3149/3464/3207 3241/3585/3312 3232/3574/3301
f 3133/3444/3187 3222/3576/3303 3125/3445/3188
f 3126/3446/3189 3219/3547/3278 3133/3444/3187
f 2663/2929/2714 2665/2923/2710 2653/2912/2700
f 3128/3580/3307 3131/3441/3186 3219/3547/3278
f 3222/3576/3303 3133/3444/3187 3147/3462/3205
f 3126/3446/3189 3128/3580/3307 3219/3547/3278
f 3064/3366/3118 3062/3364/3116 3068/3388/3140
f 3233/3577/3304 2061/2268/2096 3230/3571/3298
f 3219/3547/3278 3131/3441/3186 3124/3436/3183
f 2564/2808/2601 2572/2824/2616 2569/2823/2615
f 2570/2812/2605 2564/2808/2601 2569/2823/2615
f 3252/3509/3247 3251/3588/3315 2139/2355/2173
f 3228/3569/3296 3214/3541/3274 3229/3570/3297
f 3135/3575/3302 3232/3574/3301 3241/3585/3312
f 3171/3215/2990 4023/3589/3316 2916/3223/2998
f 3188/3177/2957 2914/3176/2956 2922/3187/2965
f 3157/3590/3317 3242/3523/3261 3243/3587/3314
f 3064/3366/3118 3068/3388/3140 3215/3544/3276
f 2685/2950/2735 2632/2882/2671 2691/2951/2736
f 2655/2915/2702 2691/2951/2736 2632/2882/2671
f 3179/3467/3210 3152/3469/3212 3237/3583/3310
f 3200/3591/3318 3189/3468/3211 3251/3588/3315
f 3125/3445/3188 3240/3584/3311 3126/3446/3189
f 3148/3463/3206 3137/3451/3194 3179/3467/3210
f 2659/2919/2706 2691/2951/2736 2655/2915/2702
f 3230/3571/3298 3215/3544/3276 3233/3577/3304
f 3248/3592/3319 3240/3584/3311 3221/3561/3291
f 3218/3546/3277 3249/3593/3320 3210/3594/3262
f 3194/3595/3321 3197/3551/3282 3196/3550/3281
f 3228/3569/3296 3221/3561/3291 3214/3541/3274
f 4043/3553/3284 3187/3507/3246 4026/3514/3252
f 3248/3592/3319 3221/3561/3291 3228/3569/3296
f 3231/3573/3300 3168/3481/3224 3149/3464/3207
f 3202/3596/3322 2908/3184/2962 4040/3178/2958
f 2647/2906/2694 2659/2919/2706 2655/2915/2702
f 3201/3597/3323 4025/3598/3324 4030/3599/3325
f 4035/3513/3251 4056/3453/3196 4032/3455/3198
f 3126/3446/3189 3240/3584/3311 3235/3579/3306
f 3203/3527/3264 3174/3491/3233 3178/3495/3235
f 3235/3579/3306 3248/3592/3319 3228/3569/3296
f 3209/3552/3283 4024/3600/3326 4036/3601/3327
f 3240/3584/3311 3248/3592/3319 3235/3579/3306
f 2655/2915/2702 2683/2947/2732 2656/2916/2703
f 4065/3185/2963 2908/3184/2962 4050/3189/2967
f 3166/3536/3271 4043/3553/3284 3167/3520/3258
f 3149/3464/3207 3232/3574/3301 3231/3573/3300
f 3150/3465/3208 3149/3464/3207 3168/3481/3224
f 2061/2268/2096 3235/3579/3306 3228/3569/3296
f 2061/2268/2096 3243/3587/3314 3235/3579/3306
f 3210/3524/3262 3255/3602/3328 3190/3525/3263
f 4048/3603/3329 3217/3604/3330 4042/3605/3331
f 3243/3587/3314 3234/3578/3305 3235/3579/3306
f 3159/3473/3216 3150/3606/3208 3256/3607/3332
f 3127/3581/3308 3234/3578/3305 3243/3587/3314
f 3255/3608/3328 3237/3583/3310 3152/3469/3212
f 2066/2346/2164 2091/2299/2122 2133/2347/2165
f 4028/3609/3333 3989/3610/3334 3208/3611/3294
f 3237/3583/3310 3249/3593/3320 3231/3573/3300
f 2103/2306/2127 3253/3612/3335 2104/2307/2128
f 3254/3613/3336 3253/3612/3335 2103/2306/2127
f 3257/3614/3337 3258/3615/3338 2573/2815/2608
f 2085/2290/2115 2617/2875/2664 2142/2357/2175
f 3157/3590/3317 3243/3587/3314 3244/3616/3339
f 3238/3522/3260 3127/3581/3308 3242/3523/3261
f 2609/2866/2655 3259/3617/3340 2585/2836/2627
f 3255/3602/3328 3152/3492/3212 3190/3525/3263
f 2548/2790/2583 2555/2263/2092 2111/2755/2551
f 4027/3618/3341 3200/3619/3318 3201/3597/3323
f 2097/2320/2141 3260/3620/3342 2098/2315/2136
f 3168/3481/3224 3261/3621/3343 3256/3622/3332
f 1236/1393/1271 3260/3620/3342 1232/1389/1267
f 3262/3623/3344 1232/1389/1267 3260/3620/3342
f 3260/3620/3342 2097/2320/2141 3263/3624/3345
f 3256/3622/3332 3150/3465/3208 3168/3481/3224
f 3170/3483/3226 3261/3621/3343 3168/3481/3224
f 3263/3624/3345 2104/2307/2128 3253/3612/3335
f 4038/3218/2993 2949/3217/2992 3140/3625/3346
f 2654/2914/2701 2647/2906/2694 2655/2915/2702
f 3264/3626/3347 3263/3624/3345 3253/3612/3335
f 4026/3514/3252 3187/3507/3246 4063/3627/3348
f 3255/3608/3328 3249/3593/3320 3237/3583/3310
f 3150/3606/3208 3159/3473/3216 3158/3472/3215
f 3244/3616/3339 3243/3587/3314 2061/2268/2096
f 3210/3594/3262 3249/3593/3320 3255/3608/3328
f 4026/3514/3252 4037/3516/3254 3209/3552/3283
f 3256/3607/3332 3261/3628/3343 3159/3473/3216
f 3265/3629/3349 3264/3626/3347 3266/3630/3350
f 2051/2251/2080 2602/2867/2656 2489/2721/2518
f 3265/3629/3349 3262/3623/3344 3263/3624/3345
f 3231/3573/3300 3249/3593/3320 3218/3546/3277
f 3168/3481/3224 3231/3573/3300 3218/3546/3277
f 3264/3626/3347 3253/3612/3335 3254/3613/3336
f 3218/3546/3277 3210/3594/3262 3186/3545/3245
f 3169/3482/3225 3168/3481/3224 3218/3546/3277
f 2614/2870/2659 3267/3631/3351 3268/3632/3352
f 1232/1389/1267 3262/3623/3344 3269/3633/3353
f 2006/2205/2035 2528/2773/2566 2575/2819/2612
f 3262/3623/3344 3265/3629/3349 3269/3633/3353
f 3270/3634/3354 3254/3613/3336 2103/2306/2127
f 3265/3629/3349 1242/1399/1277 3269/3633/3353
f 2098/2315/2136 3260/3620/3342 1236/1393/1271
f 3272/3635/3355 1242/1399/1277 3265/3629/3349
f 1236/1393/1271 1235/1392/1270 346/444/408
f 346/444/408 2098/2315/2136 1236/1393/1271
f 2576/2825/2617 2593/2849/2638 3273/3636/3356
f 3265/3629/3349 3266/3630/3350 3274/3637/3357
f 3254/3613/3336 3266/3630/3350 3264/3626/3347
f 2641/2900/2688 2096/2342/2160 2193/3638/3358
f 2489/2721/2518 2100/2319/2140 2051/2251/2080
f 2085/2290/2115 2084/2289/2114 2617/2875/2664
f 2575/2819/2612 2558/2817/2610 2550/2794/2587
f 2154/2894/2650 2634/2895/2683 2628/2887/2676
f 3265/3629/3349 3274/3637/3357 3272/3635/3355
f 3263/3624/3345 2097/2320/2141 2104/2307/2128
f 4020/3639/3359 4031/3640/3360 4053/3534/3269
f 3259/3617/3340 2610/2868/2657 3268/3632/3352
f 3266/3630/3350 3271/3641/3361 3274/3637/3357
f 3182/3559/3266 4060/3642/3362 4031/3640/3360
f 2529/2774/2567 2576/2825/2617 1908/2129/1959
f 2576/2825/2617 3273/3636/3356 3275/3643/3363
f 1908/2129/1959 2576/2825/2617 3275/3643/3363
f 3276/3644/3364 2558/2817/2610 2575/2819/2612
f 2546/2843/2633 2106/2310/2131 2641/2900/2688
f 3264/3626/3347 3265/3629/3349 3263/3624/3345
f 1959/2191/2021 2538/3645/3365 1947/2192/2022
f 3173/3487/3230 3184/3498/3238 3160/3474/3217
f 3161/3476/3219 3138/3452/3195 3117/3508/3176
f 3260/3620/3342 3263/3624/3345 3262/3623/3344
f 3044/3369/3121 3017/3324/3078 3043/3351/3103
f 2610/2868/2657 2614/2870/2659 3268/3632/3352
f 1232/1389/1267 3269/3633/3353 3278/3646/3366
f 1948/2337/2155 1947/2192/2022 2030/3647/3367
f 3117/3508/3176 3158/3472/3215 3161/3476/3219
f 3281/3648/3368 3280/3649/3369 3279/3650/3370
f 3173/3487/3230 3162/3486/3229 3184/3498/3238
f 2138/2354/2172 2670/2932/2717 2669/2931/2716
f 3270/3634/3354 3266/3630/3350 3254/3613/3336
f 2670/2932/2717 2138/2354/2172 3284/3651/3371
f 3285/3652/3372 3286/3653/3373 3287/3654/3374
f 3282/3655/3375 3288/3656/3376 3283/3657/3377
f 1306/1473/1347 1242/1399/1277 3289/3658/3378
f 3282/3655/3375 3283/3657/3377 3290/3659/3379
f 1242/1399/1277 1306/1473/1347 1240/1398/1276
f 3173/3487/3230 3160/3474/3217 3159/3473/3216
f 2593/2849/2638 2592/2848/2637 3273/3636/3356
f 3224/3535/3270 3291/3660/3380 3183/3500/3240
f 2138/2354/2172 2669/2931/2716 2139/2355/2173
f 3150/3606/3208 3117/3508/3176 3154/3661/3213
f 3261/3628/3343 3173/3487/3230 3159/3473/3216
f 1242/1399/1277 1232/1389/1267 3278/3646/3366
f 3162/3486/3229 3175/3490/3232 3184/3498/3238
f 3158/3472/3215 3117/3508/3176 3150/3606/3208
f 3269/3633/3353 1242/1399/1277 3278/3646/3366
f 3226/3562/3292 3291/3660/3380 3224/3535/3270
f 2489/2721/2518 2130/2343/2161 2086/2291/2116
f 3273/3636/3356 2592/2848/2637 2626/2921/2708
f 3289/3658/3378 1242/1399/1277 3272/3635/3355
f 3140/3625/3346 2949/3217/2992 2927/3501/3241
f 2609/2866/2655 2610/2868/2657 3259/3617/3340
f 3293/3662/3381 3294/3663/3382 2558/2817/2610
f 3150/3465/3208 3154/3664/3213 3151/3466/3209
f 3226/3562/3292 3224/3535/3270 3225/3560/3290
f 2025/2225/2055 2134/2750/2166 2552/2859/2648
f 3295/3665/3383 3283/3657/3377 3287/3654/3374
f 3296/3666/3384 2573/2815/2608 3258/3615/3338
f 1351/1526/1397 1352/1522/1394 3297/3667/3385
f 3283/3657/3377 3295/3665/3383 3279/3650/3370
f 3257/3614/3337 2067/2842/2632 2024/3668/2054
f 1959/2191/2021 1989/2193/2023 1960/2188/2018
f 3166/3536/3271 4041/3519/3257 3165/3504/3243
f 2066/3669/2164 2025/2225/2055 2024/2224/2054
f 3299/3670/3386 3267/3631/3351 2614/2870/2659
f 3300/3671/3387 1981/2187/2017 3294/3663/3382
f 3173/3487/3230 3261/3628/3343 3170/3488/3226
f 3174/3491/3233 3203/3527/3264 3172/3484/3227
f 2067/2842/2632 2066/2346/2164 2024/3668/2054
f 3257/3614/3337 2024/3668/2054 3258/3615/3338
f 2154/2894/2650 2049/2301/2078 2136/2352/2170
f 3288/3656/3376 3285/3652/3372 3283/3657/3377
f 2134/2750/2166 2025/2225/2055 2066/3669/2164
f 3285/3652/3372 3287/3654/3374 3283/3657/3377
f 3191/3526/3242 3178/3495/3235 3216/3558/3289
f 2610/2868/2657 2602/2867/2656 2050/2250/2079
f 4036/3601/3327 3182/3531/3266 3176/3533/3268
f 3301/3672/3388 3267/3631/3351 3299/3670/3386
f 3258/3615/3338 2024/3668/2054 3296/3666/3384
f 3302/3673/3389 3279/3650/3370 3280/3649/3369
f 2154/2861/2650 2628/3674/2676 2614/2870/2659
f 3283/3657/3377 3279/3650/3370 3302/3673/3389
f 1932/2150/1980 3300/3671/3387 3294/3663/3382
f 3303/3675/3390 3304/3676/3391 3305/3677/3392
f 1352/1522/1394 1335/1497/1369 3306/3678/3393
f 3273/3636/3356 2626/2921/2708 3275/3643/3363
f 3282/3655/3375 1306/1473/1347 3288/3656/3376
f 3304/3679/3391 3303/3680/3390 3307/3681/3394
f 3302/3673/3389 3306/3678/3393 3283/3657/3377
f 3276/3644/3364 2575/2819/2612 2584/2835/2626
f 3295/3665/3383 3287/3654/3374 3281/3648/3368
f 3294/3663/3382 2015/2818/2611 2558/2817/2610
f 3308/3682/3395 3302/3673/3389 3280/3649/3369
f 2522/2786/2579 2627/3683/2675 2544/3684/3396
f 3308/3682/3395 3280/3649/3369 3298/3685/3397
f 2157/2740/2537 2627/3683/2675 2158/2741/2538
f 2629/2888/2677 2628/2887/2676 2634/2895/2683
f 3281/3648/3368 3279/3650/3370 3295/3665/3383
f 3309/3686/3398 3306/3678/3393 3310/3687/3399
f 3310/3687/3399 3306/3678/3393 3302/3673/3389
f 3310/3687/3399 3311/3688/3400 3312/3689/3401
f 3294/3663/3382 1981/2187/2017 2015/2818/2611
f 3259/3617/3340 3268/3632/3352 3313/3690/3402
f 2592/2848/2637 2585/2836/2627 2661/2922/2709
f 2629/2888/2677 2544/3691/3396 2627/2886/2675
f 3294/3663/3382 3293/3662/3381 2040/2239/2068
f 2596/2853/2642 2546/2843/2633 2641/2900/2688
f 3306/3678/3393 3309/3686/3398 3314/3692/3403
f 2596/2853/2642 1977/2796/2589 2546/2843/2633
f 2546/2843/2633 1977/2796/2589 2545/2814/2607
f 2714/2975/2760 2679/2939/2724 2709/2970/2755
f 1932/2150/1980 3294/3663/3382 2040/2239/2068
f 3315/3693/3404 3316/3694/3405 3317/3695/3406
f 3318/3696/3407 3319/3697/3408 3320/3698/3409
f 1897/2120/1950 2584/2835/2626 1907/2128/1958
f 2616/2873/2662 2613/2872/2661 3321/3699/3410
f 3313/3690/3402 2661/2922/2709 3259/3617/3340
f 2193/3638/3358 2596/2853/2642 2641/2900/2688
f 3310/3687/3399 3314/3692/3403 3309/3686/3398
f 3310/3687/3399 3312/3689/3401 3314/3692/3403
f 3208/3567/3294 4047/3700/3411 4030/3599/3325
f 3306/3678/3393 3290/3659/3379 3283/3657/3377
f 2137/2353/2171 2548/2790/2583 2620/2877/2666
f 2669/2931/2716 3252/3509/3247 2139/2355/2173
f 2661/2922/2709 2585/2836/2627 3259/3617/3340
f 3311/3688/3400 3329/3701/3412 3326/3702/3413
f 1351/1526/1397 3297/3667/3385 3322/3703/3414
f 3314/3692/3403 3330/3704/3415 3322/3703/3414
f 3325/3705/3416 3311/3688/3400 3326/3702/3413
f 3312/3689/3401 3325/3705/3416 3314/3692/3403
f 3306/3678/3393 3314/3692/3403 3322/3703/3414
f 3313/3690/3402 3331/3706/3417 3332/3707/3418
f 3329/3701/3412 3311/3688/3400 3308/3682/3395
f 3299/3670/3386 2157/2765/2537 3301/3672/3388
f 2593/2849/2638 2596/2853/2642 2193/3638/3358
f 1352/1522/1394 3306/3678/3393 3297/3667/3385
f 3323/3708/3419 3325/3705/3416 3326/3702/3413
f 3328/3709/3420 3333/3710/3421 3323/3708/3419
f 2799/3056/2837 2417/2648/2447 2418/2649/2448
f 2465/2695/2494 2417/2648/2447 2799/3056/2837
f 2111/2755/2551 2555/2263/2092 2060/2265/2094
f 3314/3692/3403 3325/3705/3416 3330/3704/3415
f 3323/3708/3419 3324/3711/3422 3335/3712/3423
f 1351/1526/1397 3322/3703/3414 1793/1980/1837
f 3335/3712/3423 3324/3711/3422 3336/3713/3424
f 3312/3689/3401 3311/3688/3400 3325/3705/3416
f 3337/3714/3425 3330/3704/3415 3333/3710/3421
f 3333/3710/3421 3330/3704/3415 3325/3705/3416
f 2137/2353/2171 2139/2355/2173 2548/2790/2583
f 1948/2337/2155 2030/3647/3367 2031/2338/2156
f 3328/3709/3420 3323/3708/3419 3335/3712/3423
f 3316/3694/3405 3320/3698/3409 3338/3715/3426
f 1534/1983/1565 3322/3703/3414 3334/3716/3427
f 3322/3703/3414 3330/3704/3415 3334/3716/3427
f 3276/3644/3364 3293/3662/3381 2558/2817/2610
f 1907/2128/1958 2529/2774/2567 1898/2121/1951
f 1898/2121/1951 2529/2774/2567 1908/2129/1959
f 2000/2255/2084 3339/3717/3428 1933/2172/2002
f 2157/2765/2537 2520/2764/2559 3301/3672/3388
f 2465/2695/2494 2799/3056/2837 2809/3074/2855
f 2816/3083/2864 2465/2695/2494 2809/3074/2855
f 3276/3644/3364 2584/2835/2626 1897/2120/1950
f 3333/3710/3421 3325/3705/3416 3323/3708/3419
f 1609/1791/1662 1558/1720/1591 3334/3718/3427
f 2816/3083/2864 2810/3075/2856 2465/2695/2494
f 3328/3709/3420 3335/3712/3423 3340/3719/3429
f 2627/2886/2675 3299/3720/3386 2628/2887/2676
f 1908/2129/1959 3275/3643/3363 2032/3721/3430
f 2032/3721/3430 1925/2198/2028 1908/2129/1959
f 3317/3695/3406 3316/3694/3405 3341/3722/3431
f 2578/2827/2619 1980/2186/2016 1993/2202/2032
f 2628/3674/2676 3299/3670/3386 2614/2870/2659
f 3275/3643/3363 2626/2921/2708 2032/3721/3430
f 1891/2115/1945 3330/3704/3415 3337/3714/3425
f 2193/3638/3358 2087/2292/2117 2593/2849/2638
f 3326/3702/3413 3327/3723/3432 3323/3708/3419
f 3330/3704/3415 1891/2115/1945 3334/3716/3427
f 3322/3703/3414 1534/1983/1565 1793/1980/1837
f 3324/3711/3422 3323/3708/3419 3327/3723/3432
f 3327/3723/3432 3344/3724/3433 3324/3711/3422
f 3334/3716/3427 1891/2115/1945 1609/2114/1662
f 1891/2115/1945 3337/3714/3425 3345/3725/3434
f 1969/2238/2067 1932/2150/1980 2040/2239/2068
f 2142/2357/2175 1947/2192/2022 1948/2337/2155
f 3297/3667/3385 3306/3678/3393 3322/3703/3414
f 2627/2886/2675 2157/3726/2537 3299/3720/3386
f 1925/2198/2028 1909/2130/1960 1908/2129/1959
f 3333/3710/3421 3328/3709/3420 3340/3719/3429
f 3340/3719/3429 3337/3714/3425 3333/3710/3421
f 3313/3690/3402 3332/3707/3418 3343/3727/3435
f 2015/2818/2611 1981/2187/2017 2014/2851/2640
f 1992/2201/2031 1980/2186/2016 1979/2185/2015
f 1608/1790/1661 1587/1754/1625 1607/1789/1660
f 1587/1754/1625 1573/1738/1609 3347/3728/3436
f 3342/3729/3437 3343/3727/3435 3332/3707/3418
f 1533/1693/1564 1534/1694/1565 3334/3718/3427
f 3338/3715/3426 3341/3722/3431 3316/3694/3405
f 3293/3662/3381 3276/3644/3364 1897/2120/1950
f 2577/2826/2618 3348/3730/3438 3349/3731/3439
f 2577/2826/2618 3349/3731/3439 2534/2791/2584
f 1891/2115/1945 3345/3725/3434 1573/2113/1609
f 2040/2239/2068 1897/2120/1950 1896/2119/1949
f 1607/1789/1660 1587/1754/1625 3352/3732/3440
f 3354/3733/3441 3321/3699/3410 3305/3677/3392
f 3355/40/40 3356/3734/3442 3357/3735/3443
f 3293/3662/3381 1897/2120/1950 2040/2239/2068
f 3356/3734/3442 3351/3736/3444 3350/3737/3445
f 3350/3737/3445 3335/3712/3423 3358/3738/3446
f 2059/2264/2093 2538/3645/3365 2060/2265/2094
f 3358/3738/3446 3335/3712/3423 3359/102/91
f 3358/3738/3446 3357/3735/3443 3350/3737/3445
f 2002/2336/2154 2502/2742/2539 2111/2755/2551
f 3360/3739/3447 1624/1793/1664 3352/3732/3440
f 3362/3740/3448 3363/104/93 3364/106/94
f 1942/2158/1988 2527/2784/2577 3365/3741/3449
f 3363/104/93 3362/3740/3448 3358/3738/3446
f 3356/3734/3442 3367/3742/3450 3368/3743/3451
f 1925/2198/2028 2032/3721/3430 1953/3744/3452
f 3368/3743/3451 3371/3745/3453 3352/3746/3440
f 3370/3747/3454 3360/3748/3447 3352/3746/3440
f 1607/1789/1660 3352/3732/3440 1624/1793/1664
f 3356/3734/3442 3350/3737/3445 3357/3735/3443
f 3371/3745/3453 3368/3743/3451 3372/76/68
f 3337/3714/3425 3351/3736/3444 3356/3734/3442
f 3342/3729/3437 3332/3707/3418 3353/3749/3455
f 3373/3750/3456 3342/3729/3437 3353/3749/3455
f 3357/3735/3443 3358/3738/3446 3362/3740/3448
f 3374/3751/3457 3375/3752/3458 3346/3753/3459
f 3376/17/17 3377/50/49 3378/53/52
f 3377/50/49 3376/17/17 3379/3754/3460
f 3353/3749/3455 3380/3755/3461 3373/3750/3456
f 3337/3714/3425 3356/3734/3442 3345/3725/3434
f 3366/3756/3462 3342/3729/3437 3373/3750/3456
f 3368/3743/3451 1573/2113/1609 3345/3725/3434
f 3349/3731/3439 2533/2485/2292 2534/2791/2584
f 3374/3751/3457 3381/3757/3463 3375/3752/3458
f 3364/106/94 3382/41/41 3362/3740/3448
f 1573/2113/1609 3368/3743/3451 3347/3758/3436
f 3383/42/42 3367/3742/3450 3384/39/39
f 3369/3759/3464 3370/3747/3454 1623/3760/1663
f 3345/3725/3434 3356/3734/3442 3368/3743/3451
f 3368/3743/3451 3352/3746/3440 3347/3758/3436
f 3336/3713/3424 3359/102/91 3335/3712/3423
f 3270/3634/3354 2103/2306/2127 2105/2308/2129
f 3352/3746/3440 3371/3745/3453 3370/3747/3454
f 3347/3728/3436 3352/3732/3440 1587/1754/1625
f 3385/3761/3465 3371/3745/3453 3372/76/68
f 3335/3712/3423 3350/3737/3445 3351/3736/3444
f 3382/41/41 3355/40/40 3362/3740/3448
f 3351/3736/3444 3337/3714/3425 3340/3719/3429
f 3387/3762/3466 3388/3763/3467 3389/3764/3468
f 3340/3719/3429 3335/3712/3423 3351/3736/3444
f 3369/3765/3464 1623/1792/1663 1614/1781/1652
f 2661/2922/2709 3313/3690/3402 3343/3727/3435
f 3390/3766/3469 3329/3701/3412 3308/3682/3395
f 3391/3767/3470 3377/50/49 3379/3754/3460
f 1981/2187/2017 1980/2186/2016 2014/2851/2640
f 3367/3742/3450 3356/3734/3442 3355/40/40
f 3392/3768/3471 3393/3769/3472 2353/2580/2381
f 3379/3754/3460 2521/3770/3473 3391/3767/3470
f 3367/3742/3450 3355/40/40 3384/39/39
f 3372/76/68 3367/3742/3450 3383/42/42
f 3385/3761/3465 2580/2829/2621 2579/2828/2620
f 3363/104/93 3358/3738/3446 3359/102/91
f 3396/3771/3474 3270/3634/3354 2105/2308/2129
f 2314/2542/2345 3392/3768/3471 2353/2580/2381
f 3397/3772/3475 3394/3773/3476 3398/3774/3477
f 3399/71/63 3377/50/49 3391/3767/3470
f 1623/3760/1663 3370/3747/3454 3400/3775/3478
f 3401/3776/3479 3398/3774/3477 3394/3773/3476
f 3372/76/68 3386/19/19 3385/3761/3465
f 3404/3777/3480 3405/3778/3481 3395/3779/3482
f 3369/3759/3464 3360/3748/3447 3370/3747/3454
f 3407/3780/3483 3408/3781/3484 3409/3782/3485
f 3401/3776/3479 3394/3773/3476 3395/3779/3482
f 2314/2542/2345 2310/2541/2344 3392/3768/3471
f 3401/3776/3479 3395/3779/3482 3405/3778/3481
f 3367/3742/3450 3372/76/68 3368/3743/3451
f 3410/3783/3486 3405/3778/3481 3404/3777/3480
f 3411/3784/3487 3403/3785/3488 3412/3786/3489
f 3385/3761/3465 3386/19/19 2580/2829/2621
f 3395/3779/3482 2310/2541/2344 2346/2573/2374
f 2351/2578/2379 2338/2565/2367 2343/3787/3490
f 3409/3782/3485 2325/2585/2386 2324/2560/2362
f 3401/3776/3479 3402/3788/3491 3398/3774/3477
f 2351/2578/2379 3407/3780/3483 2324/2560/2362
f 3392/3768/3471 2310/2541/2344 3394/3773/3476
f 3413/3789/3492 3414/3790/3493 2332/2557/2359
f 3411/3784/3487 3396/3771/3474 3397/3772/3475
f 3406/3791/3494 3270/3634/3354 3396/3771/3474
f 3402/3788/3491 3415/3792/3495 3403/3785/3488
f 3401/3776/3479 3405/3778/3481 3402/3788/3491
f 3406/3791/3494 3396/3771/3474 3411/3784/3487
f 3403/3785/3488 3398/3774/3477 3402/3788/3491
f 3394/3773/3476 2310/2541/2344 3395/3779/3482
f 2105/2308/2129 3393/3769/3472 3396/3771/3474
f 3410/3793/3486 3404/3794/3480 3414/3790/3493
f 3416/3795/3496 3405/3778/3481 3410/3783/3486
f 3393/3769/3472 2105/2308/2129 2353/2580/2381
f 3420/3796/3497 3418/3797/3498 3417/3798/3499
f 3411/3784/3487 3421/3799/3500 3406/3791/3494
f 3410/3783/3486 3423/3800/3501 3416/3795/3496
f 3419/3801/3502 3418/3797/3498 3420/3796/3497
f 3422/3802/3503 3370/3747/3454 3371/3745/3453
f 3404/3777/3480 2346/2573/2374 2331/2598/2358
f 3418/3797/3498 3419/3801/3502 3410/3793/3486
f 3425/3803/3504 3426/3804/3505 3408/3781/3484
f 3393/3769/3472 3397/3772/3475 3396/3771/3474
f 3427/3805/3506 2345/2572/2373 2344/2586/2387
f 3413/3789/3492 2332/2557/2359 3424/3806/3507
f 3411/3784/3487 3397/3772/3475 3398/3774/3477
f 3428/3807/3508 3408/3781/3484 3407/3780/3483
f 2579/2828/2620 3422/3802/3503 3371/3745/3453
f 3417/3798/3499 3429/3808/3509 3420/3796/3497
f 2343/3787/3490 3407/3780/3483 2351/2578/2379
f 3428/3807/3508 3425/3803/3504 3408/3781/3484
f 3270/3634/3354 3406/3791/3494 3266/3630/3350
f 3418/3797/3498 3414/3790/3493 3413/3789/3492
f 3371/3745/3453 3385/3761/3465 2579/2828/2620
f 2344/2586/2387 2325/2585/2386 3431/3809/3510
f 3271/3641/3361 3266/3630/3350 3406/3791/3494
f 2346/2573/2374 3404/3777/3480 3395/3779/3482
f 3392/3768/3471 3397/3772/3475 3393/3769/3472
f 3432/3810/3511 3425/3803/3504 3428/3807/3508
f 3433/3811/3512 3434/3812/3513 3435/3813/3514
f 2345/2572/2373 3427/3805/3506 2332/2557/2359
f 3436/3814/3515 2361/2591/2391 2364/2590/2390
f 3437/3815/3516 3418/3797/3498 3413/3789/3492
f 3434/3812/3513 3438/3816/3517 3432/3810/3511
f 2332/2557/2359 3427/3805/3506 3424/3806/3507
f 2344/2586/2387 3431/3809/3510 3427/3805/3506
f 3424/3806/3507 3427/3805/3506 3431/3809/3510
f 3407/3780/3483 2343/3787/3490 3428/3807/3508
f 3403/3785/3488 3411/3784/3487 3398/3774/3477
f 3432/3810/3511 3428/3807/3508 2343/3787/3490
f 3431/3809/3510 2325/2585/2386 3409/3782/3485
f 3437/3815/3516 3413/3789/3492 3424/3806/3507
f 3414/3790/3493 3418/3797/3498 3410/3793/3486
f 3421/3799/3500 3440/3817/3518 3406/3791/3494
f 3394/3773/3476 3397/3772/3475 3392/3768/3471
f 1970/2216/2046 2040/2239/2068 1896/2119/1949
f 3441/3818/3519 3430/3819/3520 3425/3803/3504
f 3431/3809/3510 3426/3804/3505 3424/3806/3507
f 3441/3818/3519 3425/3803/3504 3438/3816/3517
f 2361/2591/2391 3439/3820/3521 2327/2554/2356
f 3406/3791/3494 3440/3817/3518 3442/3821/3522
f 3412/3786/3489 3421/3799/3500 3411/3784/3487
f 3417/3798/3499 3418/3797/3498 3437/3815/3516
f 3408/3781/3484 3426/3804/3505 3431/3809/3510
f 3442/3821/3522 3281/3648/3368 3287/3654/3374
f 3414/3790/3493 3404/3794/3480 2331/2556/2358
f 3409/3782/3485 3408/3781/3484 3431/3809/3510
f 3426/3804/3505 3437/3815/3516 3424/3806/3507
f 3440/3817/3518 3281/3648/3368 3442/3821/3522
f 3406/3791/3494 3286/3653/3373 3271/3641/3361
f 3414/3790/3493 2331/2556/2358 2332/2557/2359
f 3443/3822/3523 3440/3817/3518 3421/3799/3500
f 3407/3780/3483 3409/3782/3485 2324/2560/2362
f 3402/3788/3491 3405/3778/3481 3416/3795/3496
f 3438/3816/3517 3425/3803/3504 3432/3810/3511
f 3300/3671/3387 1979/2185/2015 1981/2187/2017
f 3410/3783/3486 3419/3823/3502 3423/3800/3501
f 3445/3824/3524 3446/3825/3525 3447/3826/3526
f 3416/3795/3496 3423/3800/3501 3448/3827/3527
f 3446/3825/3525 3445/3824/3524 3449/3828/3528
f 3450/3829/3529 3437/3815/3516 3426/3804/3505
f 3280/3649/3369 3281/3648/3368 3298/3685/3397
f 3416/3795/3496 3415/3792/3495 3402/3788/3491
f 3435/3813/3514 3439/3820/3521 2361/2591/2391
f 3451/3830/3530 3452/3831/3531 3453/3832/3532
f 3439/3820/3521 3432/3810/3511 2343/3787/3490
f 3454/3833/3533 3298/3685/3397 3281/3648/3368
f 3442/3821/3522 3286/3653/3373 3406/3791/3494
f 3455/3834/3534 3456/3835/3535 3451/3830/3530
f 3449/3828/3528 3457/3836/3536 3458/3837/3537
f 3425/3803/3504 3430/3819/3520 3426/3804/3505
f 3451/3830/3530 3456/3835/3535 3452/3831/3531
f 3459/3838/3538 3460/3839/3539 3461/3840/3540
f 3426/3804/3505 3453/3832/3532 3450/3829/3529
f 3432/3810/3511 3439/3820/3521 3435/3813/3514
f 3462/3841/3541 3435/3813/3514 2361/2591/2391
f 3449/3828/3528 3458/3837/3537 3446/3825/3525
f 3463/3842/3542 3440/3817/3518 3443/3822/3523
f 3454/3833/3533 3440/3817/3518 3463/3842/3542
f 3419/3801/3502 3420/3796/3497 3449/3828/3528
f 3449/3828/3528 3445/3824/3524 3419/3801/3502
f 3460/3839/3539 3465/3843/3543 3461/3840/3540
f 3466/3844/3544 3463/3842/3542 3443/3822/3523
f 3450/3829/3529 3417/3798/3499 3437/3815/3516
f 3457/3836/3536 3450/3829/3529 3453/3832/3532
f 3467/3845/3545 3459/3838/3538 3448/3827/3527
f 3450/3829/3529 3457/3836/3536 3429/3808/3509
f 3440/3817/3518 3454/3833/3533 3281/3648/3368
f 3450/3829/3529 3429/3808/3509 3417/3798/3499
f 3453/3832/3532 3458/3837/3537 3457/3836/3536
f 3435/3813/3514 3434/3812/3513 3432/3810/3511
f 3430/3819/3520 3453/3832/3532 3426/3804/3505
f 3415/3792/3495 3412/3786/3489 3403/3785/3488
f 3445/3846/3524 3423/3800/3501 3419/3823/3502
f 3447/3826/3526 3469/3847/3546 3470/3848/3547
f 3466/3844/3544 3464/3849/3548 3463/3842/3542
f 3471/3850/3549 3459/3838/3538 3467/3845/3545
f 2432/2663/2462 3472/3851/3550 3468/3852/3551
f 3443/3822/3523 3421/3799/3500 3412/3786/3489
f 3464/3849/3548 3454/3833/3533 3463/3842/3542
f 2423/2653/2452 3468/3852/3551 2422/2662/2461
f 3468/3852/3551 2423/2653/2452 2432/2663/2462
f 3415/3792/3495 3466/3844/3544 3443/3822/3523
f 3473/3853/3552 3465/3843/3543 3460/3839/3539
f 3469/3847/3546 3474/3854/3553 3470/3848/3547
f 3475/3855/3554 3472/3851/3550 2432/2663/2462
f 3447/3856/3526 3471/3850/3549 3467/3845/3545
f 3415/3792/3495 3443/3822/3523 3412/3786/3489
f 3476/3857/3555 3477/3858/3556 3458/3837/3537
f 3302/3673/3389 3308/3682/3395 3311/3688/3400
f 3429/3808/3509 3457/3836/3536 3420/3796/3497
f 3459/3838/3538 3415/3792/3495 3448/3827/3527
f 3458/3837/3537 3453/3832/3532 3476/3857/3555
f 3445/3846/3524 3467/3845/3545 3423/3800/3501
f 3480/3859/3557 3298/3685/3397 3454/3833/3533
f 3286/3653/3373 3442/3821/3522 3287/3654/3374
f 3481/3860/3558 3468/3852/3551 3472/3851/3550
f 3461/3840/3540 3464/3849/3548 3466/3844/3544
f 3468/3852/3551 3479/3861/3559 2425/3862/3560
f 3452/3831/3531 3476/3857/3555 3453/3832/3532
f 3482/3863/3561 2426/2654/2453 2437/2668/2467
f 2425/3862/3560 2364/2590/2390 2424/2660/2459
f 3445/3846/3524 3447/3856/3526 3467/3845/3545
f 3441/3818/3519 3451/3830/3530 3430/3819/3520
f 3310/3687/3399 3302/3673/3389 3311/3688/3400
f 3420/3796/3497 3457/3836/3536 3449/3828/3528
f 3485/3864/3562 3486/3865/3563 3487/3866/3564
f 3478/3867/3565 2429/2658/2457 3488/3868/3566
f 3448/3827/3527 3415/3792/3495 3416/3795/3496
f 2364/2590/2390 2425/3862/3560 3479/3861/3559
f 3436/3814/3515 2364/2590/2390 3479/3861/3559
f 3454/3833/3533 3464/3849/3548 3480/3859/3557
f 3467/3845/3545 3448/3827/3527 3423/3800/3501
f 3441/3818/3519 3455/3834/3534 3451/3830/3530
f 3475/3855/3554 3489/3869/3567 3472/3851/3550
f 2429/2658/2457 2428/2657/2456 2457/2687/2486
f 3465/3843/3543 3464/3849/3548 3461/3840/3540
f 2430/2659/2458 3475/3855/3554 2432/2663/2462
f 3438/3816/3517 3455/3834/3534 3441/3818/3519
f 3436/3814/3515 3479/3861/3559 3491/3870/3568
f 3485/3864/3562 3482/3863/3561 2437/2668/2467
f 3478/3867/3565 2430/2659/2458 2429/2658/2457
f 3490/3871/3569 3435/3813/3514 3493/3872/3570
f 3451/3830/3530 3453/3832/3532 3430/3819/3520
f 3459/3838/3538 3466/3844/3544 3415/3792/3495
f 3433/3811/3512 3490/3871/3569 3493/3872/3570
f 3494/3873/3571 3495/3874/3572 3496/3875/3573
f 3436/3814/3515 3491/3870/3568 3462/3841/3541
f 3466/3844/3544 3459/3838/3538 3461/3840/3540
f 3497/3876/3574 3433/3811/3512 3492/3877/3575
f 3446/3825/3525 3469/3847/3546 3447/3826/3526
f 3436/3814/3515 3462/3841/3541 2361/2591/2391
f 3498/3878/3576 2429/2658/2457 2457/2687/2486
f 3498/3878/3576 3483/3879/3577 2429/2658/2457
f 3489/3869/3567 3484/3880/3578 3472/3851/3550
f 2426/2654/2453 3498/3878/3576 2457/2687/2486
f 3492/3877/3575 3501/3881/3579 3497/3876/3574
f 3478/3867/3565 3475/3855/3554 2430/2659/2458
f 3501/3881/3579 3492/3877/3575 3489/3869/3567
f 3502/3882/3580 3494/3873/3571 3496/3875/3573
f 3482/3863/3561 3498/3878/3576 2426/2654/2453
f 3481/3860/3558 3491/3870/3568 3479/3861/3559
f 3494/3873/3571 3501/3881/3579 3489/3869/3567
f 3489/3869/3567 3492/3877/3575 3484/3880/3578
f 3504/3883/3581 3505/3884/3582 3506/3885/3583
f 3498/3878/3576 3500/3886/3584 3483/3879/3577
f 3462/3841/3541 3491/3870/3568 3481/3860/3558
f 3482/3863/3561 3500/3886/3584 3498/3878/3576
f 2425/3862/3560 2424/2660/2459 2422/2662/2461
f 3508/3887/3585 3509/3888/3586 3510/3889/3587
f 3475/3855/3554 3495/3874/3572 3489/3869/3567
f 3434/3812/3513 3455/3834/3534 3438/3816/3517
f 3468/3852/3551 2425/3862/3560 2422/2662/2461
f 3500/3886/3584 3482/3863/3561 3499/3890/3588
f 3513/3891/3589 3474/3854/3553 3469/3847/3546
f 3512/3892/3590 3452/3831/3531 3514/3893/3591
f 3488/3868/3566 2429/2658/2457 3483/3879/3577
f 3433/3811/3512 3497/3876/3574 3434/3812/3513
f 3513/3891/3589 3469/3847/3546 3515/3894/3592
f 3490/3871/3569 3433/3811/3512 3435/3813/3514
f 3478/3867/3565 3496/3875/3573 3475/3855/3554
f 3496/3875/3573 3495/3874/3572 3475/3855/3554
f 3516/3895/3593 3517/3896/3594 3501/3881/3579
f 3493/3872/3570 3435/3813/3514 3462/3841/3541
f 3518/3897/3595 3494/3873/3571 3502/3882/3580
f 3481/3860/3558 3493/3872/3570 3462/3841/3541
f 3434/3812/3513 3520/3898/3596 3455/3834/3534
f 3516/3895/3593 3522/3899/3597 3521/3900/3598
f 3499/3890/3588 3483/3879/3577 3500/3886/3584
f 3468/3852/3551 3481/3860/3558 3479/3861/3559
f 3478/3867/3565 3488/3868/3566 3496/3875/3573
f 3523/3901/3599 3524/3902/3600 3348/3730/3438
f 3503/3903/3601 3477/3858/3556 3515/3894/3592
f 3499/3890/3588 3482/3863/3561 3487/3866/3564
f 3509/3888/3586 3488/3868/3566 3483/3879/3577
f 3527/3904/3602 3499/3890/3588 3525/3905/3603
f 3482/3863/3561 3485/3864/3562 3487/3866/3564
f 3361/3906/3604 3331/3706/3417 3348/3730/3438
f 3515/3894/3592 3477/3858/3556 3513/3891/3589
f 3499/3890/3588 3509/3888/3586 3483/3879/3577
f 3520/3898/3596 3456/3835/3535 3455/3834/3534
f 1311/1474/1348 3282/3655/3375 1335/1497/1369
f 3526/3907/3605 3518/3897/3595 3528/3908/3606
f 3529/3909/3607 3506/3885/3583 3517/3896/3594
f 3494/3873/3571 3516/3895/3593 3501/3881/3579
f 3484/3880/3578 3433/3811/3512 3493/3872/3570
f 3521/3900/3598 3517/3896/3594 3516/3895/3593
f 3517/3896/3594 3521/3900/3598 3529/3909/3607
f 3530/3910/3608 3531/3911/3609 3512/3892/3590
f 3497/3876/3574 3517/3896/3594 3434/3812/3513
f 3495/3874/3572 3494/3873/3571 3489/3869/3567
f 3520/3898/3596 3434/3812/3513 3517/3896/3594
f 3481/3860/3558 3484/3880/3578 3493/3872/3570
f 3477/3858/3556 3507/3912/3610 3532/3913/3611
f 3514/3893/3591 3530/3910/3608 3512/3892/3590
f 3533/3914/3612 3525/3905/3603 3534/3915/3613
f 3507/3912/3610 3535/3916/3614 3532/3913/3611
f 3522/3899/3597 3526/3907/3605 3521/3900/3598
f 3492/3877/3575 3433/3811/3512 3484/3880/3578
f 3536/3917/3615 3537/3918/3616 3538/3919/3617
f 3501/3881/3579 3517/3896/3594 3497/3876/3574
f 3487/3866/3564 3525/3905/3603 3499/3890/3588
f 3530/3910/3608 3514/3893/3591 3519/3920/3618
f 3539/3921/3619 3538/3919/3617 3527/3904/3602
f 1335/1497/1369 3282/3655/3375 3306/3678/3393
f 3456/3835/3535 3514/3893/3591 3452/3831/3531
f 3537/3918/3616 3526/3907/3605 3528/3908/3606
f 3282/3655/3375 3290/3659/3379 3306/3678/3393
f 3533/3914/3612 3527/3904/3602 3525/3905/3603
f 3472/3851/3550 3484/3880/3578 3481/3860/3558
f 3538/3919/3617 3539/3921/3619 3540/3922/3620
f 3511/3923/3621 3476/3857/3555 3452/3831/3531
f 3533/3914/3612 3541/3924/3622 3527/3904/3602
f 3507/3912/3610 3477/3858/3556 3476/3857/3555
f 3496/3875/3573 3488/3868/3566 3543/3925/3623
f 3506/3885/3583 3505/3884/3582 3519/3920/3618
f 3509/3888/3586 3546/3926/3624 3543/3925/3623
f 3508/3887/3585 3546/3926/3624 3509/3888/3586
f 3547/3927/3625 3539/3921/3619 3545/3928/3626
f 3543/3925/3623 3546/3926/3624 3496/3875/3573
f 3548/3929/3627 3512/3892/3590 3531/3911/3609
f 3519/3920/3618 3514/3893/3591 3456/3835/3535
f 3456/3835/3535 3520/3898/3596 3519/3920/3618
f 3549/3930/3628 3544/3931/3629 3529/3909/3607
f 3534/3915/3613 3525/3905/3603 3487/3866/3564
f 3509/3888/3586 3543/3925/3623 3488/3868/3566
f 3511/3923/3621 3507/3912/3610 3476/3857/3555
f 3548/3929/3627 3511/3923/3621 3512/3892/3590
f 3506/3885/3583 3529/3909/3607 3504/3883/3581
f 3504/3883/3581 3529/3909/3607 3554/3932/3630
f 3529/3909/3607 3526/3907/3605 3551/3933/3631
f 3550/3934/3632 3555/3935/3633 3545/3928/3626
f 3526/3907/3605 3522/3899/3597 3518/3897/3595
f 3512/3892/3590 3511/3923/3621 3452/3831/3531
f 3499/3890/3588 3510/3889/3587 3509/3888/3586
f 3274/3637/3357 3271/3641/3361 3286/3653/3373
f 3510/3889/3587 3499/3890/3588 3527/3904/3602
f 3526/3907/3605 3537/3918/3616 3536/3917/3615
f 3544/3931/3629 3554/3932/3630 3529/3909/3607
f 3519/3920/3618 3505/3884/3582 3530/3910/3608
f 3528/3908/3606 3508/3887/3585 3537/3918/3616
f 3554/3932/3630 3556/3936/3634 3504/3883/3581
f 3272/3635/3355 3274/3637/3357 3285/3652/3372
f 3548/3929/3627 3507/3912/3610 3511/3923/3621
f 3538/3919/3617 3508/3887/3585 3510/3889/3587
f 3548/3929/3627 3535/3916/3614 3507/3912/3610
f 3557/3937/3635 3558/3938/3636 3549/3930/3628
f 3539/3921/3619 3547/3927/3625 3559/3939/3637
f 3527/3904/3602 3538/3919/3617 3510/3889/3587
f 3536/3917/3615 3551/3933/3631 3526/3907/3605
f 3285/3652/3372 3274/3637/3357 3286/3653/3373
f 3555/3935/3633 3547/3927/3625 3545/3928/3626
f 3562/3940/3638 3563/3941/3639 3564/3942/3640
f 3562/3940/3638 1965/2175/2005 3563/3941/3639
f 3539/3921/3619 3559/3939/3637 3565/3943/3641
f 3541/3924/3622 3545/3928/3626 3539/3921/3619
f 3565/3943/3641 3559/3939/3637 3566/3944/3642
f 1979/2185/2015 3300/3671/3387 1930/2152/1982
f 3544/3931/3629 3567/3945/3643 3554/3932/3630
f 3568/3946/3644 3536/3917/3615 3540/3922/3620
f 3566/3944/3642 3559/3939/3637 3560/3947/3645
f 3549/3930/3628 3551/3933/3631 3536/3917/3615
f 2455/2685/2484 2464/2708/2507 2458/2688/2487
f 3553/3948/3646 3567/3945/3643 3544/3931/3629
f 3566/3944/3642 3570/3949/3647 3571/3950/3648
f 3541/3924/3622 3550/3934/3632 3545/3928/3626
f 3332/3707/3418 3331/3706/3417 3361/3906/3604
f 3538/3919/3617 3537/3918/3616 3508/3887/3585
f 3566/3944/3642 3560/3947/3645 3572/3951/3649
f 3555/3935/3633 3569/3952/3650 3547/3927/3625
f 3272/3635/3355 3285/3652/3372 3288/3656/3376
f 3549/3930/3628 3553/3948/3646 3544/3931/3629
f 1306/1473/1347 3552/3953/3651 3288/3656/3376
f 3288/3656/3376 3552/3953/3651 3272/3635/3355
f 3533/3914/3612 3550/3934/3632 3541/3924/3622
f 3575/3954/3652 3550/3934/3632 3533/3914/3612
f 3576/3955/3653 3569/3952/3650 3555/3935/3633
f 3577/3956/3654 3542/3957/3655 3486/3865/3563
f 3551/3933/3631 3549/3930/3628 3529/3909/3607
f 3539/3921/3619 3527/3904/3602 3541/3924/3622
f 2454/2684/2483 3486/3865/3563 3485/3864/3562
f 3578/3958/3656 3550/3934/3632 3575/3954/3652
f 1930/2152/1982 3300/3671/3387 1932/2150/1980
f 3580/3959/3657 3557/3937/3635 3570/3949/3647
f 3577/3956/3654 3486/3865/3563 2454/2684/2483
f 3560/3947/3645 3574/3960/3658 3561/3961/3659
f 3555/3935/3633 3550/3934/3632 3578/3958/3656
f 3563/3941/3639 3574/3960/3658 3581/3962/3660
f 3272/3635/3355 3552/3953/3651 3289/3658/3378
f 3577/3956/3654 2454/2684/2483 2458/2688/2487
f 3580/3959/3657 3558/3938/3636 3557/3937/3635
f 3568/3946/3644 3540/3922/3620 3571/3950/3648
f 1970/2216/2046 1962/2196/2026 1969/2238/2067
f 3568/3946/3644 3557/3937/3635 3549/3930/3628
f 3582/3963/3661 3580/3959/3657 3566/3944/3642
f 3570/3949/3647 3566/3944/3642 3580/3959/3657
f 3583/3964/3662 3584/3965/3663 3585/3966/3664
f 3585/3966/3664 2478/2712/2511 3583/3964/3662
f 3552/3953/3651 1306/1473/1347 3289/3658/3378
f 3549/3930/3628 3536/3917/3615 3568/3946/3644
f 3542/3957/3655 3534/3915/3613 3487/3866/3564
f 3557/3937/3635 3568/3946/3644 3570/3949/3647
f 1965/2175/2005 1929/2151/1981 3561/3961/3659
f 3563/3941/3639 3561/3961/3659 3574/3960/3658
f 3566/3944/3642 3572/3951/3649 3582/3963/3661
f 3573/3967/3665 3553/3948/3646 3549/3930/3628
f 3571/3950/3648 3570/3949/3647 3568/3946/3644
f 3348/3730/3438 2577/2826/2618 3523/3901/3599
f 3540/3922/3620 3536/3917/3615 3538/3919/3617
f 1311/1474/1348 1306/1473/1347 3282/3655/3375
f 2479/2709/2508 3586/3968/3666 2474/2704/2503
f 3597/3969/3667 3584/3965/3663 3583/3964/3662
f 3563/3941/3639 1965/2175/2005 3561/3961/3659
f 3342/3729/3437 3444/3970/3668 2626/2921/2708
f 3587/3971/3669 2474/2704/2503 3586/3968/3666
f 3539/3921/3619 3565/3943/3641 3540/3922/3620
f 3577/3956/3654 3589/3972/3670 3542/3957/3655
f 3564/3942/3640 3563/3941/3639 3581/3962/3660
f 3585/3966/3664 3590/3973/3671 2458/2688/2487
f 3595/3974/3672 3596/3975/3673 3597/3969/3667
f 3598/3976/3674 3586/3968/3666 2479/2709/2508
f 3577/3956/3654 2458/2688/2487 3590/3973/3671
f 3585/3966/3664 2458/2688/2487 2464/2708/2507
f 3583/3964/3662 2478/2712/2511 3597/3969/3667
f 3599/3977/3675 3542/3957/3655 3589/3972/3670
f 3588/3978/3676 3564/3942/3640 3581/3962/3660
f 3601/3979/3677 3597/3969/3667 3602/3980/3678
f 3571/3950/3648 3540/3922/3620 3565/3943/3641
f 3603/3981/3679 3600/3982/3680 3594/3983/3681
f 3590/3973/3671 3589/3972/3670 3577/3956/3654
f 3549/3930/3628 3558/3938/3636 3573/3967/3665
f 2478/2712/2511 3587/3971/3669 3597/3969/3667
f 3600/3982/3680 3591/3984/3682 3592/3985/3683
f 3599/3977/3675 3604/3986/3684 3534/3915/3613
f 3534/3915/3613 3542/3957/3655 3599/3977/3675
f 2477/2707/2506 3585/3966/3664 2464/2708/2507
f 3604/3986/3684 3576/3955/3653 3578/3958/3656
f 3571/3950/3648 3565/3943/3641 3566/3944/3642
f 3596/3975/3673 3599/3977/3675 3589/3972/3670
f 3605/3987/3685 3606/3988/3686 3607/3989/3687
f 3608/3990/3688 3609/3991/3689 3595/3974/3672
f 3592/3985/3683 3594/3983/3681 3600/3982/3680
f 3560/3947/3645 3559/3939/3637 3574/3960/3658
f 3610/3992/3690 3609/3991/3689 3608/3990/3688
f 3578/3958/3656 3576/3955/3653 3555/3935/3633
f 3587/3971/3669 2478/2712/2511 2474/2704/2503
f 3487/3866/3564 3486/3865/3563 3542/3957/3655
f 3612/3993/3691 3613/3994/3692 3465/3843/3543
f 3614/3995/3693 3591/3984/3682 3600/3982/3680
f 3533/3914/3612 3534/3915/3613 3575/3954/3652
f 3605/3987/3685 3601/3979/3677 3602/3980/3678
f 3611/3996/3694 3606/3988/3686 3591/3984/3682
f 3604/3986/3684 3575/3954/3652 3534/3915/3613
f 3587/3971/3669 3615/3997/3695 3602/3980/3678
f 3602/3980/3678 3615/3997/3695 3592/3985/3683
f 3612/3993/3691 3465/3843/3543 3473/3853/3552
f 3584/3965/3663 3590/3973/3671 3585/3966/3664
f 2477/2707/2506 2478/2712/2511 3585/3966/3664
f 3595/3974/3672 3604/3986/3684 3596/3975/3673
f 3613/3994/3692 3480/3859/3557 3464/3849/3548
f 3616/3998/3696 3613/3994/3692 3612/3993/3691
f 3589/3972/3670 3590/3973/3671 3584/3965/3663
f 3608/3990/3688 3619/3999/3697 3607/3989/3687
f 3591/3984/3682 3602/3980/3678 3592/3985/3683
f 3620/4000/3698 3329/3701/3412 3390/3766/3469
f 3591/3984/3682 3605/3987/3685 3602/3980/3678
f 3610/3992/3690 3607/3989/3687 3618/4001/3699
f 3465/3843/3543 3613/3994/3692 3464/3849/3548
f 3607/3989/3687 3606/3988/3686 3618/4001/3699
f 3596/3975/3673 3604/3986/3684 3599/3977/3675
f 3610/3992/3690 3608/3990/3688 3607/3989/3687
f 3595/3974/3672 3597/3969/3667 3619/3999/3697
f 3597/3969/3667 3589/3972/3670 3584/3965/3663
f 3308/3682/3395 3298/3685/3397 3480/3859/3557
f 3621/4002/3700 3564/3942/3640 3609/3991/3689
f 3595/3974/3672 3576/3955/3653 3604/3986/3684
f 3326/3702/3413 3620/4000/3698 3622/4003/3701
f 3597/3969/3667 3587/3971/3669 3602/3980/3678
f 3578/3958/3656 3575/3954/3652 3604/3986/3684
f 3622/4003/3701 3620/4000/3698 3624/4004/3702
f 3625/4005/3703 3622/4003/3701 3624/4004/3702
f 3626/4006/3704 3625/4005/3703 3624/4004/3702
f 3597/3969/3667 3601/3979/3677 3619/3999/3697
f 3601/3979/3677 3605/3987/3685 3619/3999/3697
f 3597/3969/3667 3596/3975/3673 3589/3972/3670
f 3621/4002/3700 3562/3940/3638 3564/3942/3640
f 3390/3766/3469 3308/3682/3395 3480/3859/3557
f 3594/3983/3681 3592/3985/3683 3615/3997/3695
f 3606/3988/3686 3605/3987/3685 3591/3984/3682
f 3595/3974/3672 3619/3999/3697 3608/3990/3688
f 3627/4007/3705 3628/4008/3706 3629/113/100
f 3576/3955/3653 3588/3978/3676 3569/3952/3650
f 3513/3891/3589 3477/3858/3556 3630/4009/3707
f 3223/3572/3299 3068/3388/3140 3103/3409/3161
f 3390/3766/3469 3624/4004/3702 3620/4000/3698
f 3631/4010/3708 3460/3839/3539 3471/3850/3549
f 3595/3974/3672 3588/3978/3676 3576/3955/3653
f 3622/4003/3701 3634/4011/3709 3327/3723/3432
f 3626/4006/3704 3616/3998/3696 3612/3993/3691
f 3630/4009/3707 3635/4012/3710 3636/4013/3711
f 3609/3991/3689 3564/3942/3640 3595/3974/3672
f 3607/3989/3687 3619/3999/3697 3605/3987/3685
f 3635/4012/3710 3637/4014/3712 3638/824/80
f 3595/3974/3672 3564/3942/3640 3588/3978/3676
f 3630/4009/3707 3639/4015/3713 3635/4012/3710
f 3623/4016/3714 3612/3993/3691 3473/3853/3552
f 3637/4014/3712 3640/4017/3715 3649/4018/3716
f 3613/3994/3692 3390/3766/3469 3480/3859/3557
f 3624/4004/3702 3390/3766/3469 3616/3998/3696
f 3626/4006/3704 3624/4004/3702 3616/3998/3696
f 3623/4016/3714 3473/3853/3552 3641/4019/3717
f 3629/113/100 3628/4008/3706 3641/4019/3717
f 3636/4020/3711 3642/89/79 3632/73/65
f 3477/3858/3556 3532/3913/3611 3630/4009/3707
f 3127/3581/3308 3238/3522/3260 3236/3582/3309
f 3627/4007/3705 3643/4021/3718 3634/4011/3709
f 3641/4019/3717 3628/4008/3706 3623/4016/3714
f 3638/824/80 3637/4014/3712 3644/87/77
f 3641/4019/3717 3473/3853/3552 3460/3839/3539
f 3613/3994/3692 3616/3998/3696 3390/3766/3469
f 3627/4007/3705 3634/4011/3709 3648/4022/3719
f 3652/4023/3720 3535/3916/3614 3548/3929/3627
f 3643/4021/3718 3629/113/100 3646/118/104
f 3637/4014/3712 3649/4018/3716 3644/87/77
f 3635/4012/3710 3642/4024/79 3636/4013/3711
f 3622/4003/3701 3327/3723/3432 3326/3702/3413
f 3655/4025/3721 3344/3724/3433 3647/4026/3722
f 3460/3839/3539 3631/4010/3708 3641/4019/3717
f 3336/3713/3424 3324/3711/3422 3344/3724/3433
f 3659/4027/3723 3640/4017/3715 3532/3913/3611
f 3645/119/105 3643/4021/3718 3646/118/104
f 3640/4017/3715 3659/4027/3723 3649/4018/3716
f 3623/4016/3714 3628/4008/3706 3626/4006/3704
f 3326/3702/3413 3329/3701/3412 3620/4000/3698
f 3653/114/11 3660/120/102 3662/88/78
f 3629/113/100 3643/4021/3718 3627/4007/3705
f 3657/4028/3724 3535/3916/3614 3652/4023/3720
f 3635/4012/3710 3638/824/80 3642/4024/79
f 3645/119/105 3634/4011/3709 3643/4021/3718
f 3652/4023/3720 3664/4029/3725 3657/4028/3724
f 3665/110/97 3655/4025/3721 3647/4026/3722
f 3532/3913/3611 3639/4015/3713 3630/4009/3707
f 3666/103/92 3655/4025/3721 3665/110/97
f 3134/3447/3190 3131/3441/3186 3236/3582/3309
f 3640/4017/3715 3639/4015/3713 3532/3913/3611
f 3134/3447/3190 3236/3582/3309 3238/3522/3260
f 3632/73/65 3641/4019/3717 3631/4010/3708
f 3655/4025/3721 3336/3713/3424 3344/3724/3433
f 3667/4030/3726 3631/4010/3708 3474/4031/3553
f 3656/4032/3727 3652/4023/3720 3548/3929/3627
f 3648/4022/3719 3622/4003/3701 3625/4005/3703
f 3667/4030/3726 3632/73/65 3631/4010/3708
f 3148/3463/3206 3179/3467/3210 3237/3583/3310
f 3344/3724/3433 3327/3723/3432 3634/4011/3709
f 3629/113/100 3641/4019/3717 3632/73/65
f 3659/4027/3723 3668/4033/3728 3649/4018/3716
f 3652/4023/3720 3656/4032/3727 3664/4029/3725
f 3667/4034/3726 3474/3854/3553 3513/3891/3589
f 3648/4022/3719 3626/4006/3704 3628/4008/3706
f 3656/4032/3727 3548/3929/3627 3531/3911/3609
f 3639/4015/3713 3640/4017/3715 3635/4012/3710
f 3628/4008/3706 3627/4007/3705 3648/4022/3719
f 3630/4009/3707 3667/4034/3726 3513/3891/3589
f 3669/4035/3729 3650/4036/3730 3505/3884/3582
f 3648/4022/3719 3634/4011/3709 3622/4003/3701
f 3648/4022/3719 3625/4005/3703 3626/4006/3704
f 3669/4035/3729 3670/4037/3731 3671/4038/3732
f 3651/4039/3733 3672/4040/3734 3673/4041/3735
f 3656/4032/3727 3651/4039/3733 3664/4029/3725
f 3344/3724/3433 3634/4011/3709 3647/4026/3722
f 3674/4042/3736 3649/4018/3716 3668/4033/3728
f 3632/73/65 3667/4030/3726 3636/4020/3711
f 3659/4027/3723 3532/3913/3611 3535/3916/3614
f 3674/4042/3736 3663/97/86 3649/4018/3716
f 3664/4029/3725 3651/4039/3733 3673/4041/3735
f 3657/4028/3724 3659/4027/3723 3535/3916/3614
f 3667/4034/3726 3630/4009/3707 3636/4013/3711
f 3651/4039/3733 3531/3911/3609 3530/3910/3608
f 3668/4033/3728 3659/4027/3723 3657/4028/3724
f 3531/3911/3609 3651/4039/3733 3656/4032/3727
f 3675/4043/3737 3672/4040/3734 3650/4036/3730
f 3675/4043/3737 3650/4036/3730 3676/4044/3738
f 3677/4045/3739 3668/4033/3728 3657/4028/3724
f 3238/3522/3260 3247/4046/3740 3134/3447/3190
f 3640/4017/3715 3637/4014/3712 3635/4012/3710
f 3673/4041/3735 3657/4028/3724 3664/4029/3725
f 3672/4040/3734 3679/4047/3741 3673/4041/3735
f 3530/3910/3608 3505/3884/3582 3651/4039/3733
f 3682/4048/3742 3677/4045/3739 3679/4047/3741
f 3681/4049/3743 3524/3902/3600 3683/4050/3744
f 3113/3443/3172 3118/3435/3182 3141/3456/3199
f 2860/3123/2904 2861/3124/2905 2859/3133/2914
f 3679/4047/3741 3677/4045/3739 3673/4041/3735
f 3663/97/86 3644/87/77 3649/4018/3716
f 3645/119/105 3647/4026/3722 3634/4011/3709
f 3113/3443/3172 3141/3456/3199 3146/4051/3204
f 3683/4050/3744 3685/70/62 3686/69/61
f 3651/4039/3733 3650/4036/3730 3672/4040/3734
f 3082/3387/3139 2839/3103/2884 2866/3129/2910
f 3629/113/100 3633/46/45 3646/118/104
f 3082/3387/3139 2846/3110/2891 2839/3103/2884
f 3665/110/97 3647/4026/3722 3645/119/105
f 3683/4050/3744 2516/2760/2556 3685/70/62
f 3691/4052/3745 3692/4053/3746 3693/4054/3747
f 3558/3938/3636 3695/4055/3748 3693/4054/3747
f 3573/3967/3665 3692/4053/3746 3553/3948/3646
f 3108/3421/3171 3091/3414/3166 3112/3419/3169
f 3373/3750/3456 3380/3755/3461 3680/4056/3749
f 3380/3755/3461 3353/3749/3455 3682/4048/3742
f 3682/4048/3742 3524/3902/3600 3681/4049/3743
f 3693/4054/3747 3573/3967/3665 3558/3938/3636
f 3691/4052/3745 3696/4057/3750 3671/4038/3732
f 3141/3456/3199 3241/3585/3312 3146/4051/3204
f 3669/4035/3729 3504/3883/3581 3556/3936/3634
f 3151/3466/3209 3146/4051/3204 3241/3585/3312
f 3672/4040/3734 3675/4043/3737 3679/4047/3741
f 3146/4051/3204 3151/3466/3209 3154/3664/3213
f 3680/4056/3749 3380/3755/3461 3679/4047/3741
f 2859/3133/2914 2861/3124/2905 3093/3400/3152
f 3676/4044/3738 3650/4036/3730 3669/4035/3729
f 3567/3945/3643 3556/3936/3634 3554/3932/3630
f 3682/4048/3742 3361/3906/3604 3524/3902/3600
f 3504/3883/3581 3669/4035/3729 3505/3884/3582
f 3556/3936/3634 3670/4037/3731 3669/4035/3729
f 3695/4055/3748 3580/3959/3657 3582/3963/3661
f 3556/3936/3634 3567/3945/3643 3670/4037/3731
f 3505/3884/3582 3650/4036/3730 3651/4039/3733
f 3380/3755/3461 3682/4048/3742 3679/4047/3741
f 3693/4054/3747 1953/3744/3452 3691/4052/3745
f 3685/70/62 2521/4058/3473 3698/793/16
f 3572/3951/3649 3560/3947/3645 3339/3717/3428
f 3691/4052/3745 1953/3744/3452 3696/4057/3750
f 3336/3713/3424 3655/4025/3721 3666/103/92
f 3676/4044/3738 3669/4035/3729 3671/4038/3732
f 2947/3233/3006 4034/3499/3239 2927/3501/3241
f 3106/3411/3163 2859/3133/2914 3097/3403/3155
f 3524/3902/3600 3523/3901/3599 3683/4050/3744
f 2868/3131/2912 2859/3133/2914 3106/3411/3163
f 3224/3535/3270 4060/3642/3362 3182/3559/3266
f 3680/4056/3749 3679/4047/3741 3675/4043/3737
f 3359/102/91 3336/3713/3424 3666/103/92
f 3141/3456/3199 3148/3463/3206 3241/3585/3312
f 3700/105/75 3702/138/46 3364/106/94
f 3567/3945/3643 3692/4053/3746 3670/4037/3731
f 1953/3744/3452 3693/4054/3747 1963/2197/2027
f 3553/3948/3646 3692/4053/3746 3567/3945/3643
f 3558/3938/3636 3580/3959/3657 3695/4055/3748
f 3149/3464/3207 3151/3466/3209 3241/3585/3312
f 3183/3500/3240 4034/3499/3239 4057/3555/3286
f 3124/3436/3183 3130/3440/3185 3118/3435/3182
f 3689/92/82 3681/4049/3743 3683/4050/3744
f 1969/2238/2067 3582/3963/3661 3572/3951/3649
f 1969/2238/2067 3572/3951/3649 2000/2255/2084
f 3572/3951/3649 3339/3717/3428 2000/2255/2084
f 3691/4052/3745 3670/4037/3731 3692/4053/3746
f 2516/2760/2556 4009/2781/2574 2238/2831/2623
f 3180/3250/3019 2923/3202/2977 2917/3243/3012
f 1962/2196/2026 3695/4055/3748 3582/3963/3661
f 3692/4053/3746 3573/3967/3665 3693/4054/3747
f 1954/4059/3751 3373/3750/3456 3696/4057/3750
f 1954/4059/3751 3696/4057/3750 1953/3744/3452
f 3339/3717/3428 3560/3947/3645 3561/3961/3659
f 3686/69/61 3689/92/82 3683/4050/3744
f 3582/3963/3661 1969/2238/2067 1962/2196/2026
f 3339/3717/3428 3561/3961/3659 1933/2172/2002
f 1933/2172/2002 3561/3961/3659 1929/2151/1981
f 3681/4049/3743 3677/4045/3739 3682/4048/3742
f 1991/2195/2025 3399/71/63 3391/3767/3470
f 3399/71/63 1991/2195/2025 2492/130/112
f 3682/4048/3742 3353/3749/3455 3361/3906/3604
f 3691/4052/3745 3671/4038/3732 3670/4037/3731
f 1962/2196/2026 3693/4054/3747 3695/4055/3748
f 3343/3727/3435 3342/3729/3437 2661/2922/2709
f 3268/3632/3352 3267/3631/3351 3349/3731/3439
f 3704/48/47 3702/47/46 3700/85/75
f 1963/2197/2027 3693/4054/3747 1962/2196/2026
f 3379/3754/3460 3376/17/17 3698/16/16
f 2521/4058/3473 3379/4060/3460 3698/793/16
f 3183/3500/3240 4038/3218/2993 3140/3625/3346
f 1991/2195/2025 3708/140/117 2492/130/112
f 3444/3970/3668 3342/3729/3437 3366/3756/3462
f 3711/4061/3752 1229/1509/1381 3710/2111/1943
f 2538/3645/3365 2059/2264/2093 3292/4062/3753
f 2949/3217/2992 3153/3497/3237 2927/3501/3241
f 3291/3660/3380 3716/3219/2994 3183/3500/3240
f 1890/2112/1944 3713/4063/3754 3710/2111/1943
f 3247/4046/3740 3179/3467/3210 3134/3447/3190
f 1963/2197/2027 1925/2198/2028 1953/3744/3452
f 1954/4059/3751 2032/3721/3430 3444/3970/3668
f 3342/3729/3437 2626/2921/2708 2661/2922/2709
f 1229/1509/1381 1889/2110/1942 3710/2111/1943
f 4023/3589/3316 2918/3191/2968 4044/3192/2969
f 3188/3177/2957 2900/3175/2955 4040/3178/2958
f 3718/4064/3755 3712/4065/3756 3717/4066/3757
f 3348/3730/3438 3524/3902/3600 3361/3906/3604
f 3444/3970/3668 3366/3756/3462 1954/4059/3751
f 3719/4067/3758 3720/4068/3759 3721/4069/3760
f 2059/2264/2093 3579/4070/3761 3292/4062/3753
f 2032/3721/3430 2626/2921/2708 3444/3970/3668
f 3313/3690/3402 3268/3632/3352 3349/3731/3439
f 1954/4059/3751 3366/3756/3462 3373/3750/3456
f 1890/2112/1944 3722/4071/3762 3717/4066/3757
f 2517/2780/2573 4017/4072/3763 4011/2822/2614
f 2580/2829/2621 3386/19/19 3709/9/9
f 2537/2785/2578 1944/2160/1990 3320/3698/3409
f 3319/3697/3408 3723/4073/3764 3724/4074/3765
f 3267/3631/3351 3301/3672/3388 2524/2769/2563
f 3724/4074/3765 3320/3698/3409 3319/3697/3408
f 3301/3672/3388 2520/2764/2559 2524/2769/2563
f 1890/2112/1944 3725/4075/3766 3722/4071/3762
f 3726/4076/3767 1974/2783/2576 2537/2785/2578
f 3713/4063/3754 3717/4066/3757 3712/4065/3756
f 3727/4077/3768 3728/4078/3769 3735/4079/3770
f 2524/2769/2563 2533/2485/2292 3267/3631/3351
f 3714/4080/3771 1229/1509/1381 3711/4061/3752
f 2102/2321/2142 2156/2372/2188 3729/4081/3772
f 3718/4064/3755 3717/4066/3757 3730/4082/3773
f 2533/2485/2292 3349/3731/3439 3267/3631/3351
f 2573/2815/2608 3731/4083/3774 2574/2816/2609
f 3714/4080/3771 3711/4061/3752 3712/4065/3756
f 1889/2110/1942 1347/1508/1380 3710/2111/1943
f 3732/4084/3775 3733/4085/3776 2054/2253/2082
f 3734/4086/3777 3735/4079/3770 3728/4078/3769
f 1631/1800/1671 1745/1927/1789 362/431/396
f 3730/4082/3773 3717/4066/3757 3722/4071/3762
f 3736/4087/3778 3734/4086/3777 3728/4078/3769
f 1745/1927/1789 1631/1800/1671 3735/4079/3770
f 1890/2112/1944 3717/4066/3757 3713/4063/3754
f 2102/4088/2142 3729/4089/3772 2089/2297/2120
f 2056/2258/2087 3726/4090/3767 2122/2332/2152
f 2494/2486/2293 2533/2485/2292 2524/2769/2563
f 3332/3707/3418 3361/3906/3604 3353/3749/3455
f 3313/3690/3402 3349/3731/3439 3331/3706/3417
f 2621/2878/2667 1229/1509/1381 3714/4080/3771
f 1631/1800/1671 3727/4077/3768 3735/4079/3770
f 2621/2878/2667 3714/4080/3771 3715/4091/3779
f 2099/2304/2125 2054/2253/2082 3733/4085/3776
f 3348/3730/3438 3331/3706/3417 3349/3731/3439
f 3727/4077/3768 3737/4092/3780 3732/4084/3775
f 3728/4078/3769 3727/4077/3768 3732/4084/3775
f 3723/4093/3764 2122/2332/2152 3726/4090/3767
f 1745/1927/1789 3735/4079/3770 3725/4075/3766
f 2577/2826/2618 2516/2760/2556 3523/3901/3599
f 3284/3651/3371 2671/2933/2718 2670/2932/2717
f 3233/3577/3304 3739/4094/3781 2061/2268/2096
f 3727/4077/3768 1631/1800/1671 3737/4092/3780
f 3740/4095/3782 3741/4096/3783 2137/2353/2171
f 3735/4079/3770 3722/4071/3762 3725/4075/3766
f 3741/4096/3783 2138/2354/2172 2137/2353/2171
f 3743/4097/3784 2527/2784/2577 3738/4098/3785
f 2537/2785/2578 3320/3698/3409 3724/4074/3765
f 2122/2332/2152 3723/4093/3764 3319/4099/3408
f 3346/3753/3459 2589/2844/2634 2547/2789/2582
f 3523/3901/3599 2516/2760/2556 3683/4050/3744
f 2072/2280/2106 3733/4085/3776 3742/4100/3786
f 1953/3744/3452 2032/3721/3430 1954/4059/3751
f 559/638/592 1631/1800/1671 1632/1801/1672
f 3738/4098/3785 2574/4101/2609 3743/4097/3784
f 3736/4087/3778 3732/4084/3775 2054/2253/2082
f 559/638/592 3737/4092/3780 1631/1800/1671
f 3733/4085/3776 2072/2280/2106 2099/2304/2125
f 3744/4102/3787 2544/3691/3396 3745/4103/3788
f 3724/4074/3765 3726/4076/3767 2537/2785/2578
f 3730/4082/3773 3722/4071/3762 3734/4086/3777
f 2099/2304/2125 2072/2280/2106 2075/2281/2107
f 2054/2253/2082 2053/2252/2081 3736/4087/3778
f 2527/2784/2577 1942/2158/1988 2537/2785/2578
f 3319/4099/3408 3387/3762/3466 2122/2332/2152
f 2573/2815/2608 3296/3666/3384 3731/4083/3774
f 3734/4086/3777 3722/4071/3762 3735/4079/3770
f 1639/1808/1679 1745/1927/1789 3725/4075/3766
f 3733/4085/3776 3732/4084/3775 3737/4092/3780
f 3746/4104/3789 3748/4105/3790 3747/4106/3791
f 2136/2352/2170 3749/4107/3792 3745/4103/3788
f 3733/4085/3776 3737/4092/3780 559/638/592
f 2527/2784/2577 1974/2783/2576 3738/4098/3785
f 3750/4108/3793 3751/4109/3794 3752/4110/3795
f 613/732/677 3745/4103/3788 3749/4107/3792
f 1890/2112/1944 1639/1808/1679 3725/4075/3766
f 1903/2125/1955 3738/4111/3785 1975/2257/2086
f 3751/4109/3794 3750/4108/3793 3729/4089/3772
f 2527/2784/2577 3743/4097/3784 3758/4112/3796
f 760/863/799 1623/1792/1663 761/864/800
f 3759/4113/3797 3758/4112/3796 3743/4097/3784
f 761/864/800 1623/1792/1663 3400/4114/3478
f 3760/4115/3798 3746/4104/3789 3747/4106/3791
f 3752/4116/3795 3761/4117/3799 3762/4118/3800
f 1957/2169/1999 3729/4089/3772 3763/4119/3801
f 3362/3740/3448 3355/40/40 3357/3735/3443
f 3723/4073/3764 3726/4076/3767 3724/4074/3765
f 3728/4078/3769 3732/4084/3775 3736/4087/3778
f 559/638/592 3742/4100/3786 3733/4085/3776
f 1942/2158/1988 1944/2160/1990 2537/2785/2578
f 3765/4120/3802 3381/3757/3463 3766/4121/3803
f 3767/4122/3804 3758/4112/3796 3759/4113/3797
f 3765/4120/3802 3375/3752/3458 3381/3757/3463
f 3515/3894/3592 3469/3847/3546 3446/3825/3525
f 3759/4113/3797 3746/4104/3789 3760/4115/3798
f 3768/4123/3805 3759/4113/3797 3743/4097/3784
f 3422/3802/3503 3770/4124/3806 3771/4125/3807
f 3422/3802/3503 3772/4126/3808 3770/4124/3806
f 3439/3820/3521 2343/3787/3490 2338/2565/2367
f 2338/2565/2367 2327/2554/2356 3439/3820/3521
f 3515/3894/3592 3446/3825/3525 3503/3903/3601
f 3503/3903/3601 3446/3825/3525 3458/3837/3537
f 3517/3896/3594 3506/3885/3583 3520/3898/3596
f 2579/2828/2620 3772/4126/3808 3422/3802/3503
f 3759/4113/3797 3768/4123/3805 3746/4104/3789
f 3477/3858/3556 3503/3903/3601 3458/3837/3537
f 3400/4114/3478 3773/4127/3809 601/685/633
f 3763/4119/3801 3774/4128/3810 3775/4129/3811
f 3776/4130/3812 3777/4131/3813 3770/4124/3806
f 3781/2737/2534 4007/4132/3814 2541/2738/2535
f 3770/4124/3806 3769/4133/3815 3776/4130/3812
f 1972/2181/2011 1950/2180/2010 2555/2263/2092
f 613/732/677 663/1375/1254 3778/4134/3816
f 613/732/677 3749/4107/3792 614/702/650
f 3778/4134/3816 663/1375/1254 600/683/631
f 3763/4119/3801 3750/4108/3793 3774/4128/3810
f 3779/4135/3817 2228/2731/2528 3780/4136/3818
f 4006/2736/2533 3782/4137/3819 3999/4138/3820
f 3777/4131/3813 3776/4130/3812 3779/4135/3817
f 3751/4139/3794 3761/4117/3799 3752/4116/3795
f 2574/4101/2609 3731/4140/3774 3768/4123/3805
f 2547/2789/2582 2111/2755/2551 2502/2742/2539
f 3471/3850/3549 3460/3839/3539 3459/3838/3538
f 601/685/633 3773/4127/3809 600/683/631
f 3496/3875/3573 3546/3926/3624 3502/3882/3580
f 3784/4141/3821 3744/4102/3787 3745/4103/3788
f 3745/4103/3788 3778/4134/3816 3784/4141/3821
f 3787/4142/3822 3785/4143/3823 3786/4144/3824
f 3782/4137/3819 2541/2738/2535 2522/2786/2579
f 2579/2828/2620 3788/4145/3825 3772/4126/3808
f 3471/3850/3549 3447/3856/3526 3470/4146/3547
f 3502/3882/3580 3546/3926/3624 3508/3887/3585
f 600/683/631 3784/4141/3821 3778/4134/3816
f 2544/3684/3396 3744/4147/3787 3785/4143/3823
f 3787/4142/3822 2544/3684/3396 3785/4143/3823
f 3522/3899/3597 3516/3895/3593 3494/3873/3571
f 2227/4148/3826 2228/2731/2528 3779/4135/3817
f 3769/4133/3815 3770/4124/3806 3788/4145/3825
f 3773/4127/3809 3400/4114/3478 3789/4149/3827
f 3749/4107/3792 3757/4150/3828 3753/4151/3829
f 2089/2297/2120 3729/4089/3772 1957/2169/1999
f 3779/4135/3817 3790/4152/3830 2227/4148/3826
f 3753/4151/3829 614/702/650 3749/4107/3792
f 2227/4148/3826 4002/4153/3831 3999/4138/3820
f 3772/4126/3808 3788/4145/3825 3770/4124/3806
f 3745/4103/3788 613/732/677 3778/4134/3816
f 3470/4146/3547 3631/4010/3708 3471/3850/3549
f 3790/4152/3830 3779/4135/3817 3776/4130/3812
f 3780/4136/3818 3789/4154/3827 3777/4131/3813
f 2552/2859/2648 3754/4155/3832 3755/4156/3833
f 4005/2777/2570 1917/2138/1968 1991/2195/2025
f 3773/4127/3809 3789/4149/3827 3791/4157/3834
f 3788/4145/3825 2579/2828/2620 1952/2166/1996
f 3738/4111/3785 1903/2125/1955 2574/2816/2609
f 600/683/631 3773/4127/3809 3784/4141/3821
f 3522/3899/3597 3494/3873/3571 3518/3897/3595
f 3769/4133/3815 3788/4145/3825 2556/2801/2594
f 3780/4136/3818 3791/4158/3834 3789/4154/3827
f 4004/4159/3835 3776/4130/3812 2556/2801/2594
f 3470/4146/3547 3474/4031/3553 3631/4010/3708
f 3743/4097/3784 2574/4101/2609 3768/4123/3805
f 1952/2166/1996 2556/2801/2594 3788/4145/3825
f 4003/4160/3836 3786/4144/3824 3785/4143/3823
f 1904/2126/1956 1975/2257/2086 2003/2256/2085
f 3791/4158/3834 3780/4136/3818 3793/2730/2527
f 3787/4142/3822 3786/4144/3824 3782/4137/3819
f 3791/4157/3834 3792/4161/2540 3773/4127/3809
f 3790/4152/3830 3781/2737/2534 2227/4148/3826
f 3793/2730/2527 3792/2743/2540 3791/4158/3834
f 3502/3882/3580 3508/3887/3585 3528/3908/3606
f 1892/4162/3837 91/881/816 3753/4151/3829
f 3794/4163/3838 3795/4164/3839 3796/4165/3840
f 3792/4161/2540 4001/4166/3841 3784/4141/3821
f 3795/4164/3839 558/637/591 3796/4165/3840
f 3518/3897/3595 3502/3882/3580 3528/3908/3606
f 3781/2737/2534 4006/2736/2533 4002/4153/3831
f 3744/4147/3787 4001/4167/3841 2496/4168/3842
f 2503/4169/2523 2221/2437/2251 1917/2138/1968
f 3784/4141/3821 3773/4127/3809 3792/4161/2540
f 2544/3684/3396 3787/4142/3822 2522/2786/2579
f 2522/2786/2579 3787/4142/3822 3782/4137/3819
f 4035/3513/3251 3198/3557/3288 4026/3514/3252
f 1892/4162/3837 73/156/133 91/881/816
f 3776/4130/3812 4004/4159/3835 3790/4152/3830
f 558/637/591 392/467/430 3796/4165/3840
f 3768/4123/3805 3731/4140/3774 3748/4105/3790
f 3799/2852/2641 3774/4170/3810 3752/4116/3795
f 3748/4105/3790 3731/4140/3774 3296/4171/3384
f 3519/3920/3618 3520/3898/3596 3506/3885/3583
f 3792/2743/2540 3797/4172/3843 2496/4168/3842
f 3989/3610/3334 4048/3603/3329 4042/3605/3331
f 2496/4168/3842 3797/4172/3843 3998/2729/2526
f 3296/4171/3384 2024/2224/2054 2023/2223/2053
f 2573/2815/2608 1903/2125/1955 1941/2267/2095
f 3783/4173/3844 3786/4144/3824 4003/4160/3836
f 3769/4133/3815 2556/2801/2594 3776/4130/3812
f 2131/2771/2162 2069/2278/2104 3794/4163/3838
f 3777/4131/3813 3779/4135/3817 3780/4136/3818
f 3257/3614/3337 2573/2815/2608 1941/2267/2095
f 3797/4172/3843 3792/2743/2540 3998/2729/2526
f 3246/4174/3845 3798/4175/3846 2139/2355/2173
f 3999/4138/3820 4003/4160/3836 2496/4168/3842
f 3774/4128/3810 3750/4108/3793 3752/4110/3795
f 2025/2225/2055 2552/2859/2648 3755/4156/3833
f 4004/4159/3835 3781/2737/2534 3790/4152/3830
f 3746/4104/3789 3768/4123/3805 3748/4105/3790
f 2556/2801/2594 4007/4132/3814 4004/4159/3835
f 1940/2303/2124 3800/4176/3847 3753/4151/3829
f 1930/2152/1982 1965/2175/2005 3621/4002/3700
f 73/156/133 1892/4162/3837 3796/4177/3840
f 3794/4163/3838 2069/2278/2104 2072/2280/2106
f 3802/4178/3848 3803/4179/3849 3804/4180/3850
f 2025/2225/2055 3755/4156/3833 2023/2223/2053
f 3296/4171/3384 2023/2223/2053 3748/4105/3790
f 3521/3900/3598 3526/3907/3605 3529/3909/3607
f 1984/2189/2019 1949/2183/2013 1973/2182/2012
f 3796/4165/3840 2132/4181/2163 3794/4163/3838
f 3890/2329/2149 2605/2862/2651 2119/2330/2150
f 2555/2263/2092 1949/2183/2013 2059/2264/2093
f 2896/3156/2937 3804/4180/3850 2897/3157/2938
f 3805/4182/3851 3598/3976/3674 2875/3138/2919
f 2896/3156/2937 2907/3167/2948 3804/4180/3850
f 392/467/430 73/669/133 3796/4165/3840
f 3806/4183/3852 3593/4184/3853 3805/4182/3851
f 2875/3138/2919 3806/4183/3852 3805/4182/3851
f 3806/4183/3852 2875/3138/2919 3807/4185/3854
f 1940/2303/2124 3753/4151/3829 3757/4150/3828
f 3802/4186/3848 3804/4187/3850 3808/4188/3855
f 1979/2185/2015 1930/2152/1982 1992/2201/2031
f 2091/2299/2122 2587/2839/2630 2084/2289/2114
f 2587/2839/2630 2617/2875/2664 2084/2289/2114
f 2897/3157/2938 2898/3158/2939 2887/3152/2933
f 3809/4189/3856 3810/4190/3857 3807/4185/3854
f 2056/2258/2087 1975/2257/2086 1974/4191/2576
f 2091/2299/2122 2084/2289/2114 2133/2347/2165
f 2907/3199/2948 2933/3201/2976 3808/4188/3855
f 2898/3158/2939 2897/3157/2938 3809/4189/3856
f 2898/3158/2939 3807/4185/3854 2875/3138/2919
f 3794/4163/3838 2132/4181/2163 2131/2771/2162
f 3796/4177/3840 1892/4162/3837 3800/4176/3847
f 3808/4188/3855 3804/4187/3850 2907/3199/2948
f 3603/3981/3679 3594/3983/3681 3812/4192/3858
f 3809/4189/3856 3807/4185/3854 2898/3158/2939
f 3811/4193/3859 3808/4188/3855 2933/3201/2976
f 3729/4194/3772 3814/4195/3860 3751/4139/3794
f 2089/2322/2120 2031/2338/2156 2113/2323/2143
f 3547/3927/3625 3569/3952/3650 3581/3962/3660
f 3816/4196/3861 3815/4197/3862 3810/4190/3857
f 3816/4196/3861 3810/4190/3857 3817/4198/3863
f 3809/4189/3856 3817/4198/3863 3810/4190/3857
f 3581/3962/3660 3559/3939/3637 3547/3927/3625
f 3817/4198/3863 3809/4189/3856 3802/4178/3848
f 3802/4178/3848 3809/4189/3856 3803/4179/3849
f 2084/2289/2114 1956/2288/1998 2133/2347/2165
f 3800/4176/3847 1892/4162/3837 3753/4151/3829
f 1940/2303/2124 2132/2345/2163 3796/4177/3840
f 3806/4183/3852 3812/4192/3858 3593/4184/3853
f 3817/4199/3863 3818/4200/3864 3816/4201/3861
f 3819/4202/3865 3603/3981/3679 3812/4192/3858
f 2479/2709/2508 2875/3138/2919 3598/3976/3674
f 3818/4200/3864 3817/4199/3863 3820/4203/3866
f 3815/4197/3862 3819/4202/3865 3812/4192/3858
f 3800/4176/3847 1940/2303/2124 3796/4177/3840
f 3811/4193/3859 3802/4186/3848 3808/4188/3855
f 559/638/592 558/637/591 3742/4100/3786
f 2933/3201/2976 2907/3199/2948 2892/3186/2964
f 3820/4203/3866 3817/4199/3863 3821/4204/3867
f 3822/4205/3868 3823/4206/3869 3813/4207/3870
f 3803/4179/3849 2897/3157/2938 3804/4180/3850
f 3569/3952/3650 3588/3978/3676 3581/3962/3660
f 3761/4117/3799 3751/4139/3794 3814/4195/3860
f 2898/3158/2939 2875/3138/2919 2881/3143/2924
f 3821/4204/3867 3802/4186/3848 3811/4193/3859
f 2891/3292/3056 2933/3201/2976 2890/3180/2960
f 3803/4179/3849 3809/4189/3856 2897/3157/2938
f 3824/4208/3871 3821/4204/3867 3825/4209/3872
f 3821/4204/3867 3817/4199/3863 3802/4186/3848
f 3815/4197/3862 3812/4192/3858 3806/4183/3852
f 3825/4209/3872 3821/4204/3867 3811/4193/3859
f 3824/4208/3871 3820/4203/3866 3821/4204/3867
f 3813/4207/3870 3825/4209/3872 3811/4193/3859
f 3813/4207/3870 3823/4206/3869 3826/4210/3873
f 3830/4211/3874 3831/4212/3875 3832/4213/3876
f 1965/2175/2005 3562/3940/3638 3621/4002/3700
f 3833/4214/3877 3824/4208/3871 3825/4209/3872
f 3834/4215/3878 3823/4206/3869 3829/4216/3879
f 3831/4212/3875 3830/4211/3874 3835/4217/3880
f 3822/4205/3868 3811/4193/3859 2933/3201/2976
f 3581/3962/3660 3574/3960/3658 3559/3939/3637
f 3811/4193/3859 3822/4205/3868 3813/4207/3870
f 2891/3292/3056 3822/4205/3868 2933/3201/2976
f 3810/4190/3857 3815/4197/3862 3807/4185/3854
f 2911/3172/2952 2956/3247/3016 3832/4213/3876
f 3833/4214/3877 3825/4209/3872 3828/4218/3881
f 3812/4192/3858 3594/3983/3681 3593/4184/3853
f 3833/4214/3877 3836/4219/3882 3824/4208/3871
f 3611/3996/3694 3591/3984/3682 3614/3995/3693
f 3837/4220/3883 3829/4216/3879 2912/3173/2953
f 1983/4221/3884 3833/4214/3877 3828/4218/3881
f 3807/4185/3854 3815/4197/3862 3806/4183/3852
f 3600/3982/3680 3603/3981/3679 3614/3995/3693
f 3823/4206/3869 3834/4215/3878 3826/4210/3873
f 2911/3172/2952 3832/4213/3876 2912/3173/2953
f 3829/4216/3879 3822/4205/3868 2891/3292/3056
f 3832/4213/3876 3837/4220/3883 2912/3173/2953
f 3823/4206/3869 3822/4205/3868 3829/4216/3879
f 3827/4222/3885 3813/4207/3870 3826/4210/3873
f 3839/4223/3886 3840/4224/3887 3841/4225/3888
f 3843/4226/3889 3844/4227/3890 2956/3247/3016
f 3840/4224/3887 3845/4228/3891 3841/4225/3888
f 3835/4217/3880 2956/3247/3016 3844/4227/3890
f 3835/4217/3880 3832/4213/3876 2956/3247/3016
f 3826/4210/3873 3834/4215/3878 3846/4229/3892
f 3837/4220/3883 3834/4215/3878 3829/4216/3879
f 3813/4207/3870 3827/4222/3885 3828/4218/3881
f 3828/4218/3881 3825/4209/3872 3813/4207/3870
f 3618/4001/3699 3606/3988/3686 3611/3996/3694
f 3832/4213/3876 3831/4212/3875 3837/4220/3883
f 3827/4222/3885 1983/4221/3884 3828/4218/3881
f 3618/4001/3699 3611/3996/3694 3848/4230/3893
f 3831/4212/3875 3834/4215/3878 3837/4220/3883
f 3835/4217/3880 3830/4211/3874 3832/4213/3876
f 3850/4231/3894 3842/4232/3895 3851/4233/3896
f 3845/4228/3891 3840/4224/3887 2017/2217/2047
f 3851/4233/3896 3852/4234/3897 3317/3695/3406
f 3838/4235/3898 2034/2232/2062 3827/4222/3885
f 3853/4236/3899 3854/4237/3900 3855/4238/3901
f 3855/4238/3901 3854/4237/3900 3848/4230/3893
f 2034/2232/2062 3838/4235/3898 3845/4228/3891
f 3856/4239/3902 3853/4236/3899 3855/4238/3901
f 3831/4212/3875 3835/4217/3880 3857/4240/3903
f 3841/4225/3888 3846/4229/3892 3834/4215/3878
f 3827/4222/3885 2034/2232/2062 1983/4221/3884
f 3835/4217/3880 3850/4231/3894 3857/4240/3903
f 3836/4219/3882 3820/4203/3866 3824/4208/3871
f 3858/4241/3904 3859/4242/3905 3860/4243/3906
f 3603/3981/3679 3856/4239/3902 3614/3995/3693
f 3861/4244/3907 3816/4201/3861 3818/4200/3864
f 3839/4223/3886 3847/4245/3908 3840/4224/3887
f 3820/4203/3866 3862/4246/3909 3818/4200/3864
f 3857/4240/3903 3834/4215/3878 3831/4212/3875
f 3861/4244/3907 3863/4247/3910 3816/4201/3861
f 3852/4234/3897 3851/4233/3896 3842/4232/3895
f 3829/4216/3879 2891/3292/3056 2919/3196/2973
f 2956/3247/3016 2935/3206/2981 3843/4226/3889
f 3864/4248/3911 3848/4230/3893 3854/4237/3900
f 2912/3173/2953 3829/4216/3879 2919/3196/2973
f 3841/4225/3888 3834/4215/3878 3857/4240/3903
f 3851/4233/3896 3857/4240/3903 3850/4231/3894
f 3847/4245/3908 3338/3715/3426 3840/4224/3887
f 3603/3981/3679 3819/4202/3865 3856/4239/3902
f 1983/4221/3884 3865/4249/3912 3833/4214/3877
f 3839/4223/3886 3857/4240/3903 3851/4233/3896
f 3826/4210/3873 3838/4235/3898 3827/4222/3885
f 3859/4242/3905 3858/4241/3904 3866/4250/3913
f 3843/4226/3889 2935/3206/2981 2949/3217/2992
f 3856/4239/3902 3819/4202/3865 3860/4243/3906
f 3338/3715/3426 2017/2217/2047 3840/4224/3887
f 3842/4232/3895 3850/4231/3894 3835/4217/3880
f 3818/4200/3864 3867/4251/3914 3861/4244/3907
f 3716/3219/2994 3843/4226/3889 2949/3217/2992
f 3815/4197/3862 3860/4243/3906 3819/4202/3865
f 3614/3995/3693 3855/4238/3901 3611/3996/3694
f 3868/4252/3915 3869/4253/3916 3836/4219/3882
f 3862/4246/3909 3820/4203/3866 3836/4219/3882
f 3855/4238/3901 3848/4230/3893 3611/3996/3694
f 3838/4235/3898 3826/4210/3873 3846/4229/3892
f 3841/4225/3888 3857/4240/3903 3839/4223/3886
f 3846/4229/3892 3845/4228/3891 3838/4235/3898
f 3860/4243/3906 3853/4236/3899 3856/4239/3902
f 3841/4225/3888 3845/4228/3891 3846/4229/3892
f 3839/4223/3886 3851/4233/3896 3341/3722/3431
f 3855/4238/3901 3614/3995/3693 3856/4239/3902
f 3341/3722/3431 3847/4245/3908 3839/4223/3886
f 3858/4241/3904 3815/4197/3862 3816/4196/3861
f 3872/4254/3917 3617/4255/3918 3873/4256/3919
f 3859/4242/3905 3853/4236/3899 3860/4243/3906
f 2017/2217/2047 2034/2232/2062 3845/4228/3891
f 3872/4254/3917 3621/4002/3700 3617/4255/3918
f 3341/3722/3431 3851/4233/3896 3317/3695/3406
f 3867/4251/3914 3818/4200/3864 3862/4246/3909
f 3847/4245/3908 3341/3722/3431 3338/3715/3426
f 3876/4257/3920 3877/4258/3921 1982/4259/3922
f 3870/4260/3923 3878/4261/3924 3879/4262/3925
f 3870/4263/3923 3863/4247/3910 3861/4244/3907
f 3880/4264/3926 3881/4265/3927 2191/2418/2233
f 3865/4249/3912 3836/4219/3882 3833/4214/3877
f 3864/4248/3911 3610/3992/3690 3618/4001/3699
f 3864/4248/3911 3618/4001/3699 3848/4230/3893
f 3874/4266/3928 3882/4267/3929 3873/4256/3919
f 3610/3992/3690 3864/4248/3911 3609/3991/3689
f 1930/2152/1982 3621/4002/3700 3872/4254/3917
f 3875/4268/3930 3872/4254/3917 3882/4267/3929
f 3815/4197/3862 3858/4241/3904 3860/4243/3906
f 3859/4242/3905 3880/4264/3926 3871/4269/3931
f 1930/2152/1982 3872/4254/3917 1992/2201/2031
f 1993/2202/2032 1992/2201/2031 3872/4254/3917
f 3879/4262/3925 3880/4264/3926 3866/4250/3913
f 3864/4248/3911 3617/4255/3918 3609/3991/3689
f 3869/4253/3916 3867/4251/3914 3862/4246/3909
f 3816/4196/3861 3863/4270/3910 3858/4241/3904
f 3858/4241/3904 3863/4270/3910 3870/4260/3923
f 3867/4251/3914 3888/4271/3932 3861/4244/3907
f 3866/4250/3913 3880/4264/3926 3859/4242/3905
f 3869/4253/3916 3888/4271/3932 3867/4251/3914
f 3872/4254/3917 3875/4268/3930 1993/2202/2032
f 3888/4271/3932 3870/4263/3923 3861/4244/3907
f 3879/4262/3925 3881/4265/3927 3880/4264/3926
f 3866/4250/3913 3858/4241/3904 3870/4260/3923
f 3885/4272/3933 2126/2341/2159 3881/4265/3927
f 3871/4269/3931 3882/4267/3929 3874/4266/3928
f 3864/4248/3911 3873/4256/3919 3617/4255/3918
f 3883/4273/3934 3890/2329/2149 3889/4274/3935
f 3890/2329/2149 3883/4273/3934 3884/4275/3936
f 3871/4269/3931 3875/4268/3930 3882/4267/3929
f 1943/2159/1989 3877/4258/3921 3876/4257/3920
f 3883/4273/3934 3868/4252/3915 1982/4259/3922
f 2437/2668/2467 2454/2684/2483 3485/3864/3562
f 3875/4268/3930 3871/4269/3931 3880/4264/3926
f 3881/4265/3927 2126/2341/2159 2191/2418/2233
f 3872/4254/3917 3873/4256/3919 3882/4267/3929
f 3615/3997/3695 3587/3971/3669 3586/3968/3666
f 3869/4253/3916 3862/4246/3909 3836/4219/3882
f 3888/4271/3932 3887/4276/3937 3870/4263/3923
f 3626/4006/3704 3612/3993/3691 3623/4016/3714
f 3881/4265/3927 3879/4262/3925 3878/4261/3924
f 3859/4242/3905 3871/4269/3931 3874/4266/3928
f 2191/2418/2233 3875/4268/3930 3880/4264/3926
f 3878/4261/3924 3893/4277/3938 3881/4265/3927
f 3889/4274/3935 3887/4276/3937 3888/4271/3932
f 3598/3976/3674 3805/4182/3851 3586/3968/3666
f 3887/4276/3937 3886/4278/3939 3870/4263/3923
f 1943/2159/1989 3365/3741/3449 3877/4258/3921
f 3874/4266/3928 3873/4256/3919 3854/4237/3900
f 3878/4279/3924 3892/4280/3940 3893/4281/3938
f 3894/4282/3941 3775/4129/3811 3774/4128/3810
f 2126/2341/2159 3885/4272/3933 2124/2339/2157
f 3883/4273/3934 3877/4258/3921 3884/4275/3936
f 3889/4274/3935 3888/4271/3932 3869/4253/3916
f 3594/3983/3681 3615/3997/3695 3593/4184/3853
f 3615/3997/3695 3586/3968/3666 3593/4184/3853
f 3891/4283/3942 3775/4129/3811 3892/4280/3940
f 3874/4266/3928 3854/4237/3900 3853/4236/3899
f 3593/4184/3853 3586/3968/3666 3805/4182/3851
f 3892/4280/3940 3878/4279/3924 3886/4278/3939
f 3676/4044/3738 3671/4038/3732 3696/4057/3750
f 3836/4219/3882 3865/4249/3912 3868/4252/3915
f 2191/2418/2233 1993/2202/2032 3875/4268/3930
f 1982/4259/3922 3877/4258/3921 3883/4273/3934
f 1942/2158/1988 3365/3741/3449 1943/2159/1989
f 3859/4242/3905 3874/4266/3928 3853/4236/3899
f 1982/4259/3922 3868/4252/3915 3865/4249/3912
f 3886/4278/3939 2120/2331/2151 3892/4280/3940
f 3889/4274/3935 3869/4253/3916 3868/4252/3915
f 1982/4259/3922 3865/4249/3912 1983/4221/3884
f 3881/4265/3927 3895/4284/3943 3885/4272/3933
f 3891/4283/3942 3896/4285/3944 3897/4286/3945
f 2008/2219/2049 1982/4259/3922 1983/4221/3884
f 3884/4275/3936 2605/2862/2651 3890/2329/2149
f 3675/4043/3737 3676/4044/3738 3680/4056/3749
f 3885/4272/3933 3774/4170/3810 2124/2339/2157
f 2119/2330/2150 2606/2863/2652 3898/4287/3946
f 3365/3741/3449 3758/4112/3796 3767/4122/3804
f 3365/3741/3449 2527/2784/2577 3758/4112/3796
f 3870/4260/3923 3879/4262/3925 3866/4250/3913
f 3886/4278/3939 3878/4279/3924 3870/4263/3923
f 2120/2331/2151 3891/4283/3942 3892/4280/3940
f 3883/4273/3934 3889/4274/3935 3868/4252/3915
f 1946/2163/1993 1961/2173/2003 3899/4288/3947
f 1946/2163/1993 3849/4289/3948 1944/2160/1990
f 3696/4057/3750 3680/4056/3749 3676/4044/3738
f 3373/3750/3456 3680/4056/3749 3696/4057/3750
f 3759/4113/3797 3760/4115/3798 3767/4122/3804
f 2017/2217/2047 3338/3715/3426 3900/4290/3949
f 3901/4291/3950 3023/3510/3248 3040/3354/3106
f 2017/2217/2047 3900/4290/3949 2007/2218/2048
f 3775/4129/3811 3891/4283/3942 3897/4286/3945
f 3775/4129/3811 3897/4286/3945 3754/4155/3832
f 3320/3698/3409 1944/2160/1990 3849/4289/3948
f 3901/4291/3950 3040/3354/3106 3902/4292/3951
f 2023/2223/2053 3896/4285/3944 3748/4105/3790
f 3876/4257/3920 1961/2173/2003 1943/2159/1989
f 3896/4285/3944 2023/2223/2053 3897/4286/3945
f 3897/4286/3945 2023/2223/2053 3755/4156/3833
f 3754/4155/3832 3897/4286/3945 3755/4156/3833
f 3903/4293/3952 3023/3510/3248 3901/4291/3950
f 3898/4287/3946 2606/2863/2652 3767/4122/3804
f 3674/4042/3736 3689/92/82 3690/66/59
f 2008/2219/2049 1983/4221/3884 2034/2232/2062
f 2606/2863/2652 3884/4275/3936 3767/4122/3804
f 3896/4285/3944 3747/4106/3791 3748/4105/3790
f 3767/4122/3804 3884/4275/3936 3877/4258/3921
f 3320/3698/3409 3849/4289/3948 3338/3715/3426
f 3881/4265/3927 3893/4277/3938 3895/4284/3943
f 3677/4045/3739 3657/4028/3724 3673/4041/3735
f 3774/4170/3810 3799/2852/2641 2124/2339/2157
f 2580/2829/2621 3709/9/9 3708/140/117
f 3747/4106/3791 2119/2330/2150 3898/4287/3946
f 3894/4294/3941 3895/4284/3943 3893/4277/3938
f 2606/2863/2652 2605/2862/2651 3884/4275/3936
f 3775/4129/3811 3894/4282/3941 3892/4280/3940
f 3894/4294/3941 3885/4272/3933 3895/4284/3943
f 3747/4106/3791 3898/4287/3946 3760/4115/3798
f 3710/2111/1943 3713/4063/3754 3711/4061/3752
f 3893/4281/3938 3892/4280/3940 3894/4282/3941
f 2008/2219/2049 2007/2218/2048 1982/4259/3922
f 2007/2218/2048 3876/4257/3920 1982/4259/3922
f 3711/4061/3752 3713/4063/3754 3712/4065/3756
f 2007/2218/2048 3899/4288/3947 3876/4257/3920
f 3900/4290/3949 3899/4288/3947 2007/2218/2048
f 3018/3352/3104 3044/3369/3121 3009/3314/3068
f 3662/88/78 3905/4295/3953 3653/114/11
f 2089/2322/2120 2085/2290/2115 2031/2338/2156
f 3899/4288/3947 3900/4290/3949 3849/4289/3948
f 3905/4295/3953 3662/88/78 3663/97/86
f 1951/2165/1995 2580/2829/2621 3708/140/117
f 3894/4294/3941 3774/4170/3810 3885/4272/3933
f 3905/4295/3953 3684/65/58 3653/114/11
f 1991/2195/2025 1951/2165/1995 3708/140/117
f 3663/97/86 3674/4042/3736 3905/4295/3953
f 3849/4289/3948 3900/4290/3949 3338/3715/3426
f 3767/4122/3804 3760/4115/3798 3898/4287/3946
f 3747/4106/3791 3896/4285/3944 2119/2330/2150
f 3877/4258/3921 3365/3741/3449 3767/4122/3804
f 3902/4292/3951 3040/3354/3106 3910/4296/3954
f 3904/3374/3126 3909/4297/3955 2092/4298/3956
f 1946/2163/1993 3899/4288/3947 3849/4289/3948
f 3904/3374/3126 3019/3240/3010 3050/3239/3009
f 3904/3374/3126 3907/4299/3957 3906/3375/3127
f 3911/4300/3958 3912/4301/3959 3913/4302/3960
f 3915/4303/3961 3916/4304/3962 3913/4302/3960
f 3922/4305/3963 3036/3342/3094 3084/3389/3141
f 3899/4288/3947 1961/2173/2003 3876/4257/3920
f 3922/4305/3963 3084/3389/3141 3923/4306/3964
f 3925/4307/3965 3926/4308/3966 3927/4309/3967
f 3910/4296/3954 3924/4310/3968 3712/4065/3756
f 3919/4311/3969 3036/3342/3094 3922/4305/3963
f 3714/4080/3771 3712/4065/3756 3924/4310/3968
f 2031/2338/2156 3928/4312/3970 2553/2798/2591
f 3721/4069/3760 3928/4312/3970 2031/2338/2156
f 3921/4313/3971 3908/3511/3249 3023/3510/3248
f 3920/4314/3972 3925/4307/3965 3927/4309/3967
f 3929/4315/3973 3917/4316/3974 3919/4311/3969
f 3930/4317/3975 3925/4307/3965 3920/4314/3972
f 3917/4316/3974 3916/4304/3962 3919/4311/3969
f 3058/3360/3112 3924/4310/3968 3051/3353/3105
f 3932/4318/3976 3933/4319/3977 3934/4320/3978
f 3911/4300/3958 3913/4302/3960 3916/4304/3962
f 3904/3374/3126 3908/3511/3249 3909/4297/3955
f 3903/4293/3952 3914/4321/3979 3921/4313/3971
f 3931/4322/3980 3919/4311/3969 3915/4303/3961
f 3907/4299/3957 3904/3374/3126 2092/4298/3956
f 3914/4321/3979 3935/4323/3981 3921/4313/3971
f 3934/4320/3978 2553/2798/2591 3932/4318/3976
f 2621/2878/2667 3715/4091/3779 2611/2885/2674
f 3926/4308/3966 3934/4320/3978 3933/4319/3977
f 3058/3360/3112 2611/2885/2674 3715/4091/3779
f 3931/4322/3980 3049/3340/3092 3036/3342/3094
f 3931/4322/3980 3036/3342/3094 3919/4311/3969
f 3921/4313/3971 3023/3510/3248 3903/4293/3952
f 3049/3340/3092 3931/4322/3980 3054/3398/3150
f 3912/4301/3959 3936/4324/3982 3915/4303/3961
f 3040/3354/3106 3051/3353/3105 3910/4296/3954
f 3910/4296/3954 3051/3353/3105 3924/4310/3968
f 3943/4325/3983 3929/4315/3973 3923/4306/3964
f 3913/4302/3960 3912/4301/3959 3915/4303/3961
f 3909/4297/3955 3908/3511/3249 3921/4313/3971
f 3937/4326/3984 3903/4293/3952 3901/4291/3950
f 3927/4309/3967 3911/4300/3958 3916/4304/3962
f 3929/4315/3973 3943/4325/3983 3918/4327/3985
f 3927/4309/3967 3933/4319/3977 3911/4300/3958
f 3901/4291/3950 3902/4292/3951 3937/4326/3984
f 3915/4303/3961 3054/3398/3150 3931/4322/3980
f 3915/4303/3961 3919/4311/3969 3916/4304/3962
f 3914/4321/3979 3903/4293/3952 3937/4326/3984
f 2076/4328/3986 3909/4297/3955 3921/4313/3971
f 2092/4298/3956 3909/4297/3955 2076/4328/3986
f 3937/4326/3984 3902/4292/3951 3938/4329/3987
f 3910/4296/3954 3712/4065/3756 3718/4064/3755
f 3926/4308/3966 3939/4330/3988 3934/4320/3978
f 3940/4331/3989 3941/4332/3990 3942/4333/3991
f 3926/4308/3966 3933/4319/3977 3927/4309/3967
f 3923/4306/3964 3929/4315/3973 3922/4305/3963
f 3714/4080/3771 3924/4310/3968 3715/4091/3779
f 2553/2798/2591 3934/4320/3978 3939/4330/3988
f 3929/4315/3973 3919/4311/3969 3922/4305/3963
f 3943/4325/3983 3940/4331/3989 3942/4333/3991
f 3925/4307/3965 3944/4334/3992 3926/4308/3966
f 3715/4091/3779 3924/4310/3968 3058/3360/3112
f 3944/4334/3992 3939/4330/3988 3926/4308/3966
f 3938/4329/3987 3902/4292/3951 3910/4296/3954
f 3923/4306/3964 3084/3389/3141 3943/4325/3983
f 3943/4325/3983 3907/4299/3957 3940/4331/3989
f 3072/3376/3128 3075/4335/3993 3936/4324/3982
f 2092/4298/3956 3941/4332/3990 3907/4299/3957
f 3911/4300/3958 3932/4318/3976 3912/4301/3959
f 3718/4064/3755 3938/4329/3987 3910/4296/3954
f 3914/4321/3979 3946/4336/3994 3947/4337/3995
f 3072/3376/3128 3936/4324/3982 3945/4338/3996
f 3074/3380/3132 3054/3398/3150 3075/4335/3993
f 3912/4301/3959 3932/4318/3976 3928/4312/3970
f 3906/3375/3127 3073/3377/3129 2079/3357/3109
f 3936/4324/3982 3912/4301/3959 3720/4068/3759
f 2553/2798/2591 3928/4312/3970 3932/4318/3976
f 3907/4299/3957 3941/4332/3990 3940/4331/3989
f 3907/4299/3957 3084/3389/3141 3073/3377/3129
f 3054/3398/3150 3915/4303/3961 3075/4335/3993
f 3946/4336/3994 3914/4321/3979 3937/4326/3984
f 2090/2298/2121 1986/2275/2101 3948/4339/3997
f 3719/4067/3758 3103/3409/3161 3094/3405/3157
f 3948/4339/3997 3947/4337/3995 3938/4329/3987
f 3928/4312/3970 3720/4068/3759 3912/4301/3959
f 3945/4338/3996 3719/4067/3758 3094/3405/3157
f 3920/4314/3972 3917/4316/3974 3918/4327/3985
f 1985/2207/2037 1986/2275/2101 2090/2298/2121
f 3915/4303/3961 3936/4324/3982 3075/4335/3993
f 3907/4299/3957 3073/3377/3129 3906/3375/3127
f 3721/4069/3760 3720/4068/3759 3928/4312/3970
f 3950/4340/3998 3942/4333/3991 3941/4332/3990
f 3718/4064/3755 3730/4082/3773 3951/4341/3999
f 3943/4325/3983 3084/3389/3141 3907/4299/3957
f 3943/4325/3983 3942/4333/3991 3950/4340/3998
f 3074/3380/3132 3075/4335/3993 3072/3376/3128
f 3933/4319/3977 3932/4318/3976 3911/4300/3958
f 3918/4327/3985 3943/4325/3983 3950/4340/3998
f 3938/4329/3987 3718/4064/3755 3949/4342/4000
f 3690/66/59 3684/65/58 3905/4295/3953
f 3730/4082/3773 3734/4086/3777 3951/4341/3999
f 2201/2415/2230 3948/4339/3997 1986/2275/2101
f 3905/4295/3953 3674/4042/3736 3690/66/59
f 2042/4343/4001 2076/4328/3986 3952/4344/4002
f 3945/4338/3996 3094/3405/3157 3072/3376/3128
f 3953/4345/4003 3918/4327/3985 3950/4340/3998
f 3039/3346/3098 3084/3389/3141 3036/3342/3094
f 3936/4324/3982 3720/4068/3759 3945/4338/3996
f 3954/4346/4004 3952/4344/4002 2076/4328/3986
f 2076/4328/3986 2035/4347/4005 2092/4298/3956
f 3689/92/82 3674/4042/3736 3668/4033/3728
f 3929/4315/3973 3918/4327/3985 3917/4316/3974
f 3668/4033/3728 3677/4045/3739 3689/92/82
f 3949/4342/4000 3951/4341/3999 2090/2298/2121
f 3948/4339/3997 3949/4342/4000 2090/2298/2121
f 3720/4068/3759 3719/4067/3758 3945/4338/3996
f 2090/2298/2121 3951/4341/3999 3734/4086/3777
f 3736/4087/3778 2090/2298/2121 3734/4086/3777
f 2076/4328/3986 2042/4343/4001 2036/4348/4006
f 2047/2245/2074 3952/4344/4002 3954/4346/4004
f 2076/4328/3986 2036/4348/4006 2035/4347/4005
f 2068/2279/2105 2121/2369/2186 2005/2208/2038
f 3920/4314/3972 3916/4304/3962 3917/4316/3974
f 3947/4337/3995 3935/4323/3981 3914/4321/3979
f 2013/2244/2073 2036/4348/4006 2042/4343/4001
f 3775/4129/3811 3754/4155/3832 3763/4119/3801
f 3927/4309/3967 3916/4304/3962 3920/4314/3972
f 2123/2335/2153 2045/2241/2070 3955/4349/4007
f 3749/4107/3792 2136/2352/2170 3757/4150/3828
f 2508/2748/2545 3955/4349/4007 2045/2241/2070
f 3938/4329/3987 3949/4342/4000 3948/4339/3997
f 2041/2240/2069 2508/2748/2545 2045/2241/2070
f 2120/2331/2151 2119/2330/2150 3896/4285/3944
f 3948/4339/3997 2201/2415/2230 3947/4337/3995
f 2057/2260/2089 1998/2259/2088 1989/2193/2023
f 2201/2415/2230 2200/2414/2229 3947/4337/3995
f 1997/2261/2090 2067/2842/2632 1941/2267/2095
f 1975/2257/2086 1904/2126/1956 1903/2125/1955
f 2555/2263/2092 1950/2180/2010 1949/2183/2013
f 2092/4298/3956 2035/4347/4005 3956/4350/4008
f 601/685/633 761/864/800 3400/4114/3478
f 2634/2895/2683 3745/4103/3788 2629/2888/2677
f 3681/4049/3743 3689/92/82 3677/4045/3739
f 2013/2244/2073 3952/4344/4002 2047/2245/2074
f 2067/2842/2632 3257/3614/3337 1941/2267/2095
f 2013/2244/2073 2042/4343/4001 3952/4344/4002
f 2634/2895/2683 2136/2352/2170 3745/4103/3788
f 1974/4191/2576 3726/4090/3767 2056/2258/2087
f 2123/2335/2153 3955/4349/4007 3957/4351/4009
f 2123/2335/2153 3957/4351/4009 2144/2359/2176
f 2565/2767/2561 4015/2766/2560 4013/4352/4010
f 3958/4353/4011 3959/4354/4012 3953/4345/4003
f 3754/4155/3832 2552/2859/2648 1957/2169/1999
f 91/881/816 614/702/650 3753/4151/3829
f 3789/4154/3827 3400/3775/3478 3777/4131/3813
f 3961/4355/4013 2035/4347/4005 2036/4348/4006
f 3963/4356/4014 2035/4347/4005 3961/4355/4013
f 3400/3775/3478 3370/3747/3454 3771/4125/3807
f 2068/2279/2105 2075/2281/2107 2072/2280/2106
f 3729/4089/3772 3750/4108/3793 3763/4119/3801
f 3771/4125/3807 3777/4131/3813 3400/3775/3478
f 3962/4357/4015 3964/4358/4016 3958/4353/4011
f 1975/2257/2086 3738/4111/3785 1974/4191/2576
f 3754/4155/3832 1957/2169/1999 3763/4119/3801
f 3370/3747/3454 3422/3802/3503 3771/4125/3807
f 2052/2262/2091 2047/2245/2074 2200/2414/2229
f 2052/2262/2091 2048/2248/2077 2043/2247/2076
f 2048/2248/2077 2052/2262/2091 2127/2368/2185
f 3955/4349/4007 2507/2747/2544 3957/4351/4009
f 2053/2252/2081 2055/2254/2083 2012/2212/2042
f 3346/3753/3459 3375/3752/3458 2625/2883/2672
f 2200/2414/2229 3935/4323/3981 3947/4337/3995
f 3965/4359/4017 3966/4360/4018 3967/4361/4019
f 3801/4362/4020 3742/4100/3786 3795/4164/3839
f 2565/2767/2561 4014/4363/4021 4012/4364/2622
f 3954/4346/4004 3935/4323/3981 2200/2414/2229
f 2121/2369/2186 2127/2368/2185 1986/2275/2101
f 2127/2368/2185 2052/2262/2091 1986/2275/2101
f 2507/2747/2544 2013/2244/2073 2033/2243/2072
f 3968/4365/4022 3959/4354/4012 3969/4366/4023
f 2508/2748/2545 2507/2747/2544 3955/4349/4007
f 3777/4131/3813 3771/4125/3807 3770/4124/3806
f 3795/4164/3839 3742/4100/3786 558/637/591
f 3944/4334/3992 3930/4317/3975 2608/2865/2654
f 2615/4367/4024 3930/4317/3975 3968/4365/4022
f 3925/4307/3965 3930/4317/3975 3944/4334/3992
f 3794/4163/3838 3801/4362/4020 3795/4164/3839
f 3963/4356/4014 3956/4350/4008 2035/4347/4005
f 3970/4368/4025 3965/4359/4017 3971/4369/4026
f 3757/4150/3828 2136/2352/2170 1940/2303/2124
f 2156/2372/2188 2608/2865/2654 2615/4367/4024
f 3954/4346/4004 2200/2414/2229 2047/2245/2074
f 3971/4369/4026 3964/4358/4016 3962/4357/4015
f 3762/4118/3800 3799/2852/2641 3752/4116/3795
f 3685/70/62 4008/2762/2558 2521/4058/3473
f 3963/4356/4014 3971/4369/4026 3962/4357/4015
f 2565/2767/2561 4013/4352/4010 3391/3767/3470
f 2666/4370/4027 2156/2372/2188 2615/4367/4024
f 2666/4370/4027 2615/4367/4024 3968/4365/4022
f 2052/2262/2091 2043/2247/2076 2033/2243/2072
f 2629/2888/2677 3745/4103/3788 2544/3691/3396
f 3736/4087/3778 2053/2252/2081 2090/2298/2121
f 3956/4350/4008 3963/4356/4014 3962/4357/4015
f 2090/2298/2121 2053/2252/2081 2012/2212/2042
f 2071/2277/2103 2508/2748/2545 2041/2240/2069
f 3814/4371/3860 3973/4372/4028 3974/4373/4029
f 1994/2371/2045 3975/4374/4030 3976/4375/4031
f 3729/4081/3772 2156/2372/2188 2666/4370/4027
f 3957/4351/4009 2507/2747/2544 2033/2243/2072
f 3967/4361/4019 3959/4354/4012 3958/4353/4011
f 2666/4370/4027 3969/4366/4023 3972/4376/4032
f 2666/4370/4027 3968/4365/4022 3969/4366/4023
f 3957/4351/4009 2033/2243/2072 2144/2359/2176
f 1955/2167/1997 1957/2169/1999 2552/2859/2648
f 2072/2280/2106 3801/4362/4020 3794/4163/3838
f 3978/4377/4033 2036/4348/4006 2013/2244/2073
f 3979/4378/4034 2063/2283/2109 2094/2776/2569
f 3959/4354/4012 3967/4361/4019 3969/4366/4023
f 3964/4358/4016 3971/4369/4026 3965/4359/4017
f 3966/4360/4018 3972/4376/4032 3969/4366/4023
f 3961/4355/4013 3980/4379/4035 3981/4380/4036
f 3959/4354/4012 3918/4327/3985 3953/4345/4003
f 3978/4377/4033 3961/4355/4013 2036/4348/4006
f 3958/4353/4011 3964/4358/4016 3965/4359/4017
f 2094/2776/2569 3762/4118/3800 3979/4378/4034
f 3967/4361/4019 3958/4353/4011 3965/4359/4017
f 3976/4375/4031 3980/4379/4035 2037/2234/2063
f 2608/2865/2654 3930/4317/3975 2615/4367/4024
f 3930/4317/3975 3920/4314/3972 3918/4327/3985
f 3975/4381/4030 3979/4378/4034 3974/4382/4029
f 2508/2748/2545 3978/4377/4033 2013/2244/2073
f 3959/4354/4012 3968/4365/4022 3930/4317/3975
f 3978/4377/4033 2508/2748/2545 2071/2277/2103
f 3983/4383/4037 3814/4195/3860 3979/4378/4034
f 3975/4374/4030 3974/4373/4029 3984/4384/4038
f 393/468/431 392/467/430 558/637/591
f 3959/4354/4012 3930/4317/3975 3918/4327/3985
f 2071/2277/2103 3980/4379/4035 3978/4377/4033
f 3944/4334/3992 2608/2865/2654 3939/4330/3988
f 3981/4380/4036 3975/4374/4030 3982/4385/4039
f 3761/4117/3799 3983/4383/4037 3762/4118/3800
f 3973/4372/4028 2666/4370/4027 3977/4386/4040
f 3984/4384/4038 3982/4385/4039 3975/4374/4030
f 2071/2277/2103 2037/2234/2063 3980/4379/4035
f 3762/4118/3800 3983/4383/4037 3979/4378/4034
f 3976/4375/4031 2037/2234/2063 1994/2371/2045
f 3939/4330/3988 2113/2323/2143 2553/2798/2591
f 3938/4329/3987 3947/4337/3995 3946/4336/3994
f 3939/4330/3988 2608/2865/2654 2113/2323/2143
f 3966/4360/4018 3970/4368/4025 3982/4385/4039
f 3974/4382/4029 3979/4378/4034 3814/4195/3860
f 3969/4366/4023 3967/4361/4019 3966/4360/4018
f 3971/4369/4026 3963/4356/4014 3961/4355/4013
f 1995/2214/2044 3975/4381/4030 1994/2215/2045
f 3961/4355/4013 3978/4377/4033 3980/4379/4035
f 3966/4360/4018 3965/4359/4017 3970/4368/4025
f 3949/4342/4000 3718/4064/3755 3951/4341/3999
f 2063/2283/2109 3975/4381/4030 1995/2214/2044
f 3979/4378/4034 3975/4381/4030 2063/2283/2109
f 3966/4360/4018 3984/4384/4038 3972/4376/4032
f 3954/4346/4004 2076/4328/3986 3921/4313/3971
f 3729/4081/3772 2666/4370/4027 3973/4372/4028
f 3982/4385/4039 3984/4384/4038 3966/4360/4018
f 3801/4362/4020 2072/2280/2106 3742/4100/3786
f 3814/4195/3860 3983/4383/4037 3761/4117/3799
f 3977/4386/4040 2666/4370/4027 3972/4376/4032
f 3721/4069/3760 2031/2338/2156 2030/3647/3367
f 3972/4376/4032 3984/4384/4038 3977/4386/4040
f 3935/4323/3981 3954/4346/4004 3921/4313/3971
f 3762/4118/3800 2094/2776/2569 3799/2852/2641
f 3729/4081/3772 3973/4372/4028 3814/4371/3860
f 3974/4373/4029 3973/4372/4028 3977/4386/4040
f 3980/4379/4035 3976/4375/4031 3975/4374/4030
f 3981/4380/4036 3970/4368/4025 3971/4369/4026
f 3980/4379/4035 3975/4374/4030 3981/4380/4036
f 3961/4355/4013 3981/4380/4036 3971/4369/4026
f 3981/4380/4036 3982/4385/4039 3970/4368/4025
f 3941/4332/3990 2092/4298/3956 3950/4340/3998
f 3157/3590/3317 3244/3616/3339 1984/2189/2019
f 3245/4387/4041 3157/3590/3317 1984/2189/2019
f 3227/3563/3293 3986/4388/4042 3226/3562/3292
f 2538/3645/3365 2111/2755/2551 2060/2265/2094
f 3307/3681/3394 3986/4388/4042 3987/4389/4043
f 1959/2191/2021 2111/2755/2551 2538/3645/3365
f 3844/4227/3890 3843/4226/3889 3985/4390/4044
f 3988/4391/4045 3208/3611/3294 3989/3610/3334
f 3988/4392/4045 3986/4388/4042 3227/3563/3293
f 3974/4373/4029 3977/4386/4040 3984/4384/4038
f 3852/4234/3897 3842/4232/3895 3990/4393/4046
f 3245/4387/4041 3246/4174/3845 3157/3590/3317
f 3292/4062/3753 3960/4394/4047 2030/3647/3367
f 4057/3555/3286 4021/3485/3228 4019/4395/4048
f 3958/4353/4011 3953/4345/4003 3962/4357/4015
f 3946/4336/3994 3937/4326/3984 3938/4329/3987
f 3292/4062/3753 3579/4070/3761 3960/4394/4047
f 3740/4095/3782 2137/2353/2171 3992/4396/4049
f 2030/3647/3367 3579/4070/3761 3721/4069/3760
f 3986/4388/4042 3844/4227/3890 3985/4390/4044
f 3987/4397/4043 3988/4391/4045 3989/3610/3334
f 3307/3681/3394 3852/4234/3897 3990/4393/4046
f 2030/3647/3367 3960/4394/4047 3579/4070/3761
f 3989/3610/3334 3991/4398/4050 3987/4397/4043
f 3307/3681/3394 3317/3695/3406 3852/4234/3897
f 3993/4399/4051 3992/4396/4049 3354/3733/3441
f 3226/3562/3292 3985/4390/4044 3291/3660/3380
f 3950/4340/3998 3956/4350/4008 3962/4357/4015
f 3962/4357/4015 3953/4345/4003 3950/4340/3998
f 2510/2751/2547 3346/3753/3459 2547/2789/2582
f 2547/2789/2582 2502/2742/2539 2510/2751/2547
f 3956/4350/4008 3950/4340/3998 2092/4298/3956
f 3991/4398/4050 3989/3610/3334 3284/3651/3371
f 2620/2877/2666 3354/3733/3441 3992/4396/4049
f 3987/4389/4043 3986/4388/4042 3988/4392/4045
f 3844/4227/3890 3842/4232/3895 3835/4217/3880
f 3991/4398/4050 3284/3651/3371 3740/4095/3782
f 3304/3676/3391 3994/4400/4052 3305/3677/3392
f 3992/4396/4049 2137/2353/2171 2620/2877/2666
f 3284/3651/3371 2138/2354/2172 3741/4096/3783
f 3994/4400/4052 3993/4399/4051 3305/3677/3392
f 3292/4062/3753 1947/2192/2022 2538/3645/3365
f 3741/4096/3783 3740/4095/3782 3284/3651/3371
f 2620/2877/2666 2625/2883/2672 3354/3733/3441
f 3988/4392/4045 3227/3563/3293 3225/3560/3290
f 1947/2192/2022 3292/4062/3753 2030/3647/3367
f 4021/3485/3228 3172/3484/3227 3181/4401/3250
f 3315/3693/3404 3317/3695/3406 3307/3681/3394
f 3304/3676/3391 3987/4397/4043 3994/4400/4052
f 3988/4391/4045 3225/4402/3290 3208/3611/3294
f 3307/3681/3394 3303/3680/3390 3315/3693/3404
f 3307/3681/3394 3990/4393/4046 3986/4388/4042
f 3844/4227/3890 3986/4388/4042 3990/4393/4046
f 3304/3679/3391 3307/3681/3394 3987/4389/4043
f 3843/4226/3889 3716/3219/2994 3985/4390/4044
f 3303/3680/3390 3995/4403/4053 3315/3693/3404
f 2619/2876/2665 3995/4404/4053 3303/3675/3390
f 3985/4390/4044 3716/3219/2994 3291/3660/3380
f 3993/4399/4051 3991/4398/4050 3992/4396/4049
f 3993/4399/4051 3994/4400/4052 3991/4398/4050
f 3305/3677/3392 3993/4399/4051 3354/3733/3441
f 3990/4393/4046 3842/4232/3895 3844/4227/3890
f 3321/3699/3410 3756/4405/4054 3305/3677/3392
f 3985/4390/4044 3226/3562/3292 3986/4388/4042
f 3318/4406/3407 3387/3762/3466 3319/4099/3408
f 3346/3753/3459 2625/2883/2672 2589/2844/2634
f 3388/3763/3467 2619/2876/2665 2612/2871/2660
f 3756/4405/4054 3321/3699/3410 2613/2872/2661
f 3992/4396/4049 3991/4398/4050 3740/4095/3782
f 3987/4397/4043 3991/4398/4050 3994/4400/4052
f 2619/2876/2665 3756/4405/4054 2613/2872/2661
f 2510/2751/2547 3387/3762/3466 3374/3751/3457
f 3381/3757/3463 3387/3762/3466 3389/3764/3468
f 2510/2751/2547 3374/3751/3457 3346/3753/3459
f 3305/3677/3392 3756/4405/4054 3303/3675/3390
f 3579/4070/3761 3719/4067/3758 3721/4069/3760
f 2625/2883/2672 3321/3699/3410 3354/3733/3441
f 2619/2876/2665 3303/3675/3390 3756/4405/4054
f 3996/4407/4055 3321/3699/3410 2625/2883/2672
f 3739/4094/3781 3233/3577/3304 3764/4408/4056
f 3239/3586/3313 3103/3409/3161 3719/4067/3758
f 3387/3762/3466 2510/2751/2547 2122/2332/2152
f 3996/4407/4055 2616/2873/2662 3321/3699/3410
f 2616/2873/2662 3996/4407/4055 3766/4121/3803
f 3766/4121/3803 2612/2871/2660 2616/2873/2662
f 3765/4120/3802 3996/4407/4055 3375/3752/3458
f 3579/4070/3761 3764/4408/4056 3719/4067/3758
f 3765/4120/3802 3766/4121/3803 3996/4407/4055
f 3887/4276/3937 3889/4274/3935 3890/2329/2149
f 3996/4407/4055 2625/2883/2672 3375/3752/3458
f 3997/4409/4057 2612/2871/2660 3766/4121/3803
f 3245/4387/4041 2139/2355/2173 3798/4175/3846
f 2059/2264/2093 3764/4408/4056 3579/4070/3761
f 3389/3764/3468 2612/2871/2660 3997/4409/4057
f 3864/4248/3911 3854/4237/3900 3873/4256/3919
f 3887/4276/3937 3890/2329/2149 3886/4278/3939
f 3764/4408/4056 3233/3577/3304 3223/3572/3299
f 3886/4278/3939 3890/2329/2149 2120/2331/2151
f 3389/3764/3468 3997/4409/4057 3381/3757/3463
f 3320/3698/3409 3316/3694/3405 3318/3696/3407
f 3764/4408/4056 3239/3586/3313 3719/4067/3758
f 3389/3764/3468 3388/3763/3467 2612/2871/2660
f 3764/4408/4056 3223/3572/3299 3239/3586/3313
f 3621/4002/3700 3609/3991/3689 3617/4255/3918
f 1949/2183/2013 2061/2268/2096 3739/4094/3781
f 3245/4387/4041 1984/2189/2019 3277/4410/4058
f 3381/3757/3463 3997/4409/4057 3766/4121/3803
f 3315/3693/3404 3318/3696/3407 3316/3694/3405
f 2555/2263/2092 3277/4410/4058 1972/2181/2011
f 3388/3763/3467 3995/4404/4053 2619/2876/2665
f 3277/4410/4058 2555/2263/2092 2548/2790/2583
f 3245/4387/4041 3277/4410/4058 2139/2355/2173
f 3277/4410/4058 1984/2189/2019 1972/2181/2011
f 3315/3693/3404 3995/4403/4053 3318/3696/3407
f 3318/4406/3407 3995/4404/4053 3387/3762/3466
f 2059/2264/2093 3739/4094/3781 3764/4408/4056
f 3387/3762/3466 3381/3757/3463 3374/3751/3457
f 3244/3616/3339 2061/2268/2096 1984/2189/2019
f 3891/4283/3942 2120/2331/2151 3896/4285/3944
f 3388/3763/3467 3387/3762/3466 3995/4404/4053
f 2548/2790/2583 2139/2355/2173 3277/4410/4058
f 3739/4094/3781 2059/2264/2093 1949/2183/2013
f 3360/3739/3447 3369/3765/3464 1614/1781/1652 1624/1793/1664
f 3334/3718/3427 1558/1720/1591 1533/1693/1564
f 2503/2726/2523 4017/4072/3763 2534/2791/2584
f 2503/4169/2523 1917/2138/1968 2557/2768/2562
f 2521/4058/3473 4016/4411/4059 4012/2830/2622
f 2228/2731/2528 3793/2730/2527 3780/4136/3818
f 2227/4148/3826 3999/4138/3820 4000/4412/4060
f 3998/2729/2526 2228/2731/2528 4000/4412/4060
f 4000/4412/4060 2496/4168/3842 3998/2729/2526
f 4000/4412/4060 3999/4138/3820 2496/4168/3842
f 2228/2731/2528 2227/4148/3826 4000/4412/4060
f 3783/4173/3844 4003/4160/3836 3999/4138/3820
f 4001/4167/3841 3792/2743/2540 2496/4168/3842
f 4001/4166/3841 3744/4102/3787 3784/4141/3821
f 3783/4173/3844 3782/4137/3819 3786/4144/3824
f 3782/4137/3819 3783/4173/3844 3999/4138/3820
f 4003/4160/3836 3785/4143/3823 3744/4147/3787
f 4003/4160/3836 3744/4147/3787 2496/4168/3842
f 4002/4153/3831 2227/4148/3826 3781/2737/2534
f 4006/2736/2533 2541/2738/2535 3782/4137/3819
f 4006/2736/2533 3999/4138/3820 4002/4153/3831
f 4007/4132/3814 2556/2801/2594 2541/2738/2535
f 2521/3770/3473 4014/4363/4021 3391/3767/3470
f 4007/4132/3814 3781/2737/2534 4004/4159/3835
f 4008/2762/2558 3685/70/62 2516/2760/2556
f 4009/2781/2574 2517/2780/2573 2238/2831/2623
f 4010/2761/2557 2521/4058/3473 4008/2762/2558
f 4010/2761/2557 2516/2760/2556 2238/2831/2623
f 4011/2822/2614 2503/2726/2523 2557/2820/2562
f 2517/2780/2573 4018/2821/2613 2238/2831/2623
f 2238/2831/2623 4016/4411/4059 4010/2761/2557
f 4012/4364/2622 2557/2768/2562 2565/2767/2561
f 4013/4352/4010 1991/2195/2025 3391/3767/3470
f 4014/4363/4021 2521/3770/3473 4012/4364/2622
f 4014/4363/4021 2565/2767/2561 3391/3767/3470
f 4015/2766/2560 1991/2195/2025 4013/4352/4010
f 4015/2766/2560 2557/2768/2562 4005/2777/2570
f 4016/4411/4059 2238/2831/2623 4012/2830/2622
f 4016/4411/4059 2521/4058/3473 4010/2761/2557
f 4017/4072/3763 2503/2726/2523 4011/2822/2614
f 4017/4072/3763 2517/2780/2573 2534/2791/2584
f 4018/2821/2613 2517/2780/2573 4011/2822/2614
f 4018/2821/2613 2557/2820/2562 2238/2831/2623
f 4056/3453/3196 3186/3506/3245 4055/3568/3295
f 4051/3556/3287 3199/3549/3280 4062/4413/4061
f 4060/3642/3362 3224/3535/3270 4031/3640/3360
f 4047/3700/3411 3208/3567/3294 4024/3600/3326
f 3024/3321/3075 3015/3323/3077 3021/3328/3081
f 3904/3374/3126 3050/3239/3009 3908/3511/3249
f 4037/3516/3254 4052/3515/3253 4049/4414/4062
f 3250/3521/3259 3157/3590/3317 3246/4174/3845
f 4053/3534/3269 3183/3500/3240 4020/3639/3359
f 3139/3548/3279 4035/3513/3251 4032/3455/3198
f 3017/3324/3078 3018/3352/3104 3030/3238/3008
f 3021/3328/3081 3040/3354/3106 3023/3510/3248
f 3050/3239/3009 3030/3238/3008 3018/3352/3104
f 3025/3326/3080 3022/3325/3079 3906/3375/3127
f 3908/3511/3249 3050/3239/3009 3018/3352/3104
f 3018/3352/3104 3024/3321/3075 3908/3511/3249
f 3023/3510/3248 3024/3321/3075 3021/3328/3081
f 2079/3357/3109 3025/3326/3080 3906/3375/3127
f 3139/3548/3279 4039/3494/3234 3197/3551/3282
f 3195/4415/4063 3167/3520/3258 3176/3533/3268
f 3185/4416/4064 4033/4417/4065 3190/3525/3263
f 4057/3555/3286 2947/3233/3006 3177/3232/3005
f 3195/4418/4063 4057/3555/3286 4019/4395/4048
f 4019/4419/4048 3181/3512/3250 3165/3504/3243
f 2908/3184/2962 3202/3596/3322 2904/3164/2945
f 3167/3520/3258 4043/3553/3284 3176/3533/3268
f 2917/3243/3012 3193/3231/3004 4046/3226/3001
f 2900/3175/2955 4061/3188/2966 2922/3187/2965
f 4057/3555/3286 3195/4418/4063 4059/4420/3267
f 4020/3639/3359 4059/4420/3267 3182/3559/3266
f 3181/4401/3250 4019/4395/4048 4021/3485/3228
f 4045/3489/3231 3172/3484/3227 3177/3232/3005
f 3171/3215/2990 2918/3191/2968 4023/3589/3316
f 4023/3589/3316 4044/3192/2969 2916/3223/2998
f 4057/3555/3286 4020/3639/3359 3183/3500/3240
f 2904/3164/2945 3202/3596/3322 4040/3178/2958
f 3166/3536/3271 3187/3507/3246 4043/3553/3284
f 4065/3185/2963 2914/3176/2956 4040/3178/2958
f 3216/3565/3289 3204/3478/3221 3211/3480/3223
f 3165/3504/3243 3211/3480/3223 3166/3536/3271
f 4047/3700/3411 3209/3552/3283 4030/3599/3325
f 3186/3506/3245 4063/3627/3348 3187/3507/3246
f 4061/3188/2966 2900/3175/2955 3188/3177/2957
f 3242/3523/3261 3157/3590/3317 3250/3521/3259
f 4050/3189/2967 2918/3191/2968 2914/3176/2956
f 4049/4414/4062 3198/3557/3288 4051/3556/3287
f 3139/3548/3279 4032/3455/3198 3185/4416/4064 4039/3494/3234
f 4052/3515/3253 3198/3557/3288 4049/4414/4062
f 4019/4419/4048 3165/3504/3243 3167/3520/3258
f 4063/3627/3348 3186/3506/3245 4056/3453/3196
f 4057/3555/3286 4059/4420/3267 4020/3639/3359
f 4043/3553/3284 3209/3552/3283 4036/3601/3327
f 4048/3603/3329 3989/3610/3334 4028/3609/3333
f 4024/3600/3326 3182/3531/3266 4036/3601/3327
f 3182/3531/3266 4024/3600/3326 3208/3567/3294
f 4049/4414/4062 3201/3597/3323 4037/3516/3254
f 4025/3598/3324 3217/4421/3330 4030/3599/3325
f 4025/3598/3324 3201/3597/3323 4029/4422/4066
f 3189/3468/3211 3179/3467/3210 3247/4046/3740
f 4054/4423/4067 3217/3604/3330 4029/4424/4066
f 4054/4423/4067 2671/2933/2718 4042/3605/3331
f 4031/3640/3360 4020/3639/3359 3182/3559/3266
f 3247/4046/3740 3238/3522/3260 3251/3588/3315
f 4039/3494/3234 3185/4416/4064 3152/3492/3212
f 3198/3557/3288 4035/3513/3251 3199/3549/3280
f 4037/3516/3254 3201/3597/3323 4030/3599/3325
f 3201/3597/3323 4049/4414/4062 4051/3556/3287
f 2671/2933/2718 4054/4423/4067 4029/4424/4066
f 4042/3605/3331 3284/3651/3371 3989/3610/3334
f 3189/3493/3211 3196/3550/3281 4039/3494/3234 4058/3528/3265
f 4029/4424/4066 3201/4425/3323 2671/2933/2718
f 4026/3514/3252 3198/3557/3288 4052/3515/3253
f 3191/3503/3242 3216/3565/3289 3211/3480/3223
f 4055/3568/3295 3186/3506/3245 3190/3525/3263
f 3022/3325/3079 3019/3240/3010 3904/3374/3126
f 4064/3543/3275 4057/3555/3286 4034/3499/3239
f 4022/3454/3197 4033/4417/4065 4032/3455/3198
f 3183/3500/3240 3140/3625/3346 2927/3501/3241
f 3153/3497/3237 2949/3217/2992 4046/3226/3001
f 4057/3555/3286 4064/3543/3275 2947/3233/3006
f 3197/3551/3282 3194/3595/3321 4062/4413/4061
f 3189/3493/3211 3200/3619/3318 3196/3550/3281
f 3193/3231/3004 2947/3233/3006 4046/3226/3001
f 3195/4415/4063 3176/3533/3268 4059/3532/3267
f 3194/3595/3321 3200/3619/3318 4062/4413/4061
f 3185/4416/4064 3190/3525/3263 3152/3492/3212
f 4031/3640/3360 3224/3535/3270 4053/3534/3269
f 3203/3527/3264 3191/3526/3242 3172/3484/3227
f 3139/3548/3279 3197/3551/3282 3199/3549/3280
f 3189/3468/3211 3247/4046/3740 3251/3588/3315
f 3199/3549/3280 3197/3551/3282 4062/4413/4061
f 4033/4417/4065 4055/3568/3295 3190/3525/3263
f 3209/3552/3283 4047/3700/3411 4024/3600/3326
f 3193/3231/3004 2917/3243/3012 2916/3223/2998
f 3252/3509/3247 3200/3591/3318 3251/3588/3315
f 3185/4416/4064 4032/3455/3198 4033/4417/4065
f 3211/3480/3223 3165/3504/3243 3191/3503/3242
f 3195/4415/4063 4019/4419/4048 3167/3520/3258
f 3153/3497/3237 2947/3233/3006 2927/3501/3241
f 4051/3556/3287 3200/3619/3318 4027/3618/3341
f 3217/4421/3330 4025/3598/3324 4029/4422/4066
f 3208/3567/3294 4030/3599/3325 3217/4421/3330
f 4051/3556/3287 4062/4413/4061 3200/3619/3318
f 3217/3604/3330 4028/3609/3333 3208/3611/3294
f 3245/4387/4041 3798/4175/3846 3246/4174/3845
f 3209/3552/3283 4037/3516/3254 4030/3599/3325
f 3171/3215/2990 2917/3243/3012 2951/3216/2991
f 3217/3604/3330 4054/4423/4067 4042/3605/3331
f 3284/3651/3371 4042/3605/3331 2671/2933/2718
f 4033/4417/4065 4022/3454/3197 4055/3568/3295
f 3043/3351/3103 3017/3324/3078 3025/3326/3080
f 2139/2355/2173 3251/3588/3315 3246/4174/3845
f 2671/2933/2718 3200/3591/3318 3252/3509/3247
f 3201/4425/3323 3200/3591/3318 2671/2933/2718
f 4026/3514/3252 4063/3627/3348 4056/3453/3196
f 4051/3556/3287 4027/3618/3341 3201/3597/3323
f 3246/4174/3845 3251/3588/3315 3250/3521/3259
f 3238/3522/3260 3250/3521/3259 3251/3588/3315
f 3176/3533/3268 4043/3553/3284 4036/3601/3327
f 3217/3604/3330 4048/3603/3329 4028/3609/3333
f 4046/3226/3001 2921/3203/2978 2917/3243/3012
f 3200/3619/3318 3194/3595/3321 3196/3550/3281
f 2522/2786/2579 2158/2741/2538 2627/3683/2675
f 1809/1990/1844 1801/1992/1846 1802/2004/1855
f 2087/2292/2117 2193/3638/3358 4066/4426/2252 4067/2293/2118
f 2193/3638/3358 2096/2342/2160 4066/4426/2252
f 2044/2246/2075 2086/2719/2116 4067/2441/2118
