# Blender 4.2.2 LTS
# www.blender.org
mtllib SM_Croissant_02a.mtl
o SM_Croissant_02a
v 0.102842 0.009502 -0.007487
v 0.101855 0.010482 -0.003405
v 0.043756 0.004670 -0.032807
v -0.081296 0.009275 0.010875
v -0.039887 0.020200 0.037798
v 0.048815 0.007403 -0.034636
v 0.055747 0.007825 -0.031834
v 0.043608 0.003290 -0.028283
v 0.090708 0.025297 -0.001440
v -0.073394 0.042554 0.010044
v 0.050683 0.005107 -0.029424
v 0.041880 0.000887 -0.024397
v 0.062115 0.001043 -0.015221
v 0.035899 -0.000104 -0.020683
v 0.019949 0.000627 -0.023407
v 0.042593 -0.000158 -0.019992
v 0.009903 0.001375 -0.023852
v 0.038188 0.000567 -0.012843
v 0.055052 0.001016 -0.011750
v -0.018550 0.026168 -0.052275
v 0.048641 0.000797 -0.018540
v 0.023120 0.000831 -0.016876
v -0.057591 0.056696 -0.015993
v -0.088172 0.007649 0.009225
v 0.049405 0.002363 -0.005334
v -0.044591 0.055851 0.026755
v 0.010932 0.085824 -0.000200
v -0.007913 0.076093 0.028636
v 0.028752 0.001937 -0.006561
v 0.093344 0.021893 -0.022237
v 0.067516 0.015250 -0.033392
v 0.080307 0.018628 -0.031356
v 0.080333 0.023781 -0.029215
v 0.072312 0.026586 -0.029564
v -0.015371 0.008654 0.041472
v 0.062151 0.017095 -0.035853
v 0.065985 0.032270 -0.033712
v 0.067341 0.020681 -0.033731
v 0.083855 0.018996 -0.028806
v 0.088627 0.020058 -0.027584
v 0.060527 0.035979 -0.035505
v -0.015506 0.035240 0.051103
v 0.083448 0.027107 -0.027707
v 0.074522 0.030626 -0.026257
v 0.079492 0.028942 -0.025910
v 0.027228 0.004068 -0.030718
v 0.070478 0.037682 -0.026863
v 0.095743 0.022285 -0.014003
v 0.016401 0.078866 -0.005931
v 0.099101 0.018195 -0.012463
v 0.004519 0.049210 -0.053990
v 0.089386 0.031350 -0.011573
v 0.083449 0.030708 -0.022235
v 0.018445 0.077752 0.005445
v 0.085876 0.032697 -0.014955
v 0.073874 0.036171 -0.023747
v 0.074036 0.040725 -0.017928
v 0.078509 0.032940 -0.019378
v 0.079384 0.037920 -0.013236
v 0.081978 0.035043 -0.009108
v 0.031252 0.071777 -0.012006
v 0.007589 0.007415 -0.044715
v 0.000269 0.032892 -0.062028
v -0.000764 0.032042 -0.057014
v -0.005481 0.030224 -0.056549
v -0.002653 0.036479 -0.059011
v -0.007374 0.063766 0.043079
v 0.061241 0.012723 -0.034373
v -0.044876 0.020769 0.033935
v 0.073240 0.015966 -0.032247
v -0.011563 0.052533 0.047582
v -0.038734 0.017070 0.034971
v -0.075893 0.013249 0.017165
v 0.000310 0.010298 -0.047672
v -0.049128 -0.000002 -0.000738
v -0.001856 0.020621 -0.053862
v 0.007525 0.004243 -0.037059
v -0.000698 0.027245 -0.054917
v 0.082219 0.012307 -0.030358
v 0.084244 0.007086 -0.027806
v 0.000704 -0.000521 -0.023124
v 0.004538 0.000262 -0.021784
v 0.066455 0.008237 -0.030429
v -0.054448 0.040025 0.027301
v 0.094208 0.011266 -0.022636
v 0.053810 0.020158 0.029644
v 0.001854 0.000109 -0.013721
v -0.003262 0.001655 -0.009803
v 0.003469 0.044318 -0.063000
v 0.039792 0.044373 -0.042504
v 0.032360 0.045440 -0.044131
v 0.014055 0.045039 -0.051989
v 0.004412 0.041461 -0.056546
v 0.025624 0.044810 -0.047184
v 0.013314 0.053965 -0.049022
v 0.037711 0.008806 0.028698
v 0.022566 0.055665 -0.044642
v 0.008871 0.051891 -0.050361
v 0.005379 0.055228 -0.054255
v -0.085699 0.001034 0.003277
v 0.008099 0.056144 -0.048442
v 0.014517 0.057102 -0.046486
v -0.067406 0.028947 0.023379
v 0.009227 0.059757 -0.044432
v 0.065900 0.000544 -0.011601
v 0.056613 0.001398 -0.018140
v 0.004824 0.067381 -0.053007
v 0.008879 0.063847 -0.042639
v 0.006870 0.067643 -0.048432
v 0.007742 0.072236 -0.046267
v -0.073417 0.033740 0.016690
v 0.004972 0.075597 -0.047044
v 0.066802 0.043634 -0.025938
v 0.070236 0.040250 -0.022585
v -0.033360 0.000201 -0.007326
v -0.009920 0.000333 -0.007870
v 0.061758 0.052213 -0.024074
v -0.080629 0.000216 -0.010778
v 0.067181 0.050827 -0.018067
v 0.075035 0.042067 -0.009745
v -0.027214 0.058825 0.036847
v 0.071136 0.044976 -0.017865
v 0.026529 0.009175 0.031988
v 0.058805 0.049574 -0.029603
v 0.073064 0.047084 -0.010454
v 0.014752 0.074951 0.020515
v 0.053999 0.046657 -0.035031
v 0.041243 0.049038 -0.038757
v -0.000107 0.082339 -0.038750
v 0.063556 0.054079 -0.016562
v 0.032167 0.072396 0.010641
v 0.024590 0.075852 -0.013701
v 0.059821 0.041547 -0.034376
v -0.067546 0.051531 0.002529
v 0.044118 0.043679 -0.038925
v 0.047146 0.048941 -0.035715
v 0.000633 0.001517 0.015954
v 0.056774 0.053114 -0.025617
v 0.043350 0.056243 -0.031002
v 0.022359 0.059743 -0.039792
v 0.053792 0.052165 -0.029495
v 0.035891 0.054203 -0.036128
v 0.050565 0.054608 -0.027729
v 0.016146 0.061263 -0.040662
v 0.007014 0.089135 -0.000987
v -0.067019 0.047011 -0.023897
v 0.055605 0.056655 -0.023253
v -0.068695 0.034619 0.020164
v -0.009767 0.002048 0.030593
v 0.031243 0.060866 -0.033023
v 0.020808 0.064736 -0.034317
v 0.049877 0.061710 -0.008447
v 0.038035 0.066236 -0.015107
v 0.036397 0.063103 -0.023276
v 0.048084 0.060187 -0.021474
v 0.058646 0.058239 -0.015745
v -0.015231 -0.000864 -0.017384
v 0.059843 0.058317 -0.006478
v 0.015793 0.064633 -0.037889
v 0.008234 0.068900 -0.039185
v -0.035542 0.072698 0.009423
v 0.008075 0.075540 -0.040918
v 0.027815 0.066547 -0.027012
v 0.021090 0.070912 -0.028863
v 0.026451 0.066294 -0.030934
v 0.025844 0.072457 -0.022568
v 0.010420 0.072033 -0.033674
v 0.013115 0.067779 -0.034724
v 0.010495 0.074806 -0.029454
v -0.014330 0.081200 0.000396
v -0.003605 0.066763 0.042073
v 0.029470 0.069276 -0.021914
v 0.032922 0.067292 -0.022564
v 0.016256 0.071908 -0.027437
v 0.019231 0.078281 -0.011888
v 0.018842 0.075696 -0.019283
v 0.026907 0.073778 -0.017587
v 0.034149 0.000686 0.005561
v 0.011010 0.081241 -0.016940
v 0.010319 0.085963 -0.022758
v -0.080271 0.016969 0.014363
v 0.013628 0.027205 -0.053439
v 0.011959 0.076171 -0.021743
v 0.054164 0.033784 -0.040145
v -0.010036 0.077032 -0.027289
v 0.011075 0.084326 -0.011336
v 0.009317 0.087946 -0.013235
v -0.000687 0.042102 -0.061807
v 0.001101 0.049313 -0.062566
v 0.024081 0.038343 -0.049727
v 0.092649 0.002990 -0.013071
v -0.006803 0.039199 -0.056787
v 0.038490 0.067841 -0.007343
v 0.046775 0.062975 -0.013072
v 0.020030 0.037365 -0.052780
v -0.002526 0.050744 -0.059991
v 0.053032 0.041245 -0.038983
v -0.004474 0.056062 -0.054517
v -0.086951 0.000836 -0.002290
v 0.019027 0.029573 -0.053034
v 0.002398 0.069705 0.040422
v 0.020872 0.024614 -0.050608
v 0.048243 0.032354 0.032765
v 0.096981 0.016021 -0.016642
v -0.000864 0.069918 -0.052395
v 0.003233 0.072720 -0.049920
v -0.005720 0.068339 -0.042824
v 0.095297 0.007622 -0.017247
v 0.100254 0.010077 -0.013888
v 0.097423 0.011377 -0.017203
v -0.002004 0.073089 -0.047721
v -0.000041 0.078439 -0.044206
v -0.004895 0.075207 -0.039637
v 0.049886 0.034370 -0.043402
v 0.042782 0.033360 -0.045662
v 0.071858 0.042121 0.018544
v -0.001149 0.085373 -0.032204
v 0.001145 0.088354 -0.026115
v -0.047358 0.040930 -0.038170
v -0.020036 0.054531 0.042158
v 0.034221 0.026103 -0.047001
v 0.021714 0.073235 0.018721
v -0.005263 0.086288 -0.018433
v 0.096383 0.002003 0.008082
v -0.001440 0.001579 0.029531
v 0.000154 0.090141 -0.016977
v 0.089085 0.000350 -0.001607
v 0.060098 0.004165 -0.026313
v 0.089514 0.001969 0.009975
v 0.069624 0.000629 0.004498
v 0.065372 0.000470 0.011149
v 0.094495 0.002527 -0.001252
v 0.089693 0.002421 0.004634
v 0.100629 0.006790 0.003859
v 0.096005 0.002802 0.003495
v 0.101438 0.009408 0.009414
v 0.092405 0.004516 0.012058
v 0.099860 0.004271 0.009098
v -0.088904 0.020828 -0.022505
v 0.048104 0.064054 -0.003520
v 0.083039 0.002393 0.007904
v 0.088157 0.006791 0.015135
v 0.094438 0.009522 0.012017
v 0.095828 0.014067 0.010913
v 0.038316 0.059697 0.027019
v 0.029804 0.064570 0.029139
v 0.089072 0.014737 0.010824
v 0.087567 0.020067 0.007274
v 0.081086 0.005373 0.014375
v 0.097352 0.004403 -0.006419
v 0.071796 0.003295 0.015486
v 0.043517 0.014253 -0.041753
v 0.009946 0.079317 0.023355
v 0.082220 0.008896 0.016426
v 0.038188 0.000667 0.013642
v 0.067829 0.007396 0.021069
v -0.028495 0.010150 -0.041083
v 0.060878 0.000754 -0.000076
v 0.078276 0.014604 0.020223
v 0.064208 0.009201 0.025553
v 0.038847 0.001062 -0.001270
v 0.005543 0.086286 -0.030693
v 0.050483 0.002497 0.008625
v 0.026611 0.001505 0.008532
v 0.048552 0.001405 0.003326
v 0.048880 0.026476 0.032736
v 0.013322 0.000566 -0.013184
v 0.009726 0.000540 -0.004423
v 0.025129 0.002366 0.001515
v 0.021056 0.001609 0.005679
v 0.016211 0.001844 0.005004
v 0.031985 0.001837 0.021609
v 0.020062 0.002150 0.013473
v 0.013786 0.001002 0.014058
v 0.057712 0.001629 0.017109
v 0.059182 0.006338 0.023476
v 0.052583 0.006388 0.021050
v 0.059418 0.010005 0.025659
v 0.062058 0.003288 0.020205
v 0.027691 0.001162 0.015251
v 0.049986 0.008134 0.024636
v 0.048737 0.004366 0.015781
v 0.054316 0.011464 0.026185
v 0.007759 0.002416 0.031493
v 0.017330 0.001526 0.019196
v 0.001482 0.062605 0.045886
v 0.024105 0.002824 0.014114
v 0.024126 0.004764 0.023112
v 0.027771 0.006366 0.027333
v -0.006418 0.087089 -0.008603
v 0.018516 0.048877 0.044968
v 0.084965 0.023785 0.005393
v 0.092819 0.018507 0.007961
v 0.081940 0.033053 -0.004012
v 0.085688 0.025150 0.010096
v 0.077325 0.040094 -0.004704
v 0.080834 0.000829 -0.018880
v 0.019627 0.046447 -0.050425
v 0.083912 0.029599 0.000282
v -0.059510 0.049382 -0.026891
v -0.000317 0.079205 0.030600
v 0.022301 0.001353 -0.007603
v -0.068723 0.045507 0.011365
v 0.082873 0.033052 0.008666
v 0.081255 0.037337 -0.000596
v 0.083958 0.033720 0.004476
v 0.063991 0.040793 -0.030203
v 0.004824 0.081092 -0.041643
v 0.080317 0.035862 0.007871
v 0.086687 0.020788 0.015531
v 0.095662 0.019247 -0.000980
v 0.067185 0.053135 -0.011462
v 0.082876 0.018560 0.018375
v 0.086808 0.013576 0.016778
v -0.006575 0.082054 -0.027477
v 0.074112 0.021329 0.024104
v 0.079514 0.023176 0.018893
v 0.083619 0.027167 0.014256
v 0.076429 0.030431 0.019460
v 0.070738 0.023818 0.027162
v 0.079107 0.032246 0.014768
v 0.071629 0.033497 0.024820
v 0.064469 0.016451 0.029342
v -0.019218 0.030798 0.048867
v 0.072332 0.037823 0.021604
v -0.051189 0.060684 -0.005945
v 0.062395 0.037735 0.028436
v 0.064798 0.031352 0.029504
v 0.056532 0.038394 0.028065
v -0.036492 0.001604 0.014155
v 0.056615 0.026803 0.029998
v 0.089750 0.030062 -0.017494
v 0.012290 0.008210 0.038785
v 0.050520 0.039591 0.029628
v 0.007208 0.089654 -0.006517
v -0.017791 0.075479 0.016440
v 0.012294 0.002806 0.030626
v -0.012216 0.001042 -0.028968
v 0.008316 0.006711 0.036679
v 0.046207 0.015610 0.030615
v 0.035070 0.012813 0.034190
v 0.018878 0.008272 0.034015
v 0.024135 0.015794 0.038580
v 0.040496 0.019864 0.035406
v 0.011603 0.016444 0.045618
v 0.007311 0.011013 0.042342
v 0.039291 0.015201 0.033464
v 0.034310 0.016970 0.037778
v -0.042584 0.044595 0.036133
v 0.048312 0.043847 0.028573
v 0.042496 0.024385 0.035620
v 0.017910 0.019203 0.043500
v 0.023725 0.051565 0.039471
v 0.022205 0.023366 0.043850
v 0.036837 0.019883 0.038912
v 0.037378 0.027626 0.040311
v 0.043228 0.033229 0.036237
v 0.046059 0.036077 0.033633
v 0.030372 0.033707 0.044823
v 0.029686 0.039920 0.044568
v -0.025483 0.028977 0.044271
v 0.018121 0.030881 0.046707
v 0.024915 0.036655 0.045177
v 0.025306 0.027592 0.044627
v 0.011949 0.026228 0.049943
v 0.044564 0.004924 0.019888
v 0.005796 0.088988 -0.021432
v -0.033860 0.073600 -0.000175
v 0.031991 0.014358 -0.043317
v 0.006351 0.033666 0.053568
v 0.019009 0.040606 0.046856
v 0.014788 0.034937 0.049467
v 0.010346 0.016445 -0.050152
v 0.004464 0.023353 -0.053439
v 0.026845 0.026174 -0.048719
v -0.041793 0.015688 -0.040619
v -0.009033 0.000460 0.017505
v 0.089406 0.000578 -0.009240
v -0.020768 0.003661 0.028333
v -0.014826 0.075810 -0.023124
v 0.017038 0.017626 -0.050302
v 0.011424 0.083461 0.007364
v 0.000672 0.001235 0.010416
v 0.062931 0.001024 -0.022792
v 0.006159 0.000423 0.026606
v 0.004275 0.038267 -0.061736
v -0.058952 -0.000014 -0.011376
v 0.014600 0.032888 -0.053797
v -0.005963 0.005455 0.037297
v 0.028105 0.021140 -0.046971
v 0.054958 0.000903 0.009402
v 0.002994 0.008657 0.040384
v 0.001507 0.003961 0.033941
v 0.003871 0.007137 0.035869
v -0.001260 0.008353 0.039894
v -0.041461 0.065478 0.011766
v 0.077028 0.000428 -0.010915
v 0.033057 0.020744 -0.046251
v 0.045367 0.019763 -0.044549
v -0.083169 0.032689 -0.007209
v -0.024696 0.036808 -0.051165
v 0.100330 0.014467 -0.008205
v 0.006979 0.019640 0.049374
v 0.000495 0.012241 0.046583
v 0.006692 0.031352 -0.056337
v 0.012796 0.039281 -0.053967
v 0.071355 0.015474 0.024709
v 0.056373 0.019889 -0.039994
v 0.053991 0.013142 -0.038051
v 0.038039 0.021595 -0.044774
v 0.087160 0.011459 -0.028072
v -0.051109 0.054475 -0.023823
v 0.003592 0.017926 0.050154
v -0.002588 0.026232 0.052675
v -0.018400 0.079762 -0.002710
v 0.003623 0.027231 0.052036
v -0.041420 0.064042 -0.016903
v 0.006749 0.039160 0.053442
v 0.000278 0.032660 0.053969
v 0.077390 0.041723 0.000449
v 0.077724 0.041842 0.005695
v 0.068918 0.053658 -0.004440
v 0.073176 0.047358 0.003732
v 0.025372 0.054609 -0.042740
v 0.072774 0.048713 -0.005720
v 0.075385 0.046067 -0.001918
v 0.067181 0.053694 -0.000485
v 0.069801 0.052011 0.005942
v 0.064376 0.054414 0.004592
v 0.062123 0.026774 0.030685
v 0.065371 0.056318 -0.006879
v 0.062564 0.057686 -0.001132
v 0.062597 0.048960 0.018078
v 0.070735 0.049327 0.009228
v -0.050059 0.000075 -0.015325
v -0.044064 0.003356 0.012796
v 0.069442 0.046374 0.015293
v 0.051112 0.061056 0.001267
v 0.044861 0.066315 -0.002006
v 0.056823 0.059417 -0.002681
v -0.023829 0.073013 -0.025443
v 0.052838 0.061565 -0.002534
v 0.042357 0.064936 0.008036
v 0.061502 0.044505 0.022966
v 0.048189 0.063871 0.002051
v -0.055691 0.008976 -0.032561
v 0.053570 0.050116 0.016653
v 0.052610 0.048493 0.020718
v 0.051330 0.056160 0.012116
v 0.060745 0.054217 0.010215
v 0.060415 0.050848 0.014571
v -0.046398 0.006117 0.016888
v 0.041083 0.062439 0.017081
v 0.006631 0.036701 -0.056089
v 0.058469 0.047993 0.019298
v 0.047271 0.061861 0.009178
v 0.047809 0.057004 0.015554
v 0.046585 0.050700 0.024465
v 0.053887 0.043892 0.024355
v -0.026192 0.053156 -0.046226
v 0.033073 0.067409 0.024003
v 0.034149 0.068859 0.020426
v 0.096101 0.006587 0.001829
v 0.099959 0.013364 0.008274
v -0.002089 0.088327 0.009981
v 0.024004 0.006044 -0.035425
v 0.032963 0.001049 -0.024127
v 0.031391 0.003230 -0.027585
v 0.037192 0.008480 -0.037113
v -0.005566 0.081767 0.021014
v 0.024576 0.009225 -0.040042
v 0.010072 0.010173 -0.046718
v -0.004647 0.007582 -0.043901
v 0.088659 0.004820 -0.021592
v 0.032522 0.011696 -0.039788
v 0.052095 0.059632 0.005011
v 0.036211 0.005490 -0.031811
v -0.060856 0.018006 -0.034689
v -0.017439 0.021497 -0.051285
v -0.001483 0.090490 -0.000725
v -0.031714 0.049222 -0.044844
v 0.069925 0.004866 -0.025788
v 0.000279 0.091424 -0.008028
v -0.037078 0.022757 -0.043794
v 0.006397 0.077792 0.030310
v 0.049841 0.013131 0.027641
v 0.013706 0.005593 -0.039261
v 0.008442 0.073180 0.037308
v 0.004936 0.016007 -0.051213
v 0.013343 0.049940 0.049221
v 0.012748 0.074012 0.028728
v 0.009529 0.080203 -0.032225
v 0.007781 0.046078 0.051861
v 0.004650 0.025282 -0.057521
v 0.011488 0.062535 0.042947
v 0.008255 0.059778 0.046008
v 0.018275 0.059547 0.038794
v 0.012843 0.069054 0.037519
v 0.016191 0.069264 0.029249
v 0.026236 0.002061 -0.022430
v 0.000248 0.058751 -0.058882
v 0.013492 0.065395 0.040496
v 0.022359 0.060056 0.034765
v 0.004450 0.032036 -0.061290
v 0.015361 0.042544 0.049231
v 0.008304 0.068231 0.039511
v 0.064985 0.024969 -0.035672
v 0.023890 0.013828 -0.044172
v 0.017578 0.065003 0.033702
v 0.011196 0.081868 0.016406
v 0.008684 0.002237 -0.029146
v 0.027942 0.054515 0.037421
v -0.006943 0.086110 0.003659
v 0.026227 0.044263 0.043166
v 0.001728 0.000721 0.000833
v 0.038351 0.052479 0.034997
v 0.034270 0.042224 0.041975
v 0.030957 0.048831 0.041031
v 0.033422 0.059991 0.032566
v 0.018994 0.004720 0.026790
v 0.041750 0.047265 0.032938
v 0.038168 0.047030 0.037532
v 0.045360 0.007894 0.023725
v 0.005809 0.084715 0.018965
v -0.013779 0.040967 -0.053781
v 0.004988 0.087050 0.013226
v 0.019432 0.071039 0.023861
v 0.042524 0.051903 0.028407
v 0.041782 0.001580 0.000199
v 0.025451 0.074559 0.015042
v 0.030263 0.071634 0.016699
v 0.009208 0.087357 0.004006
v 0.035568 0.069168 0.015074
v -0.016111 0.074240 -0.028051
v 0.005337 0.089561 0.005522
v 0.016472 0.077056 0.011156
v 0.035674 0.037177 0.041797
v 0.013111 0.079783 0.001383
v 0.025555 0.076770 0.006184
v 0.020513 0.079242 0.000007
v 0.026981 0.077391 -0.000490
v 0.013373 -0.000275 -0.018740
v 0.039639 0.067892 0.003145
v 0.034758 0.071017 -0.004568
v 0.034643 0.070323 0.005478
v 0.016558 0.077987 -0.000785
v 0.029683 0.075819 -0.006672
v 0.031113 0.074725 0.005501
v 0.052740 0.025039 -0.042412
v 0.000012 0.085677 0.017910
v 0.045557 0.010433 -0.038749
v 0.058105 0.029832 -0.039522
v 0.035153 0.017010 -0.043202
v 0.088396 0.025608 -0.025220
v 0.038381 0.040314 -0.044507
v 0.075248 0.002021 -0.023781
v 0.072517 0.001021 -0.019524
v 0.069587 0.009906 -0.028525
v 0.032619 0.038966 -0.046237
v 0.081130 0.000904 0.000024
v 0.068028 0.002132 -0.020335
v 0.090133 0.015697 -0.026164
v 0.077519 0.007941 -0.027795
v 0.001711 0.055000 0.048298
v 0.002550 0.073411 0.036762
v 0.003958 0.050232 0.051247
v -0.004465 0.074464 0.036123
v 0.034914 0.032601 -0.046776
v 0.081313 0.002415 -0.022710
v 0.044319 0.027771 -0.045963
v -0.004037 -0.000186 -0.015356
v -0.080675 0.009705 -0.028712
v -0.058831 0.003453 -0.027368
v -0.073700 0.008309 -0.031296
v -0.077668 0.004881 -0.027314
v -0.069645 0.005601 -0.030650
v -0.094285 0.006555 -0.018093
v -0.085709 0.004751 -0.023501
v -0.084120 0.009677 -0.026016
v -0.061198 0.001081 -0.020113
v -0.071122 -0.000397 -0.015243
v -0.083261 0.000373 -0.016647
v -0.089662 0.001593 -0.013304
v -0.097749 0.006938 -0.013645
v -0.092394 0.001817 -0.008549
v -0.086651 0.000152 -0.009108
v -0.097669 0.003801 -0.007502
v -0.095395 0.010132 -0.000572
v -0.064487 0.007675 -0.031317
v -0.068994 0.021303 -0.029571
v -0.076244 0.014117 -0.031314
v -0.073161 0.020012 -0.031320
v -0.079014 0.021997 -0.029556
v -0.090494 0.013022 -0.022701
v -0.073943 0.028527 -0.027149
v -0.070382 0.035450 -0.027798
v -0.096078 0.013211 -0.016012
v -0.098795 0.009441 -0.010495
v -0.092710 0.017810 -0.018467
v -0.094375 0.019989 -0.013266
v -0.093522 0.018547 -0.004379
v -0.077569 0.030697 -0.022773
v -0.093759 0.021430 -0.009835
v -0.077079 0.034508 -0.021513
v -0.089549 0.022685 -0.005122
v -0.080430 0.032466 -0.015902
v -0.087115 0.026390 -0.004489
v -0.083842 0.025267 -0.024693
v -0.074163 0.037684 -0.020994
v -0.078761 0.038416 -0.011218
v -0.085495 0.028768 -0.011892
v -0.089314 0.026007 -0.008244
v -0.090755 0.024665 -0.013474
v -0.084055 0.014884 -0.027684
v -0.089539 0.023623 -0.018310
v -0.017575 0.000539 -0.005024
v -0.007620 0.045926 -0.055257
v -0.007682 0.057492 -0.050970
v -0.056510 0.023858 -0.039461
v -0.015007 0.048716 -0.051886
v -0.036617 0.040867 -0.045195
v -0.012524 0.058201 -0.049396
v -0.040666 0.000594 -0.006678
v -0.021771 0.050207 -0.050619
v -0.008077 0.051182 -0.053292
v -0.021740 0.054944 -0.049028
v -0.035715 0.028947 -0.045374
v -0.005711 0.063857 -0.048202
v -0.015634 0.062643 -0.043979
v -0.017540 0.058816 -0.046454
v -0.022847 0.060873 -0.044265
v -0.030905 0.054322 -0.042523
v -0.054206 0.035091 -0.038822
v -0.038607 0.049131 -0.040346
v -0.024850 0.062367 -0.040183
v -0.045767 0.050119 -0.034143
v -0.043674 0.045991 -0.038078
v -0.036045 0.053448 -0.037849
v -0.045978 0.052491 -0.029616
v -0.043578 0.053263 -0.033412
v -0.030948 0.061597 -0.035828
v -0.046773 0.059170 -0.020720
v -0.038491 0.061607 -0.026706
v -0.046820 0.062030 -0.015808
v -0.044250 0.064272 -0.004909
v -0.050889 0.060350 -0.011483
v -0.051692 0.049642 -0.031361
v -0.053726 0.043038 -0.035835
v -0.062959 0.040536 -0.032110
v -0.069108 0.041114 -0.026078
v -0.055777 0.047746 -0.032289
v -0.068425 0.052038 -0.011151
v -0.009691 0.068156 -0.041899
v -0.072464 0.045034 -0.014726
v -0.052018 0.057958 -0.016965
v -0.070361 0.049322 -0.005719
v -0.032852 0.034422 -0.046568
v -0.062219 0.051997 -0.022207
v -0.062472 0.055776 -0.007341
v -0.045753 0.031984 -0.041818
v -0.062246 0.055198 -0.012970
v -0.026006 0.067844 -0.032427
v -0.019817 0.067102 -0.037208
v -0.013204 0.071993 -0.032795
v -0.009156 0.071633 -0.036022
v -0.087677 0.002309 -0.020292
v -0.080933 0.000941 -0.023013
v -0.009620 0.075258 -0.032585
v -0.032398 0.041861 -0.046867
v -0.040102 0.034197 -0.043275
v -0.055060 0.029660 -0.039900
v -0.064088 0.032241 -0.035063
v -0.030881 0.069306 -0.023588
v -0.020079 0.078404 -0.007992
v -0.022404 0.076652 -0.012526
v -0.016130 0.078191 -0.014387
v -0.035639 0.067215 -0.022690
v -0.038940 0.067767 -0.012385
v -0.034380 0.071463 -0.013068
v -0.027214 0.075298 -0.014450
v -0.028080 0.076180 -0.008279
v -0.078542 -0.000249 -0.019424
v -0.010304 0.080786 -0.018223
v -0.045750 0.020126 -0.041423
v -0.047309 0.024840 -0.041863
v -0.066469 0.001508 -0.026089
v -0.073938 0.001165 -0.024597
v -0.073787 0.003457 -0.028305
v -0.043203 0.024922 -0.042427
v -0.017568 0.000557 0.008059
v -0.011961 0.000418 0.011727
v -0.043296 0.000930 0.006469
v -0.038765 0.000686 0.000617
v -0.026354 0.000579 0.000825
v -0.030788 -0.000187 0.006676
v -0.032344 0.001438 0.000958
v -0.029548 0.000510 0.011488
v -0.036607 0.000189 0.008007
v -0.007088 0.001341 -0.000043
v -0.001636 0.000269 0.023795
v -0.021752 0.002268 0.019931
v -0.009221 0.000423 0.026792
v -0.017055 0.000705 0.023181
v -0.021308 0.001073 0.015125
v -0.029041 0.002094 0.017140
v -0.038097 0.005232 0.021815
v -0.025429 0.005117 0.025054
v -0.052418 0.006075 0.016057
v -0.053280 0.009157 0.019811
v -0.031061 0.005777 0.024712
v -0.035294 0.007465 0.024923
v -0.042089 0.008281 0.023151
v -0.038370 0.009252 0.027400
v -0.047227 0.009636 0.021836
v -0.042690 0.012502 0.029769
v -0.072151 -0.000138 0.002770
v -0.049715 0.000773 0.007648
v -0.055055 0.000250 0.009889
v -0.049492 0.003424 0.014851
v -0.070698 0.000508 0.010491
v -0.064560 0.000305 0.008842
v -0.078137 0.001018 0.006998
v -0.079576 -0.000123 0.002317
v -0.078252 0.004431 0.009553
v -0.071624 0.000047 -0.006374
v -0.059223 0.000600 0.003337
v -0.054540 0.001261 -0.000226
v -0.054672 0.001185 0.016872
v -0.085095 0.011915 0.008460
v -0.095520 0.005355 -0.001204
v -0.082290 0.000755 0.007648
v -0.092750 0.001058 0.000904
v -0.090903 0.003310 0.007490
v -0.084017 0.004710 0.009609
v -0.089565 0.012226 0.004820
v -0.063553 -0.000133 0.013572
v -0.067009 0.000618 0.015706
v -0.077065 0.007416 0.014387
v -0.060630 0.001352 0.017456
v -0.048458 0.015856 0.027426
v -0.059612 0.005423 0.018449
v -0.065761 0.004927 0.017482
v -0.058322 0.008384 0.021666
v -0.071952 0.005435 0.015110
v -0.064813 0.008994 0.021060
v -0.059499 0.012061 0.023924
v -0.052687 0.013271 0.022735
v -0.089287 0.015158 0.001523
v -0.084911 0.019400 0.001362
v -0.081516 0.012744 0.013457
v -0.084551 0.020954 0.009158
v -0.090046 0.019970 -0.001512
v -0.086146 0.016537 0.005282
v -0.085301 0.024637 0.003918
v -0.080524 0.036459 -0.001793
v -0.035830 0.015124 -0.041286
v -0.080907 0.033899 0.005032
v -0.081499 0.033092 0.000155
v -0.029716 0.026711 -0.048188
v -0.062908 0.017914 0.024611
v -0.084707 0.029130 0.002228
v -0.067304 0.013811 0.022384
v -0.079715 0.024830 0.014708
v -0.081817 0.028141 0.010460
v -0.051670 0.031852 0.030582
v -0.076014 0.020100 0.018427
v -0.057140 0.018507 0.024464
v -0.053322 0.020076 0.026261
v -0.069276 0.023547 0.022952
v -0.060369 0.024803 0.025758
v -0.070913 0.038869 0.017523
v -0.057269 0.030057 0.026348
v -0.056822 0.041558 0.023239
v -0.054888 0.015046 -0.037013
v -0.025955 0.000517 -0.019131
v -0.062417 0.037985 0.023311
v -0.018020 0.003489 0.033487
v -0.018117 0.006144 0.038134
v -0.037174 0.012044 0.030512
v -0.051258 0.045208 0.026965
v -0.006247 0.011958 0.047625
v -0.006621 0.008028 0.042278
v -0.032831 0.012193 0.032032
v -0.023981 0.014177 0.040393
v -0.015422 0.011442 0.045224
v -0.016142 0.013883 0.046718
v -0.023726 0.008911 0.033329
v -0.027310 0.012258 0.035475
v -0.033924 0.015668 0.037023
v -0.049317 0.024900 0.031454
v -0.017262 0.023249 0.050145
v -0.028277 0.019311 0.040872
v -0.022474 0.019389 0.044612
v -0.027106 0.025520 0.042193
v -0.034236 0.021585 0.041629
v -0.042241 0.026284 0.039068
v -0.014921 0.044374 0.048923
v -0.019024 0.038272 0.047151
v -0.005254 0.016613 0.050413
v -0.046623 0.035065 0.034648
v -0.034700 0.028155 0.042493
v -0.029052 0.039970 0.043831
v -0.032754 0.032165 0.043564
v -0.039573 0.034657 0.040681
v -0.029514 0.034702 0.042943
v -0.033215 0.001629 -0.025455
v -0.011653 0.018507 0.050745
v -0.043172 0.008292 -0.035762
v -0.065663 0.026079 -0.034187
v -0.014363 0.016034 -0.049627
v -0.011767 0.029223 0.052966
v -0.007192 0.030099 0.054369
v -0.012049 0.031502 -0.054496
v -0.010427 0.037343 0.052562
v -0.042130 -0.000653 -0.020318
v -0.043619 0.065794 0.004374
v -0.050638 0.062339 -0.000381
v -0.000599 0.002097 -0.030627
v -0.048576 0.053301 0.022882
v -0.052937 0.051234 0.022773
v -0.046621 0.062518 0.010073
v -0.046038 0.058836 0.018165
v -0.040618 0.067008 0.006339
v -0.039811 0.065627 0.019220
v -0.043267 0.062911 0.018425
v -0.074482 0.046244 -0.004613
v -0.072289 0.047813 0.003209
v -0.054719 0.058120 -0.006421
v -0.060842 0.054477 0.003757
v -0.066595 0.053149 -0.005259
v -0.057352 0.050711 0.011935
v -0.050508 0.059484 0.014932
v -0.065584 0.049793 0.010343
v -0.054163 0.057126 0.002900
v -0.058127 0.055675 0.000146
v -0.062229 0.048062 0.013211
v -0.066856 0.042814 0.018133
v -0.024962 0.078864 -0.001054
v -0.056200 0.049521 0.018063
v -0.060739 0.044217 0.019872
v -0.053725 0.054586 0.017191
v -0.013256 0.080735 -0.005946
v -0.015208 0.081255 0.005690
v -0.019688 0.077257 0.004518
v -0.012201 0.011445 -0.046722
v -0.048123 0.003079 -0.028644
v -0.007201 0.004474 -0.039494
v -0.038999 0.068953 -0.000223
v -0.024767 0.078615 0.004656
v -0.037729 0.070592 -0.006781
v -0.024196 0.078495 -0.007697
v -0.030432 0.075919 -0.002794
v -0.005979 0.000751 -0.028551
v -0.033044 0.075309 0.005502
v -0.022767 0.074303 0.012728
v -0.027773 0.078331 0.003872
v -0.036018 0.071043 0.003243
v -0.029792 0.071037 0.023415
v -0.007681 -0.000484 -0.019440
v -0.022610 0.044249 0.045794
v -0.011124 0.081769 0.010055
v -0.014170 0.074562 0.023747
v -0.041119 0.002902 -0.028410
v -0.044143 0.013112 -0.038859
v -0.012228 0.078113 0.017493
v -0.015430 -0.001069 -0.012419
v -0.036939 0.068676 0.021872
v -0.036138 -0.000478 -0.015708
v -0.033448 0.070448 0.019683
v -0.028429 0.074799 0.016421
v -0.010538 0.024788 -0.053469
v -0.034139 0.037514 0.043368
v -0.038339 0.046951 0.039882
v -0.026992 0.000377 -0.007251
v -0.046309 0.049886 0.030037
v -0.016005 0.056230 0.042656
v -0.036638 0.052329 0.037632
v -0.022938 0.062074 0.036415
v -0.007996 0.058604 0.046876
v -0.041725 0.050268 0.034608
v -0.032445 0.042777 0.043598
v -0.007293 0.070834 0.036253
v -0.050135 0.007199 -0.033604
v -0.012078 0.001840 -0.002122
v -0.034988 0.049479 0.041008
v -0.027908 0.047777 0.042298
v -0.030810 0.053887 0.039063
v -0.013702 0.069631 0.033247
v -0.020662 0.069692 0.027457
v -0.014364 0.005113 -0.038928
v -0.021845 0.066583 0.032360
v -0.016392 0.063697 0.037029
v -0.059664 0.009516 -0.031337
v -0.027046 0.006341 -0.036753
v -0.028966 0.003257 -0.030304
v -0.003766 0.044729 0.053473
v -0.036321 0.065165 0.028142
v -0.023697 0.003077 -0.032123
v -0.024616 0.001912 -0.022854
v -0.008012 0.046830 0.051705
v -0.035416 0.005830 -0.034474
v -0.031760 0.005431 -0.036017
v -0.021516 0.006068 -0.039129
v -0.067249 0.016047 -0.031605
v -0.068749 0.010734 -0.032467
v -0.038173 0.003442 -0.031423
v -0.040166 0.056525 0.032325
v -0.028199 0.000610 -0.011738
v -0.025374 0.015543 -0.045414
v -0.026762 0.063429 0.032640
v -0.026220 0.067258 0.027423
v -0.053757 0.003198 -0.026787
v -0.050810 0.000100 -0.007915
v -0.004466 0.054815 0.049458
v -0.036042 0.059238 0.034781
v -0.032258 0.065524 0.030753
v -0.022257 0.009926 -0.043092
v -0.017527 0.049966 0.046205
v 0.005193 0.059766 -0.056453
v 0.005561 0.059966 -0.050248
v 0.004541 0.052161 -0.058838
v 0.012234 0.080035 -0.006022
v 0.009921 0.084463 -0.006250
vn -0.5632 0.6018 -0.5662
vn -0.7429 0.4673 -0.4793
vn -0.3610 0.7419 -0.5650
vn -0.3638 0.2005 -0.9096
vn -0.5491 0.4428 -0.7088
vn -0.2265 0.4640 -0.8564
vn 0.4472 0.1122 0.8874
vn 0.1785 -0.5416 0.8215
vn 0.3164 -0.4747 0.8213
vn -0.0298 -0.9989 -0.0371
vn -0.0813 -0.9791 -0.1865
vn -0.0007 -1.0000 -0.0071
vn 0.3632 0.7308 0.5780
vn 0.0963 0.7867 0.6098
vn 0.2794 0.7821 0.5570
vn 0.4496 0.7355 0.5068
vn 0.5864 0.7070 0.3952
vn 0.6239 0.6567 0.4236
vn -0.2779 -0.9028 0.3281
vn -0.3590 -0.6740 0.6456
vn -0.4610 -0.6087 0.6457
vn -0.1014 -0.9161 0.3880
vn -0.0073 -0.9994 0.0330
vn 0.1198 0.6204 0.7751
vn 0.0016 0.5007 0.8656
vn 0.1948 0.4720 0.8598
vn -0.5395 -0.3592 0.7615
vn -0.4601 -0.4771 0.7488
vn -0.6999 -0.1573 0.6967
vn -0.4997 0.4379 -0.7473
vn -0.4640 0.1747 -0.8685
vn -0.5110 0.1465 -0.8470
vn -0.1913 -0.9750 -0.1127
vn -0.4313 -0.8131 -0.3910
vn -0.4792 -0.4661 -0.7437
vn -0.2273 -0.6388 -0.7350
vn -0.3212 -0.4113 -0.8531
vn -0.2076 -0.4665 -0.8598
vn -0.6653 0.2998 -0.6837
vn -0.6131 0.5236 -0.5916
vn -0.7261 0.4793 -0.4930
vn -0.0845 -0.7733 -0.6283
vn -0.0026 -0.9242 -0.3819
vn -0.1040 -0.8474 -0.5206
vn -0.0005 -0.9996 0.0269
vn 0.0248 -0.9989 -0.0394
vn 0.0356 -0.9993 -0.0072
vn 0.1658 0.9862 0.0005
vn 0.3525 0.9104 -0.2167
vn 0.1728 0.9659 -0.1926
vn 0.5170 0.8311 0.2047
vn 0.6202 0.7806 0.0776
vn 0.6216 0.7791 0.0820
vn 0.1116 -0.4462 -0.8879
vn -0.0541 -0.3955 -0.9169
vn 0.1922 -0.3724 -0.9080
vn -0.2279 0.5909 0.7739
vn -0.3123 0.7290 0.6092
vn -0.4736 0.6371 0.6081
vn 0.3833 0.8602 0.3365
vn 0.5891 0.7089 0.3879
vn 0.6282 0.7693 0.1160
vn 0.0215 -0.8770 -0.4801
vn 0.2223 -0.6347 -0.7401
vn 0.0463 -0.9183 -0.3932
vn 0.2415 0.8755 0.4185
vn 0.4631 0.8617 0.2073
vn 0.6023 0.7254 0.3333
vn -0.4924 0.1195 0.8621
vn -0.2398 -0.1236 0.9629
vn -0.2471 0.1320 0.9600
vn 0.5288 -0.2444 -0.8128
vn 0.4779 -0.7206 -0.5024
vn 0.2440 -0.6176 -0.7477
vn -0.5151 -0.0613 -0.8549
vn -0.4654 -0.1861 -0.8653
vn -0.4643 -0.0071 -0.8856
vn 0.1032 -0.9842 0.1439
vn 0.0254 -0.9971 0.0718
vn -0.0085 -0.9977 0.0675
vn -0.3668 0.7794 0.5079
vn -0.4307 0.7732 0.4654
vn -0.5652 0.6820 0.4641
vn -0.5359 0.8026 0.2621
vn -0.7271 0.6560 0.2025
vn -0.0532 -0.9973 0.0505
vn -0.0124 -0.9997 -0.0193
vn -0.0229 -0.9996 -0.0185
vn 0.2435 -0.7330 0.6351
vn 0.2026 -0.6763 0.7082
vn 0.1747 -0.7340 0.6563
vn -0.5072 0.2402 -0.8277
vn -0.3434 0.3285 -0.8799
vn -0.3227 0.1092 -0.9402
vn 0.2587 0.9396 0.2242
vn 0.4499 0.0045 -0.8930
vn 0.5420 -0.0087 -0.8403
vn 0.4174 -0.2290 -0.8794
vn -0.2614 -0.5998 -0.7563
vn -0.2633 -0.3708 -0.8906
vn -0.3166 -0.4189 -0.8510
vn 0.2107 -0.7323 -0.6476
vn 0.1716 -0.8807 -0.4416
vn 0.2062 -0.6415 -0.7389
vn 0.1259 0.9788 0.1615
vn -0.2788 -0.0761 -0.9573
vn -0.2943 -0.3544 -0.8876
vn -0.3005 -0.1350 -0.9442
vn -0.0513 -0.9987 -0.0079
vn -0.0686 -0.9966 0.0445
vn -0.1065 -0.9941 0.0190
vn -0.2240 0.9153 0.3348
vn 0.1217 0.9472 0.2966
vn -0.4064 0.9059 0.1191
vn -0.0946 0.3856 0.9178
vn -0.4316 0.4032 0.8069
vn -0.2763 0.3086 0.9102
vn 0.0520 -0.9958 0.0759
vn -0.0413 -0.9966 0.0713
vn 0.0039 -0.9947 0.1025
vn 0.0159 -0.9990 0.0426
vn -0.0478 -0.9969 -0.0622
vn -0.0338 -0.9993 0.0186
vn 0.0432 -0.8574 0.5128
vn -0.3595 -0.7456 0.5612
vn -0.2356 -0.8960 0.3764
vn 0.0484 -0.9979 0.0426
vn 0.2213 -0.8623 0.4556
vn 0.1770 -0.7336 0.6561
vn 0.0428 -0.9011 0.4314
vn 0.6289 0.2258 0.7440
vn 0.5387 0.2011 0.8182
vn 0.5690 0.0429 0.8212
vn -0.4434 0.3454 -0.8271
vn 0.0039 -0.9255 0.3788
vn 0.0605 -0.8629 0.5017
vn 0.0407 -0.7818 0.6222
vn 0.7853 0.4944 -0.3725
vn 0.8158 0.5424 -0.2008
vn 0.6819 0.6257 -0.3788
vn 0.0205 -0.9979 -0.0614
vn 0.0551 -0.9728 -0.2248
vn -0.4578 0.0481 0.8877
vn -0.6355 0.2221 0.7394
vn -0.5692 0.3717 0.7334
vn 0.5053 -0.3634 0.7827
vn 0.4341 -0.2461 0.8666
vn 0.6783 0.0428 0.7335
vn 0.0158 -0.9998 0.0128
vn -0.6327 0.7578 0.1593
vn -0.6460 0.7567 0.1005
vn -0.6668 0.7201 0.1920
vn -0.7403 0.5089 0.4392
vn -0.8252 0.5182 0.2245
vn -0.7946 0.3504 0.4959
vn 0.0940 -0.9085 -0.4072
vn -0.0265 -0.8944 -0.4466
vn -0.0334 -0.9017 -0.4310
vn -0.3278 -0.3035 -0.8947
vn 0.6805 0.5786 0.4495
vn 0.5558 0.4914 0.6705
vn 0.7129 0.5253 0.4646
vn 0.6258 0.4734 0.6200
vn 0.6473 0.5992 0.4712
vn 0.5894 0.5051 0.6305
vn 0.6335 -0.6442 -0.4286
vn 0.6179 -0.7830 -0.0714
vn 0.4553 -0.8301 -0.3218
vn 0.3007 -0.4886 -0.8191
vn 0.3108 -0.5331 -0.7869
vn 0.1794 -0.7857 -0.5920
vn 0.2474 0.7220 0.6461
vn 0.3467 0.6077 0.7145
vn -0.0040 -0.7734 0.6339
vn 0.2987 -0.8716 0.3887
vn 0.3269 -0.6579 0.6785
vn 0.6757 0.4272 0.6008
vn 0.7744 0.5107 0.3735
vn 0.7423 0.4282 0.5153
vn -0.3846 -0.6211 0.6829
vn -0.2707 -0.6830 0.6784
vn -0.2540 -0.3787 0.8900
vn -0.0942 -0.9852 -0.1432
vn 0.0334 -0.9886 -0.1471
vn -0.0783 -0.9745 -0.2105
vn 0.4952 0.8231 -0.2778
vn 0.1679 0.9254 -0.3398
vn -0.7550 0.4977 -0.4271
vn -0.6942 0.4032 -0.5963
vn 0.0902 -0.9602 -0.2645
vn 0.1626 -0.8943 -0.4170
vn 0.6291 0.4230 -0.6522
vn 0.5824 0.3895 -0.7136
vn 0.5428 0.5506 -0.6342
vn -0.3530 -0.9184 -0.1786
vn 0.2380 -0.0726 -0.9686
vn 0.4245 0.1774 -0.8879
vn 0.8968 0.4408 0.0384
vn 0.8362 0.5114 0.1979
vn 0.8573 0.0026 0.5148
vn 0.0091 -0.9979 0.0636
vn 0.0218 -0.9997 0.0130
vn -0.0947 0.9162 0.3893
vn -0.0447 -0.9244 0.3789
vn 0.0906 -0.9825 -0.1629
vn 0.0278 -0.9983 0.0519
vn 0.0527 -0.9970 0.0564
vn 0.7715 0.6247 -0.1205
vn 0.7496 0.6014 -0.2765
vn 0.2304 0.3688 -0.9005
vn 0.1348 -0.2713 0.9530
vn 0.3671 -0.4033 0.8382
vn 0.2267 -0.5573 0.7987
vn -0.3128 -0.5736 -0.7570
vn 0.0505 -0.7819 -0.6213
vn -0.1630 -0.3724 -0.9136
vn -0.4276 -0.8959 0.1210
vn -0.4100 -0.9078 -0.0886
vn -0.4321 -0.3233 -0.8419
vn -0.0942 -0.7982 0.5950
vn 0.0051 -0.4906 0.8714
vn 0.0681 -0.7158 0.6949
vn 0.5150 0.7475 -0.4195
vn 0.5445 0.7459 -0.3835
vn 0.4924 0.6597 -0.5677
vn -0.5196 0.3800 -0.7652
vn -0.5444 0.5151 -0.6620
vn 0.0309 -0.9994 -0.0181
vn 0.0540 -0.9960 0.0709
vn -0.0080 -0.9963 0.0856
vn 0.0774 -0.7340 -0.6747
vn -0.8628 0.4647 0.1988
vn -0.8160 0.5548 0.1624
vn -0.5269 -0.2002 0.8260
vn -0.7176 0.0305 0.6958
vn 0.3372 0.6356 0.6944
vn 0.2374 0.3818 0.8932
vn 0.2738 0.6561 0.7032
vn -0.5872 0.7786 0.2215
vn 0.1714 -0.9794 0.1070
vn 0.0370 -0.9639 0.2637
vn 0.2583 -0.9529 0.1591
vn -0.4453 0.6474 -0.6185
vn -0.3021 0.6843 -0.6637
vn -0.4634 0.7287 -0.5043
vn 0.3974 -0.4743 0.7856
vn 0.3960 -0.2545 0.8823
vn 0.3667 -0.5037 0.7822
vn 0.8478 0.4971 -0.1848
vn 0.9177 0.3068 -0.2523
vn 0.3699 0.8411 -0.3947
vn 0.0195 -0.9891 0.1458
vn -0.0200 -0.9964 -0.0825
vn -0.0030 -1.0000 0.0064
vn 0.3824 0.0972 -0.9189
vn 0.3467 0.4406 -0.8281
vn 0.2940 0.2656 -0.9181
vn 0.0496 -0.8489 -0.5262
vn 0.0080 -0.8926 -0.4508
vn -0.1118 -0.4957 0.8613
vn 0.0652 -0.6775 0.7326
vn -0.3339 -0.7309 0.5953
vn 0.4414 -0.2086 -0.8727
vn 0.4835 0.1812 -0.8564
vn -0.1756 0.9837 0.0401
vn -0.4943 0.8673 -0.0592
vn -0.5377 0.8358 -0.1105
vn 0.2943 -0.8893 0.3501
vn -0.7175 0.5508 0.4264
vn -0.7323 0.6322 0.2531
vn -0.5999 0.7073 0.3739
vn -0.2727 0.9577 -0.0919
vn -0.5149 0.8468 -0.1336
vn 0.0788 -0.5457 -0.8343
vn 0.2070 -0.3197 -0.9246
vn -0.0492 -0.9964 0.0696
vn 0.6914 0.4782 0.5417
vn 0.2570 0.4358 0.8626
vn 0.9686 -0.2486 -0.0101
vn 0.8401 0.5388 -0.0624
vn 0.8823 0.4618 -0.0911
vn 0.6827 0.2200 -0.6968
vn 0.5542 0.1116 -0.8249
vn 0.5282 0.0394 -0.8482
vn -0.4969 0.1872 0.8474
vn -0.3678 0.3229 0.8720
vn 0.1931 -0.5065 -0.8403
vn 0.0971 -0.3472 -0.9327
vn -0.0115 -0.5457 -0.8379
vn -0.6631 -0.0430 -0.7473
vn -0.5449 0.0311 -0.8379
vn -0.4900 -0.3464 -0.7999
vn -0.4880 0.7943 0.3618
vn -0.0555 0.8533 0.5185
vn 0.4033 0.7086 -0.5790
vn 0.2455 0.7928 -0.5578
vn 0.3259 0.6996 -0.6358
vn -0.3334 0.8854 0.3240
vn -0.3740 0.9263 0.0456
vn -0.5664 0.8197 0.0853
vn 0.0345 -0.7649 -0.6432
vn 0.2658 0.2025 -0.9425
vn 0.4775 0.3308 -0.8140
vn 0.2831 0.3564 -0.8904
vn -0.2167 -0.2883 -0.9327
vn -0.1870 -0.4599 -0.8680
vn -0.5166 0.7243 -0.4567
vn -0.7681 0.4492 -0.4563
vn -0.7051 0.5696 -0.4223
vn 0.4412 0.8555 -0.2710
vn 0.5779 0.7749 -0.2561
vn 0.4793 0.8667 -0.1383
vn 0.0648 -0.9959 -0.0625
vn -0.0598 -0.9982 0.0005
vn 0.0592 -0.9956 0.0723
vn 0.0202 -0.9987 -0.0478
vn 0.3445 0.9385 0.0231
vn 0.4088 0.9043 -0.1233
vn 0.4014 0.9010 -0.1647
vn 0.7017 0.7124 0.0051
vn 0.4800 0.8603 -0.1716
vn 0.4212 0.8883 0.1833
vn -0.3122 -0.4581 0.8323
vn -0.3438 -0.7120 0.6123
vn -0.5365 -0.5699 0.6224
vn 0.3406 -0.3417 -0.8759
vn 0.3404 0.1033 -0.9346
vn 0.5068 -0.0165 0.8619
vn 0.6359 0.2343 0.7354
vn 0.3101 0.1852 0.9325
vn -0.1654 -0.9150 0.3681
vn 0.1941 -0.8209 0.5371
vn -0.1449 -0.6793 0.7194
vn 0.6702 0.6704 -0.3184
vn 0.8159 0.3060 -0.4906
vn 0.5218 0.4956 -0.6944
vn 0.6106 0.6680 -0.4253
vn 0.4540 0.7869 -0.4180
vn 0.0627 -0.9886 0.1370
vn 0.1145 -0.9827 0.1458
vn -0.2463 -0.5666 -0.7863
vn -0.3165 0.5404 0.7796
vn -0.3962 0.3907 0.8309
vn -0.2091 -0.8069 0.5524
vn -0.2392 -0.8529 0.4640
vn -0.0030 -0.9999 -0.0138
vn 0.3195 0.7113 -0.6261
vn 0.3350 0.5548 -0.7616
vn 0.3438 0.5932 -0.7279
vn 0.0100 -0.0253 0.9996
vn -0.0716 -0.0403 0.9966
vn 0.0383 -0.9992 0.0100
vn -0.4220 0.0955 -0.9016
vn -0.2170 -0.0716 -0.9735
vn -0.0238 0.2700 -0.9626
vn -0.5477 0.7805 0.3014
vn -0.0419 0.8660 0.4982
vn 0.3916 0.9011 -0.1863
vn 0.5740 0.8188 -0.0096
vn 0.4094 0.9109 -0.0513
vn 0.1571 -0.9646 -0.2119
vn -0.4284 -0.2481 0.8689
vn 0.5187 0.2089 -0.8290
vn 0.3439 0.4213 -0.8392
vn 0.5405 0.2986 -0.7865
vn -0.4481 -0.2812 -0.8486
vn 0.4881 0.5756 -0.6560
vn 0.6961 0.4681 -0.5444
vn 0.2018 -0.1053 -0.9737
vn 0.2692 -0.0906 -0.9588
vn 0.4290 0.1496 0.8908
vn 0.3963 -0.1523 0.9054
vn 0.1280 0.0477 0.9906
vn 0.5928 0.2845 -0.7535
vn 0.6556 0.4210 -0.6268
vn 0.0946 -0.8496 0.5189
vn 0.2182 -0.7375 0.6391
vn 0.3641 -0.5529 0.7495
vn 0.2245 -0.8398 0.4942
vn 0.5086 0.7351 -0.4483
vn 0.0590 -0.9972 -0.0457
vn -0.4009 0.6296 0.6655
vn -0.2091 -0.9522 0.2229
vn -0.1481 -0.9852 0.0858
vn -0.8261 0.5595 -0.0669
vn -0.6556 0.7310 -0.1892
vn -0.8529 0.4474 0.2692
vn -0.0825 -0.9966 0.0020
vn 0.0515 -0.9987 0.0038
vn -0.2836 0.7687 0.5733
vn -0.3314 0.8396 0.4303
vn 0.6871 0.5133 -0.5143
vn -0.5240 0.7434 0.4156
vn 0.5382 0.8171 0.2068
vn 0.6230 0.7643 0.1666
vn 0.6766 0.6333 0.3757
vn -0.7126 0.6667 -0.2185
vn -0.8406 0.4556 -0.2931
vn -0.8805 0.4469 0.1578
vn 0.1999 -0.7237 -0.6606
vn -0.4399 0.8766 -0.1948
vn -0.0118 -0.9991 0.0415
vn 0.0496 -0.9836 0.1736
vn -0.0136 -0.9996 0.0258
vn -0.4171 0.8007 -0.4300
vn -0.6635 0.7179 -0.2105
vn -0.4680 0.8545 -0.2252
vn 0.2771 0.6395 0.7171
vn -0.6754 0.7171 -0.1722
vn -0.6612 0.7499 -0.0204
vn -0.6421 0.7610 -0.0924
vn -0.5448 0.1409 -0.8267
vn -0.5422 0.2184 -0.8114
vn 0.1502 -0.2604 0.9537
vn -0.1126 -0.5269 0.8425
vn 0.3109 -0.5594 0.7684
vn -0.1623 -0.7972 -0.5815
vn -0.1267 -0.6966 -0.7062
vn 0.3185 0.8620 -0.3943
vn -0.0382 0.1509 0.9878
vn 0.2923 0.9459 -0.1410
vn -0.8539 0.1189 0.5066
vn 0.2862 0.4406 0.8509
vn -0.5643 0.6556 -0.5017
vn 0.2329 0.0784 0.9693
vn 0.2960 -0.1427 0.9445
vn 0.4514 -0.0532 0.8907
vn -0.3409 -0.7197 -0.6048
vn -0.5041 -0.4620 0.7297
vn -0.1693 -0.6856 0.7080
vn -0.1195 -0.3218 0.9392
vn 0.6827 0.6775 0.2736
vn 0.6977 0.6946 0.1754
vn 0.6499 0.7549 -0.0883
vn -0.2288 0.7205 -0.6546
vn -0.6457 0.4632 0.6070
vn -0.6641 0.5769 0.4755
vn 0.9385 0.3221 -0.1248
vn 0.3070 0.9182 -0.2502
vn 0.2789 -0.3853 0.8796
vn 0.7545 0.2206 0.6181
vn 0.6690 0.4168 0.6154
vn -0.6759 0.4618 0.5744
vn -0.3815 0.5338 0.7547
vn -0.6221 0.6407 0.4499
vn -0.2867 0.0959 -0.9532
vn -0.3673 0.8318 -0.4161
vn -0.3134 0.7990 -0.5131
vn -0.0697 -0.9654 -0.2512
vn -0.1205 -0.9455 -0.3024
vn -0.0016 -0.9722 -0.2340
vn 0.0463 -0.9486 -0.3130
vn 0.0478 -0.8485 -0.5270
vn 0.2702 -0.4597 -0.8459
vn 0.2558 -0.5415 -0.8008
vn 0.9548 0.2930 0.0497
vn 0.9161 0.4003 0.0213
vn -0.6674 0.2738 -0.6925
vn -0.4182 0.2869 -0.8619
vn -0.9694 0.1299 0.2083
vn -0.8538 0.3277 0.4046
vn -0.6013 0.7296 -0.3257
vn -0.4009 0.8715 -0.2823
vn -0.6582 0.7239 -0.2066
vn -0.0973 -0.6994 -0.7081
vn -0.0569 -0.8941 -0.4442
vn -0.1154 -0.9028 -0.4142
vn 0.0679 -0.9851 0.1581
vn 0.3500 0.8671 0.3544
vn 0.2684 0.9116 0.3115
vn 0.2540 -0.8348 0.4885
vn -0.1297 -0.9117 0.3899
vn -0.2283 0.9690 0.0941
vn 0.4831 0.8753 0.0206
vn -0.0844 0.9954 -0.0453
vn -0.6611 0.1888 0.7261
vn -0.5490 0.0806 0.8320
vn -0.4206 0.0415 0.9063
vn 0.3059 -0.1316 -0.9429
vn 0.1755 -0.2750 -0.9453
vn 0.2413 -0.0059 -0.9704
vn -0.6682 0.5705 -0.4776
vn -0.8052 0.5352 -0.2554
vn -0.0007 -0.9704 -0.2414
vn 0.0322 -0.9994 0.0126
vn -0.2848 -0.1464 0.9473
vn -0.0962 0.0077 0.9953
vn -0.4525 -0.2855 -0.8448
vn -0.3912 -0.5456 -0.7411
vn -0.6862 0.7271 -0.0219
vn 0.9074 0.4122 0.0816
vn 0.8318 0.5529 -0.0485
vn 0.5723 0.8054 -0.1542
vn 0.6522 0.7558 -0.0586
vn -0.5238 0.3280 -0.7862
vn 0.4764 -0.2408 -0.8456
vn 0.0254 -0.3673 -0.9298
vn -0.2145 -0.5577 -0.8019
vn -0.0430 -0.9991 -0.0063
vn -0.5001 0.6763 0.5409
vn -0.3636 0.6057 0.7078
vn 0.2068 0.1142 -0.9717
vn 0.8814 0.4719 -0.0214
vn 0.3983 0.7796 -0.4833
vn 0.4043 -0.5409 0.7376
vn 0.0322 -0.9995 -0.0022
vn 0.0124 -0.9991 -0.0411
vn 0.7786 0.6202 0.0953
vn 0.6728 0.6970 0.2481
vn -0.5750 0.5395 0.6151
vn -0.7137 0.4781 0.5119
vn -0.6765 0.4358 0.5936
vn 0.0116 -0.9998 -0.0182
vn -0.6253 0.7220 0.2961
vn -0.6552 0.7065 0.2674
vn -0.6672 0.7255 0.1688
vn -0.2125 0.4746 -0.8541
vn -0.2959 0.3712 -0.8802
vn -0.5100 0.4405 0.7388
vn 0.6594 0.6729 0.3352
vn 0.3588 0.7244 0.5886
vn 0.6486 0.5992 0.4694
vn -0.2363 0.9357 -0.2619
vn -0.2524 0.9381 -0.2371
vn 0.2053 -0.9740 -0.0960
vn 0.1307 -0.9880 0.0827
vn -0.6762 0.1981 0.7096
vn 0.3478 -0.7289 -0.5897
vn -0.2716 -0.7461 0.6079
vn 0.2987 -0.6634 0.6860
vn 0.0787 -0.4683 0.8801
vn -0.0035 -0.8709 0.4914
vn -0.5588 0.8179 0.1373
vn -0.5772 0.8144 0.0606
vn -0.1955 0.9621 -0.1901
vn 0.0447 -0.9931 -0.1087
vn 0.8839 0.3025 -0.3566
vn 0.8756 0.3950 -0.2781
vn -0.5739 0.6025 0.5546
vn 0.5437 0.4631 0.7000
vn 0.3908 0.3134 0.8655
vn -0.1966 -0.2349 -0.9519
vn 0.7390 -0.2116 -0.6396
vn 0.4410 0.7384 0.5103
vn 0.3140 0.7766 0.5461
vn 0.5060 0.6694 -0.5438
vn 0.2637 0.3121 -0.9127
vn 0.3955 0.3399 -0.8533
vn 0.3924 0.0977 -0.9146
vn 0.4287 0.9013 -0.0616
vn -0.7932 0.3600 -0.4912
vn -0.0310 -0.9455 0.3241
vn -0.1442 -0.9862 0.0817
vn -0.6697 0.7411 -0.0477
vn -0.5738 -0.2998 0.7621
vn 0.0878 -0.9569 0.2767
vn 0.6523 0.6601 0.3725
vn -0.3603 0.8946 0.2645
vn -0.6941 0.6023 0.3942
vn 0.0521 -0.9427 -0.3296
vn -0.0746 -0.8688 -0.4896
vn -0.1551 -0.7317 -0.6638
vn 0.5728 -0.0172 0.8195
vn -0.6863 0.3373 0.6443
vn 0.2914 0.9446 -0.1511
vn 0.7931 0.6079 -0.0374
vn -0.2656 -0.4973 0.8259
vn 0.1621 -0.6434 0.7482
vn 0.4637 0.8834 0.0678
vn -0.0704 -0.9975 -0.0085
vn 0.1072 -0.9529 -0.2837
vn 0.0794 0.7191 0.6903
vn 0.2093 -0.7066 0.6760
vn 0.0947 -0.7935 0.6011
vn -0.3037 -0.0051 -0.9527
vn 0.0168 -0.9992 -0.0359
vn -0.3480 0.8727 -0.3426
vn -0.4108 0.8684 -0.2779
vn -0.2419 0.1844 -0.9526
vn -0.2490 -0.0907 -0.9643
vn -0.2103 -0.0307 -0.9772
vn 0.6731 0.5539 0.4900
vn -0.6617 0.6632 -0.3496
vn -0.5527 0.2886 0.7818
vn -0.6621 0.4634 0.5889
vn -0.4773 0.8399 0.2584
vn -0.4550 0.7938 0.4035
vn -0.3835 0.2271 0.8952
vn -0.3235 0.4472 0.8339
vn -0.2229 0.3367 0.9148
vn -0.2391 0.4643 0.8528
vn -0.2557 0.4086 0.8762
vn -0.6283 0.5785 0.5201
vn -0.4482 -0.1285 0.8846
vn -0.3785 -0.2059 0.9024
vn 0.0027 -0.9987 0.0513
vn 0.0333 -0.9991 0.0277
vn 0.2734 0.1392 -0.9518
vn -0.3498 0.0171 -0.9367
vn 0.0311 -0.8454 0.5332
vn -0.8485 -0.4336 0.3034
vn -0.6774 -0.3149 0.6648
vn -0.1384 0.9029 0.4070
vn 0.8092 0.5416 0.2278
vn 0.8567 0.5152 -0.0263
vn 0.8463 0.5258 -0.0857
vn 0.4877 0.1005 0.8672
vn 0.2314 0.2011 0.9518
vn -0.4581 0.2119 0.8633
vn -0.6739 0.1085 0.7308
vn -0.6828 0.4071 0.6067
vn -0.7227 0.6241 -0.2969
vn 0.0634 -0.9958 0.0660
vn -0.4255 0.2158 0.8789
vn -0.6649 0.3936 0.6348
vn -0.4387 0.1354 -0.8884
vn 0.2198 -0.5532 -0.8035
vn 0.1181 -0.6069 -0.7860
vn -0.2160 -0.0670 0.9741
vn -0.2567 -0.4659 0.8468
vn -0.5669 0.7759 -0.2768
vn -0.4483 0.8661 -0.2213
vn -0.5128 0.8506 -0.1162
vn 0.0881 -0.9943 0.0600
vn -0.4431 -0.0065 -0.8965
vn -0.8761 0.2043 -0.4367
vn -0.9668 0.2364 0.0974
vn 0.1047 -0.4693 -0.8768
vn 0.4032 0.7696 0.4952
vn 0.3818 0.6462 -0.6608
vn -0.0089 -0.2993 0.9541
vn -0.7589 0.6041 -0.2430
vn -0.7962 0.6047 -0.0177
vn -0.4810 -0.5025 0.7184
vn -0.5905 -0.1324 0.7961
vn 0.7862 0.5437 0.2938
vn -0.6033 -0.0488 -0.7960
vn -0.5171 0.7261 -0.4533
vn -0.6380 0.7668 -0.0712
vn 0.0300 -0.9989 0.0372
vn 0.5502 0.0374 0.8342
vn 0.8853 0.2767 -0.3737
vn 0.4343 0.6873 -0.5822
vn 0.3232 0.6803 -0.6578
vn -0.0316 -0.9898 0.1392
vn 0.1753 0.7120 -0.6799
vn -0.4230 0.7581 -0.4963
vn -0.4391 0.6598 -0.6098
vn -0.5737 0.6323 -0.5207
vn 0.8584 0.2039 -0.4707
vn 0.8088 -0.1207 -0.5755
vn -0.2283 -0.8258 0.5157
vn -0.4914 -0.7391 0.4607
vn 0.5698 -0.7813 0.2548
vn -0.6489 0.3028 0.6980
vn -0.4542 0.8247 -0.3370
vn -0.2386 0.9335 -0.2677
vn 0.7390 0.6707 0.0641
vn 0.7117 0.1817 -0.6785
vn 0.7341 0.0305 -0.6783
vn 0.0516 0.4626 -0.8851
vn 0.5088 0.8017 -0.3138
vn -0.5513 -0.4912 0.6745
vn -0.5097 0.0337 0.8597
vn -0.4248 0.1347 0.8952
vn -0.3330 0.0424 0.9420
vn 0.3584 0.9325 0.0440
vn 0.6545 0.7396 0.1569
vn 0.8649 0.4985 -0.0582
vn 0.4736 0.4757 0.7412
vn 0.1948 0.5579 0.8067
vn -0.5908 0.8039 -0.0687
vn -0.4660 0.8775 -0.1134
vn -0.5611 0.4199 -0.7133
vn -0.4349 0.4920 -0.7542
vn 0.3290 0.9222 0.2033
vn -0.0266 -0.2398 0.9705
vn -0.4376 -0.3101 0.8440
vn -0.3953 -0.1469 -0.9068
vn -0.1013 -0.3910 -0.9148
vn 0.0684 0.3918 0.9175
vn 0.0860 0.4106 0.9078
vn 0.7053 0.6605 -0.2576
vn 0.5344 0.7992 -0.2751
vn -0.1410 -0.9894 -0.0333
vn 0.8640 -0.2583 -0.4322
vn 0.9438 -0.3027 -0.1324
vn -0.0778 -0.9089 -0.4097
vn -0.0946 -0.9287 0.3585
vn -0.5601 0.5225 -0.6429
vn 0.0166 -0.9950 0.0986
vn -0.3966 -0.0398 -0.9171
vn 0.0229 -0.9749 -0.2217
vn -0.0297 -0.9733 -0.2275
vn -0.8414 0.5379 0.0524
vn -0.3410 0.7690 -0.5406
vn 0.3355 0.8031 0.4924
vn -0.0395 -0.9248 0.3784
vn -0.7272 0.6049 -0.3245
vn -0.5041 0.8628 0.0379
vn -0.6267 0.7551 -0.1925
vn 0.5292 0.8421 0.1041
vn 0.2930 0.9557 0.0271
vn -0.6759 0.7104 0.1962
vn -0.0407 -0.9826 -0.1810
vn -0.5129 0.7592 -0.4007
vn 0.8030 0.0451 0.5942
vn -0.0515 -0.9488 -0.3118
vn 0.3502 0.6891 -0.6345
vn -0.3502 0.9224 -0.1631
vn -0.3913 0.6187 -0.6813
vn 0.5265 0.5085 -0.6813
vn 0.1984 0.4064 -0.8919
vn 0.4357 0.3263 -0.8389
vn -0.4013 -0.1610 -0.9017
vn -0.5971 0.8012 -0.0385
vn 0.0385 -0.2595 0.9650
vn -0.5172 -0.1676 0.8393
vn -0.6947 0.6748 0.2491
vn 0.2576 -0.5995 0.7578
vn 0.0420 -0.9973 0.0604
vn 0.5252 0.2980 0.7971
vn 0.4488 0.4703 0.7599
vn 0.4561 0.3614 0.8132
vn 0.2469 0.0264 0.9687
vn 0.4283 0.1657 0.8883
vn 0.7809 0.3471 -0.5194
vn 0.9385 0.0986 -0.3309
vn 0.8929 0.0730 -0.4443
vn -0.6812 0.1028 0.7248
vn -0.3882 0.6238 0.6784
vn -0.0188 -0.9998 0.0013
vn 0.0472 -0.9840 -0.1719
vn -0.3656 0.9119 -0.1865
vn -0.4182 0.9068 0.0526
vn 0.7034 0.3630 0.6111
vn 0.6011 0.5612 0.5689
vn 0.4001 -0.1574 -0.9028
vn 0.1102 -0.2869 -0.9516
vn 0.3238 0.4517 -0.8314
vn 0.6716 0.7332 0.1069
vn -0.5027 -0.8175 0.2811
vn -0.2838 -0.9224 0.2618
vn -0.1727 -0.9752 0.1382
vn 0.7045 0.5917 -0.3919
vn 0.5770 0.6507 -0.4937
vn -0.0957 -0.8367 -0.5392
vn 0.1318 -0.6609 -0.7388
vn -0.1555 -0.9757 0.1541
vn -0.6955 -0.6150 -0.3716
vn 0.5277 -0.3525 0.7728
vn 0.5178 -0.1993 0.8320
vn 0.5603 -0.1173 0.8199
vn 0.8311 0.1930 -0.5216
vn 0.9351 0.0636 -0.3485
vn -0.3514 0.8987 0.2624
vn 0.2528 0.9159 0.3119
vn -0.1169 -0.8420 0.5266
vn 0.3724 0.3804 -0.8465
vn -0.2081 -0.2940 -0.9329
vn 0.2173 -0.2159 0.9519
vn 0.3373 -0.3197 0.8854
vn -0.5960 0.8021 0.0383
vn 0.1821 -0.7292 0.6596
vn -0.0532 -0.6571 0.7519
vn -0.6723 -0.2580 -0.6938
vn 0.4409 0.1916 0.8768
vn 0.6097 0.2179 0.7621
vn 0.9284 0.1796 -0.3252
vn 0.4643 0.7428 -0.4824
vn 0.6198 0.6918 0.3706
vn 0.3057 0.8492 0.4307
vn 0.3559 0.8263 0.4366
vn 0.9260 0.2118 -0.3125
vn -0.0380 -0.9993 -0.0047
vn 0.2755 0.7736 0.5706
vn -0.2628 -0.8819 0.3915
vn 0.4377 0.8356 0.3320
vn -0.0891 -0.9026 -0.4212
vn 0.3864 -0.1400 0.9116
vn 0.2479 0.3467 0.9046
vn 0.2507 0.6349 -0.7308
vn 0.8045 0.5285 -0.2711
vn 0.0329 -0.9951 0.0931
vn 0.0503 -0.9987 -0.0059
vn 0.0876 0.9928 0.0815
vn 0.5149 0.8386 0.1781
vn -0.5305 0.5942 -0.6046
vn 0.0674 -0.9101 -0.4089
vn 0.3216 0.7948 0.5147
vn 0.6479 0.6835 0.3361
vn 0.9266 0.3744 0.0359
vn 0.8862 0.4605 -0.0506
vn 0.4690 0.4943 -0.7319
vn 0.3829 0.5277 -0.7582
vn 0.4095 0.1497 -0.9000
vn 0.2047 -0.2449 -0.9477
vn 0.0647 -0.9538 -0.2933
vn -0.3369 0.4419 -0.8314
vn -0.4968 0.3123 -0.8098
vn -0.2323 0.3153 -0.9201
vn -0.5269 0.6332 -0.5670
vn -0.3497 0.7680 -0.5365
vn -0.0299 -0.9902 0.1367
vn -0.1626 -0.9341 0.3178
vn 0.7040 0.4393 -0.5580
vn -0.2701 -0.7814 0.5625
vn -0.4119 0.4047 -0.8164
vn -0.4803 0.5888 0.6501
vn -0.0870 0.8660 0.4925
vn -0.0572 -0.9977 0.0355
vn -0.7273 0.3270 -0.6034
vn 0.7895 0.1464 -0.5961
vn -0.3183 0.7067 -0.6318
vn 0.3148 0.8332 -0.4547
vn 0.0075 -0.8053 -0.5928
vn -0.5823 -0.4380 0.6849
vn -0.6489 -0.2030 0.7333
vn 0.1948 0.2286 0.9538
vn 0.2588 0.4517 0.8538
vn -0.5971 0.2004 0.7768
vn 0.8365 0.2945 0.4620
vn 0.3347 0.5659 -0.7535
vn 0.0114 -0.9999 0.0120
vn -0.0128 -0.9997 -0.0201
vn -0.7151 0.6969 -0.0543
vn 0.0244 -0.9992 0.0315
vn 0.1813 -0.9828 0.0362
vn -0.2771 0.8732 -0.4010
vn 0.2673 -0.7714 -0.5776
vn -0.1634 -0.2204 0.9616
vn 0.3305 -0.7655 0.5520
vn 0.2747 -0.3629 -0.8904
vn -0.2128 0.5726 0.7918
vn 0.6762 0.5798 0.4545
vn -0.1683 -0.4757 -0.8633
vn -0.0649 -0.6210 -0.7811
vn -0.3106 -0.5992 0.7379
vn 0.1708 -0.8682 0.4658
vn 0.1401 -0.8760 0.4615
vn -0.5417 0.6868 -0.4846
vn 0.0422 -0.9990 0.0140
vn -0.5479 0.7907 0.2731
vn -0.8351 0.3671 0.4097
vn 0.1965 0.5393 0.8188
vn -0.1849 0.3717 -0.9097
vn 0.3219 0.9462 -0.0315
vn 0.1621 -0.8988 -0.4072
vn -0.5954 0.4488 -0.6664
vn -0.8673 -0.4765 0.1439
vn 0.5683 0.7364 0.3670
vn 0.6155 0.6236 0.4819
vn 0.1200 -0.3603 -0.9251
vn 0.6259 0.2824 0.7270
vn 0.1722 -0.3773 0.9100
vn 0.0328 -0.9995 0.0027
vn 0.1810 -0.2459 0.9523
vn 0.3095 0.7479 -0.5873
vn -0.0084 -0.6223 -0.7827
vn -0.2860 -0.3251 -0.9014
vn -0.0206 -0.0435 -0.9988
vn 0.2891 0.6592 -0.6942
vn -0.2371 -0.6603 -0.7126
vn -0.1271 -0.8470 -0.5161
vn 0.6041 0.3860 -0.6972
vn 0.1501 -0.5855 0.7967
vn 0.3330 -0.1055 0.9370
vn 0.4396 0.3248 -0.8374
vn 0.1938 -0.0149 0.9809
vn -0.5984 0.0907 0.7961
vn -0.8551 0.2720 0.4414
vn 0.2389 -0.5544 0.7972
vn -0.3902 0.8942 -0.2194
vn -0.5193 0.7881 0.3305
vn 0.8280 -0.2158 -0.5175
vn -0.2185 0.7329 0.6443
vn -0.1368 0.7286 0.6711
vn 0.1166 -0.4110 -0.9042
vn -0.5262 0.8151 -0.2425
vn -0.3737 0.4909 0.7870
vn 0.2636 -0.4033 0.8763
vn 0.7844 0.6189 -0.0394
vn 0.7048 0.7093 -0.0095
vn 0.3297 0.7309 -0.5975
vn 0.4972 0.6748 0.5453
vn -0.0357 -0.9176 -0.3960
vn -0.2042 -0.1703 0.9640
vn 0.2952 -0.9505 0.0971
vn 0.6003 -0.4489 0.6619
vn -0.3070 -0.7935 0.5255
vn -0.4145 -0.6455 0.6415
vn -0.0936 0.0104 0.9956
vn 0.2866 0.6129 -0.7363
vn 0.7759 0.6286 -0.0533
vn -0.5806 -0.0276 0.8137
vn -0.3243 0.9356 0.1398
vn 0.0589 -0.4704 0.8805
vn 0.5961 0.0131 -0.8028
vn 0.5248 0.1714 -0.8338
vn -0.4761 0.8424 0.2525
vn 0.0783 -0.9822 -0.1706
vn -0.4133 -0.0555 0.9089
vn 0.2605 -0.7464 -0.6124
vn 0.3956 0.7058 -0.5876
vn -0.2253 0.1820 0.9571
vn -0.2016 -0.7438 0.6372
vn -0.5923 0.7305 -0.3400
vn 0.4476 0.5728 -0.6867
vn -0.2964 0.5864 0.7538
vn 0.2357 0.5999 -0.7646
vn -0.7080 0.4069 0.5772
vn 0.2870 0.8378 -0.4645
vn 0.3353 0.3012 -0.8927
vn -0.0062 -0.9843 -0.1761
vn -0.2026 -0.7697 0.6055
vn -0.1801 0.5139 -0.8387
vn 0.4058 0.7853 -0.4676
vn -0.1960 -0.8139 0.5469
vn 0.2172 -0.3573 -0.9084
vn 0.3135 -0.4063 0.8583
vn -0.6952 0.4957 -0.5206
vn -0.0295 -0.9906 -0.1332
vn -0.2665 0.7736 -0.5749
vt 0.338098 0.505392
vt 0.335577 0.537483
vt 0.323520 0.527327
vt 0.239233 0.554651
vt 0.237068 0.529469
vt 0.252400 0.542500
vt 0.965066 0.964746
vt 0.992265 0.952262
vt 0.984944 0.972950
vt 0.192902 0.848845
vt 0.170225 0.878602
vt 0.152515 0.848873
vt 0.569474 0.452777
vt 0.551713 0.463960
vt 0.545811 0.444024
vt 0.932928 0.942169
vt 0.892232 0.922441
vt 0.921688 0.905935
vt 0.004926 0.161535
vt 0.024880 0.150017
vt 0.028083 0.174958
vt 0.733729 0.756268
vt 0.711062 0.772541
vt 0.705633 0.743410
vt 0.868037 0.502780
vt 0.873287 0.533996
vt 0.849165 0.544191
vt 0.013783 0.214931
vt 0.023981 0.195148
vt 0.029454 0.220431
vt 0.196272 0.495627
vt 0.189875 0.538413
vt 0.177084 0.526582
vt 0.753183 0.844465
vt 0.771106 0.856185
vt 0.767642 0.871930
vt 0.028702 0.546099
vt 0.052540 0.516325
vt 0.066481 0.556445
vt 0.085585 0.417360
vt 0.056083 0.393803
vt 0.069954 0.387187
vt 0.461205 0.958337
vt 0.469637 0.938310
vt 0.496044 0.936768
vt 0.430592 0.788590
vt 0.431960 0.732293
vt 0.432807 0.752826
vt 0.699379 0.336995
vt 0.666183 0.296262
vt 0.687873 0.295582
vt 0.665580 0.388458
vt 0.648067 0.374954
vt 0.666807 0.367995
vt 0.181601 0.718038
vt 0.187537 0.685709
vt 0.207165 0.702890
vt 0.890242 0.513221
vt 0.890161 0.479326
vt 0.903545 0.487790
vt 0.530424 0.407892
vt 0.508621 0.429862
vt 0.512327 0.416167
vt 0.217777 0.904167
vt 0.195025 0.926105
vt 0.206221 0.888249
vt 0.710437 0.409313
vt 0.725532 0.373849
vt 0.738961 0.409554
vt 0.942017 0.636682
vt 0.924681 0.660067
vt 0.920814 0.628536
vt 0.114834 0.925648
vt 0.113612 0.892524
vt 0.129324 0.914077
vt 0.844481 0.040186
vt 0.853905 0.018684
vt 0.872223 0.028165
vt 0.475550 0.819221
vt 0.455059 0.847980
vt 0.450821 0.826704
vt 0.165123 0.273735
vt 0.156145 0.287310
vt 0.140427 0.278736
vt 0.149705 0.313050
vt 0.130775 0.307639
vt 0.330712 0.821147
vt 0.307560 0.777069
vt 0.342494 0.790347
vt 0.553216 0.657112
vt 0.578981 0.645799
vt 0.592216 0.679989
vt 0.089987 0.453889
vt 0.118879 0.480183
vt 0.101179 0.489846
vt 0.687758 0.364311
vt 0.436616 0.211908
vt 0.412880 0.257479
vt 0.412324 0.216714
vt 0.088122 0.616177
vt 0.091238 0.581509
vt 0.117768 0.616643
vt 0.352497 0.952967
vt 0.393529 0.942514
vt 0.407776 0.974415
vt 0.712656 0.354327
vt 0.205198 0.630209
vt 0.159218 0.632132
vt 0.173033 0.619240
vt 0.743068 0.822948
vt 0.738755 0.774331
vt 0.765751 0.791434
vt 0.317066 0.292058
vt 0.329826 0.334666
vt 0.318996 0.336358
vt 0.895741 0.563335
vt 0.924222 0.566772
vt 0.910150 0.592986
vt 0.503757 0.807275
vt 0.539672 0.814517
vt 0.496883 0.835649
vt 0.563852 0.814033
vt 0.627931 0.842665
vt 0.544917 0.831326
vt 0.452780 0.648001
vt 0.497694 0.643344
vt 0.497064 0.662766
vt 0.482582 0.796996
vt 0.264321 0.722633
vt 0.259414 0.704545
vt 0.287482 0.684188
vt 0.312168 0.717905
vt 0.587216 0.542704
vt 0.646138 0.549837
vt 0.633098 0.563983
vt 0.056093 0.417549
vt 0.437245 0.681027
vt 0.403062 0.675546
vt 0.425149 0.662944
vt 0.470535 0.342117
vt 0.460288 0.374318
vt 0.452313 0.345106
vt 0.207543 0.861329
vt 0.186838 0.881984
vt 0.145569 0.187493
vt 0.179852 0.208024
vt 0.172463 0.225172
vt 0.457148 0.558560
vt 0.427888 0.544632
vt 0.460593 0.534305
vt 0.709371 0.806901
vt 0.289387 0.312639
vt 0.261388 0.317693
vt 0.259551 0.297535
vt 0.121388 0.280578
vt 0.079151 0.286821
vt 0.067379 0.261845
vt 0.341470 0.913508
vt 0.307976 0.920868
vt 0.325199 0.902247
vt 0.116910 0.562550
vt 0.645445 0.464245
vt 0.643105 0.502737
vt 0.620332 0.485585
vt 0.802815 0.533442
vt 0.800800 0.502127
vt 0.827827 0.516911
vt 0.085508 0.883899
vt 0.076763 0.843731
vt 0.098036 0.863673
vt 0.373832 0.226388
vt 0.390107 0.198935
vt 0.140242 0.891791
vt 0.681571 0.460422
vt 0.666884 0.479849
vt 0.398079 0.651340
vt 0.386689 0.679185
vt 0.382178 0.643616
vt 0.431391 0.485013
vt 0.439556 0.454978
vt 0.456129 0.476726
vt 0.171370 0.094498
vt 0.183526 0.077349
vt 0.205907 0.094403
vt 0.496778 0.854007
vt 0.537175 0.859775
vt 0.532631 0.874844
vt 0.651572 0.285983
vt 0.677796 0.268811
vt 0.085925 0.387393
vt 0.105356 0.408235
vt 0.367643 0.882604
vt 0.354314 0.932090
vt 0.465574 0.289826
vt 0.474919 0.271017
vt 0.501049 0.289617
vt 0.776858 0.831538
vt 0.461231 0.187044
vt 0.470975 0.217811
vt 0.046859 0.023628
vt 0.064714 0.058773
vt 0.030251 0.039617
vt 0.296888 0.846807
vt 0.291599 0.803639
vt 0.338674 0.302260
vt 0.467737 0.675445
vt 0.259099 0.870492
vt 0.253170 0.821472
vt 0.281776 0.873533
vt 0.454602 0.395023
vt 0.436296 0.367765
vt 0.481866 0.193032
vt 0.526145 0.582390
vt 0.543154 0.614344
vt 0.521629 0.616139
vt 0.651796 0.919425
vt 0.663083 0.890219
vt 0.667268 0.917791
vt 0.785058 0.780607
vt 0.787193 0.813784
vt 0.048594 0.489566
vt 0.023897 0.522905
vt 0.017555 0.507711
vt 0.488051 0.638267
vt 0.501582 0.611763
vt 0.506258 0.634065
vt 0.630169 0.274066
vt 0.615810 0.276604
vt 0.595538 0.236244
vt 0.212929 0.521283
vt 0.229531 0.508592
vt 0.390913 0.863835
vt 0.389913 0.843006
vt 0.432658 0.842933
vt 0.180732 0.905466
vt 0.055109 0.291125
vt 0.071548 0.301231
vt 0.046845 0.202910
vt 0.044962 0.226059
vt 0.565185 0.490098
vt 0.549694 0.512871
vt 0.538659 0.480216
vt 0.297104 0.276847
vt 0.359325 0.743784
vt 0.341274 0.706784
vt 0.369525 0.722086
vt 0.182117 0.462683
vt 0.166261 0.444046
vt 0.189893 0.445339
vt 0.806044 0.704068
vt 0.835469 0.671208
vt 0.833601 0.712363
vt 0.829189 0.257862
vt 0.821717 0.220850
vt 0.844789 0.232282
vt 0.546232 0.743301
vt 0.551912 0.761256
vt 0.536072 0.783937
vt 0.537001 0.140089
vt 0.542074 0.187551
vt 0.520586 0.172231
vt 0.280280 0.923841
vt 0.280013 0.906725
vt 0.101956 0.127420
vt 0.082633 0.118110
vt 0.101921 0.099622
vt 0.389840 0.235341
vt 0.441759 0.239474
vt 0.350352 0.365151
vt 0.369542 0.356871
vt 0.367792 0.382106
vt 0.360299 0.691948
vt 0.242839 0.235511
vt 0.254845 0.272172
vt 0.238009 0.268067
vt 0.326539 0.354989
vt 0.303362 0.357908
vt 0.413786 0.162881
vt 0.432880 0.177745
vt 0.514442 0.730502
vt 0.955424 0.935848
vt 0.946877 0.959664
vt 0.014167 0.066244
vt 0.847608 0.947645
vt 0.898099 0.951997
vt 0.854711 0.966242
vt 0.807360 0.041530
vt 0.802172 0.022118
vt 0.826020 0.027085
vt 0.113801 0.212033
vt 0.147923 0.225150
vt 0.180519 0.927032
vt 0.166177 0.952824
vt 0.152160 0.918334
vt 0.743306 0.108233
vt 0.728346 0.082507
vt 0.748168 0.079417
vt 0.896126 0.419249
vt 0.875027 0.454792
vt 0.661047 0.201630
vt 0.650539 0.239016
vt 0.642535 0.193977
vt 0.174934 0.311950
vt 0.165945 0.349180
vt 0.151034 0.339504
vt 0.305017 0.943891
vt 0.763024 0.930654
vt 0.759338 0.887605
vt 0.776452 0.915437
vt 0.089608 0.538132
vt 0.081408 0.559928
vt 0.860181 0.201580
vt 0.881930 0.181587
vt 0.907888 0.200846
vt 0.606997 0.308594
vt 0.640852 0.310314
vt 0.617552 0.335804
vt 0.280059 0.798852
vt 0.253419 0.788430
vt 0.410148 0.694208
vt 0.383286 0.740921
vt 0.553287 0.374698
vt 0.538853 0.365373
vt 0.533097 0.334543
vt 0.508493 0.381437
vt 0.520015 0.370032
vt 0.535061 0.385256
vt 0.214038 0.070565
vt 0.185316 0.047029
vt 0.210550 0.042798
vt 0.714637 0.914637
vt 0.725637 0.896439
vt 0.735162 0.924950
vt 0.479452 0.535765
vt 0.492437 0.503815
vt 0.511886 0.525203
vt 0.214074 0.741094
vt 0.197431 0.729430
vt 0.207650 0.712350
vt 0.832677 0.915404
vt 0.818082 0.945137
vt 0.805437 0.926320
vt 0.623447 0.253364
vt 0.646806 0.267728
vt 0.244956 0.768297
vt 0.291195 0.748044
vt 0.101773 0.637965
vt 0.942227 0.543660
vt 0.949522 0.572232
vt 0.081140 0.085218
vt 0.110300 0.058788
vt 0.463647 0.790374
vt 0.519083 0.282621
vt 0.500653 0.262929
vt 0.521929 0.248581
vt 0.880625 0.646175
vt 0.907358 0.655407
vt 0.681967 0.749256
vt 0.682446 0.039825
vt 0.700169 0.024695
vt 0.695964 0.051169
vt 0.285960 0.267269
vt 0.311231 0.265314
vt 0.577838 0.327926
vt 0.587214 0.361378
vt 0.572163 0.347601
vt 0.141313 0.877553
vt 0.072234 0.176755
vt 0.461004 0.234042
vt 0.485770 0.244591
vt 0.456390 0.262883
vt 0.838601 0.004764
vt 0.414698 0.312790
vt 0.404228 0.293758
vt 0.435047 0.323841
vt 0.474771 0.150555
vt 0.490259 0.125106
vt 0.572087 0.551292
vt 0.558908 0.570893
vt 0.531014 0.554248
vt 0.434966 0.275127
vt 0.444905 0.309051
vt 0.326113 0.690466
vt 0.126099 0.753455
vt 0.172509 0.721088
vt 0.162355 0.748933
vt 0.418005 0.344765
vt 0.469169 0.862455
vt 0.942858 0.507552
vt 0.343733 0.741730
vt 0.328527 0.739903
vt 0.658992 0.161426
vt 0.679409 0.145934
vt 0.686956 0.176294
vt 0.335378 0.764236
vt 0.357113 0.773805
vt 0.336724 0.225081
vt 0.353157 0.200914
vt 0.344613 0.245561
vt 0.455462 0.323385
vt 0.905710 0.454313
vt 0.618822 0.395273
vt 0.655141 0.409354
vt 0.629050 0.428735
vt 0.704831 0.144285
vt 0.724512 0.147058
vt 0.718591 0.158428
vt 0.234919 0.928584
vt 0.307804 0.378882
vt 0.622987 0.787172
vt 0.624808 0.754729
vt 0.643941 0.784584
vt 0.149822 0.397766
vt 0.141035 0.357219
vt 0.161911 0.367656
vt 0.726029 0.503341
vt 0.707956 0.489759
vt 0.730323 0.474279
vt 0.256086 0.385183
vt 0.265747 0.342342
vt 0.269587 0.366655
vt 0.878938 0.053855
vt 0.852089 0.069431
vt 0.485602 0.570348
vt 0.482095 0.603210
vt 0.466662 0.592966
vt 0.522533 0.937912
vt 0.490247 0.974123
vt 0.559049 0.301915
vt 0.894400 0.602737
vt 0.706552 0.311335
vt 0.040868 0.254206
vt 0.528591 0.508583
vt 0.694513 0.099666
vt 0.663714 0.095615
vt 0.666424 0.071815
vt 0.857185 0.622833
vt 0.858595 0.642504
vt 0.823706 0.637991
vt 0.745483 0.868281
vt 0.939419 0.724931
vt 0.935613 0.735314
vt 0.923024 0.700913
vt 0.876442 0.879405
vt 0.851650 0.908680
vt 0.855946 0.877613
vt 0.855798 0.179821
vt 0.205669 0.244510
vt 0.188643 0.257504
vt 0.807185 0.274959
vt 0.813049 0.878025
vt 0.837799 0.898183
vt 0.233234 0.718851
vt 0.789244 0.686329
vt 0.466151 0.495670
vt 0.495088 0.485669
vt 0.261150 0.218422
vt 0.279580 0.214701
vt 0.284928 0.243967
vt 0.243821 0.631013
vt 0.231715 0.602465
vt 0.193929 0.390836
vt 0.184273 0.417202
vt 0.486810 0.897464
vt 0.529669 0.909550
vt 0.404658 0.882888
vt 0.415785 0.931968
vt 0.417041 0.961983
vt 0.423536 0.086129
vt 0.481952 0.074684
vt 0.447488 0.091941
vt 0.414103 0.475448
vt 0.432489 0.439761
vt 0.715635 0.111740
vt 0.698473 0.073827
vt 0.042405 0.278265
vt 0.018014 0.257592
vt 0.354137 0.467478
vt 0.339755 0.446899
vt 0.368435 0.431886
vt 0.603950 0.928825
vt 0.595093 0.894949
vt 0.621456 0.895116
vt 0.188207 0.765087
vt 0.677180 0.408693
vt 0.694729 0.396463
vt 0.610203 0.714166
vt 0.622626 0.725587
vt 0.601990 0.733169
vt 0.874987 0.333860
vt 0.842368 0.315232
vt 0.867364 0.308421
vt 0.232217 0.183375
vt 0.222668 0.143609
vt 0.246375 0.137895
vt 0.521054 0.102263
vt 0.523014 0.079757
vt 0.540598 0.094139
vt 0.126097 0.399977
vt 0.082646 0.348556
vt 0.343430 0.881305
vt 0.353968 0.859138
vt 0.222076 0.112949
vt 0.237771 0.119325
vt 0.741681 0.064320
vt 0.758961 0.049701
vt 0.290253 0.346452
vt 0.895860 0.890391
vt 0.884645 0.860714
vt 0.907797 0.871137
vt 0.659108 0.326098
vt 0.637559 0.340103
vt 0.174949 0.484446
vt 0.236079 0.702441
vt 0.218891 0.695162
vt 0.232711 0.670673
vt 0.306997 0.874943
vt 0.928929 0.482209
vt 0.904721 0.523251
vt 0.495100 0.165872
vt 0.936708 0.975060
vt 0.595964 0.277684
vt 0.569026 0.629543
vt 0.501618 0.758150
vt 0.479753 0.745474
vt 0.822553 0.370192
vt 0.827666 0.405005
vt 0.794536 0.393244
vt 0.712646 0.191175
vt 0.725060 0.178877
vt 0.726054 0.208196
vt 0.467593 0.724660
vt 0.183947 0.280076
vt 0.223483 0.280498
vt 0.199607 0.317772
vt 0.142021 0.460948
vt 0.151519 0.485304
vt 0.266667 0.192242
vt 0.822580 0.462123
vt 0.846279 0.487170
vt 0.829186 0.499534
vt 0.324706 0.399183
vt 0.324294 0.379091
vt 0.108788 0.848083
vt 0.105936 0.822101
vt 0.068156 0.241668
vt 0.253610 0.690347
vt 0.219466 0.001921
vt 0.243895 0.018920
vt 0.047013 0.106949
vt 0.055651 0.132860
vt 0.038445 0.129362
vt 0.936479 0.337612
vt 0.939211 0.359667
vt 0.900867 0.350587
vt 0.338805 0.384104
vt 0.438934 0.877161
vt 0.824559 0.185455
vt 0.799317 0.221654
vt 0.223012 0.244563
vt 0.587674 0.505143
vt 0.573869 0.518602
vt 0.246338 0.652986
vt 0.216209 0.656128
vt 0.058874 0.328744
vt 0.034370 0.310710
vt 0.087468 0.907705
vt 0.393128 0.261086
vt 0.373485 0.253063
vt 0.512369 0.452509
vt 0.538069 0.457507
vt 0.843706 0.194888
vt 0.581403 0.120511
vt 0.572821 0.142154
vt 0.543674 0.121349
vt 0.602162 0.361749
vt 0.729836 0.127986
vt 0.249213 0.739442
vt 0.226988 0.768093
vt 0.280777 0.332854
vt 0.236819 0.053214
vt 0.121818 0.781690
vt 0.803449 0.475909
vt 0.348793 0.335088
vt 0.372086 0.336183
vt 0.206842 0.267263
vt 0.565116 0.883433
vt 0.583970 0.906047
vt 0.573928 0.920512
vt 0.594811 0.559752
vt 0.105992 0.246892
vt 0.846474 0.263361
vt 0.833205 0.291019
vt 0.061631 0.159039
vt 0.073336 0.137375
vt 0.626275 0.373269
vt 0.233192 0.846713
vt 0.285817 0.889662
vt 0.443439 0.592682
vt 0.866265 0.484672
vt 0.839116 0.767572
vt 0.847455 0.739375
vt 0.857289 0.771898
vt 0.720034 0.052963
vt 0.708106 0.840236
vt 0.303200 0.444889
vt 0.304791 0.401611
vt 0.128052 0.514021
vt 0.110854 0.537414
vt 0.102161 0.524086
vt 0.501198 0.468728
vt 0.707090 0.126885
vt 0.824498 0.754576
vt 0.122040 0.233858
vt 0.124737 0.252177
vt 0.358853 0.290308
vt 0.372981 0.263130
vt 0.298839 0.132037
vt 0.326336 0.166335
vt 0.287260 0.157494
vt 0.288208 0.185579
vt 0.267754 0.175784
vt 0.704307 0.176133
vt 0.251799 0.091265
vt 0.235481 0.085351
vt 0.401752 0.809771
vt 0.375522 0.775495
vt 0.570671 0.074498
vt 0.565503 0.101810
vt 0.801857 0.002028
vt 0.193154 0.576714
vt 0.937121 0.753067
vt 0.898737 0.774228
vt 0.902365 0.751913
vt 0.803626 0.785286
vt 0.783220 0.755935
vt 0.873055 0.403582
vt 0.471029 0.430292
vt 0.464691 0.412278
vt 0.478516 0.399305
vt 0.822552 0.608741
vt 0.852881 0.597503
vt 0.748535 0.242060
vt 0.728415 0.243171
vt 0.736234 0.221444
vt 0.891984 0.231832
vt 0.355146 0.823901
vt 0.327824 0.140388
vt 0.325807 0.113663
vt 0.245713 0.200024
vt 0.147738 0.527681
vt 0.435551 0.121120
vt 0.418689 0.118317
vt 0.122107 0.181682
vt 0.041747 0.153625
vt 0.237714 0.399703
vt 0.218191 0.390824
vt 0.238177 0.354702
vt 0.666063 0.716908
vt 0.645411 0.745876
vt 0.643960 0.719323
vt 0.165468 0.552695
vt 0.748856 0.138870
vt 0.762982 0.159884
vt 0.437769 0.137040
vt 0.580891 0.426561
vt 0.563642 0.229312
vt 0.084810 0.149531
vt 0.113233 0.365372
vt 0.116986 0.331171
vt 0.183323 0.106225
vt 0.194666 0.127532
vt 0.451884 0.447108
vt 0.067038 0.458897
vt 0.805455 0.432432
vt 0.209173 0.409487
vt 0.895918 0.304147
vt 0.933437 0.311277
vt 0.174456 0.790673
vt 0.979450 0.928278
vt 0.798126 0.202734
vt 0.623490 0.238332
vt 0.632018 0.214907
vt 0.466256 0.690626
vt 0.790280 0.897084
vt 0.780214 0.879613
vt 0.281056 0.469596
vt 0.266945 0.501990
vt 0.250764 0.479316
vt 0.836318 0.970503
vt 0.831545 0.987980
vt 0.807058 0.982365
vt 0.133132 0.038328
vt 0.178616 0.026465
vt 0.086163 0.823914
vt 0.200849 0.217633
vt 0.865884 0.224569
vt 0.860365 0.247138
vt 0.492311 0.415550
vt 0.768735 0.237547
vt 0.825821 0.077844
vt 0.831217 0.048175
vt 0.837933 0.063229
vt 0.696611 0.249873
vt 0.690478 0.220721
vt 0.716910 0.265423
vt 0.129757 0.121008
vt 0.281533 0.078425
vt 0.297537 0.104411
vt 0.267687 0.133599
vt 0.844019 0.335187
vt 0.836181 0.354134
vt 0.825617 0.340294
vt 0.835694 0.530505
vt 0.846604 0.505847
vt 0.209745 0.352359
vt 0.205876 0.372193
vt 0.115478 0.436308
vt 0.150172 0.440895
vt 0.049619 0.601190
vt 0.852245 0.357635
vt 0.110561 0.155679
vt 0.127227 0.147834
vt 0.525941 0.040680
vt 0.552657 0.063160
vt 0.148914 0.580557
vt 0.211940 0.679095
vt 0.866427 0.582175
vt 0.873332 0.561930
vt 0.505059 0.358068
vt 0.511552 0.337797
vt 0.937075 0.896639
vt 0.765049 0.816127
vt 0.025676 0.002840
vt 0.027419 0.026901
vt 0.002134 0.033305
vt 0.643210 0.888550
vt 0.543590 0.721234
vt 0.320769 0.560650
vt 0.133350 0.811576
vt 0.141249 0.554678
vt 0.410096 0.902321
vt 0.597806 0.862264
vt 0.080343 0.312603
vt 0.148241 0.418018
vt 0.850747 0.457811
vt 0.098893 0.752129
vt 0.096594 0.778286
vt 0.084480 0.767945
vt 0.889551 0.153800
vt 0.907050 0.181235
vt 0.058365 0.364184
vt 0.248981 0.322722
vt 0.888858 0.268080
vt 0.917012 0.261736
vt 0.577821 0.382460
vt 0.568331 0.370568
vt 0.695695 0.161860
vt 0.228964 0.871365
vt 0.275614 0.432345
vt 0.306169 0.082138
vt 0.946897 0.987844
vt 0.425226 0.385713
vt 0.549394 0.902825
vt 0.610322 0.196503
vt 0.866503 0.277560
vt 0.266303 0.519576
vt 0.632280 0.134200
vt 0.611252 0.142407
vt 0.616555 0.122769
vt 0.080416 0.496285
vt 0.299266 0.328134
vt 0.890761 0.670647
vt 0.946803 0.685520
vt 0.271068 0.048579
vt 0.270256 0.272876
vt 0.623611 0.659494
vt 0.019343 0.135980
vt 0.028009 0.469424
vt 0.805911 0.580956
vt 0.778458 0.563730
vt 0.831915 0.581900
vt 0.779867 0.630543
vt 0.805074 0.614976
vt 0.913425 0.222429
vt 0.794403 0.152412
vt 0.808997 0.119351
vt 0.821194 0.146821
vt 0.197597 0.166928
vt 0.164700 0.245529
vt 0.630201 0.814355
vt 0.671123 0.860348
vt 0.175755 0.381362
vt 0.194090 0.350979
vt 0.620204 0.510130
vt 0.600697 0.476301
vt 0.498273 0.101030
vt 0.450568 0.155425
vt 0.512388 0.225871
vt 0.516251 0.393396
vt 0.509622 0.679794
vt 0.515616 0.711541
vt 0.495784 0.701646
vt 0.494453 0.337219
vt 0.505128 0.312062
vt 0.559980 0.924888
vt 0.281374 0.971504
vt 0.274153 0.953530
vt 0.761742 0.771069
vt 0.812889 0.836255
vt 0.577374 0.610834
vt 0.579785 0.591432
vt 0.609211 0.591371
vt 0.828123 0.106783
vt 0.813670 0.095403
vt 0.879668 0.373004
vt 0.854375 0.386573
vt 0.749498 0.754463
vt 0.522748 0.208594
vt 0.185079 0.648811
vt 0.652463 0.615808
vt 0.652488 0.636869
vt 0.595765 0.617310
vt 0.219031 0.333810
vt 0.876941 0.727256
vt 0.902135 0.726928
vt 0.772359 0.125092
vt 0.419928 0.520647
vt 0.440874 0.512157
vt 0.825751 0.163914
vt 0.838800 0.168034
vt 0.834127 0.433165
vt 0.851979 0.409086
vt 0.545614 0.425080
vt 0.800281 0.176331
vt 0.208191 0.805019
vt 0.735926 0.450449
vt 0.721092 0.429852
vt 0.550958 0.689719
vt 0.529639 0.689230
vt 0.524461 0.654871
vt 0.714578 0.224343
vt 0.576640 0.397578
vt 0.318220 0.887652
vt 0.807465 0.654623
vt 0.773077 0.598387
vt 0.618398 0.156797
vt 0.478531 0.368550
vt 0.575267 0.845886
vt 0.661761 0.826856
vt 0.712365 0.330395
vt 0.471185 0.616123
vt 0.592395 0.380399
vt 0.215298 0.486975
vt 0.692133 0.881641
vt 0.669944 0.439383
vt 0.664778 0.426340
vt 0.818254 0.297863
vt 0.821003 0.317201
vt 0.586323 0.187995
vt 0.595314 0.178022
vt 0.241632 0.702993
vt 0.629844 0.918946
vt 0.777563 0.937056
vt 0.758175 0.955237
vt 0.444311 0.905900
vt 0.286094 0.559140
vt 0.277173 0.593650
vt 0.252017 0.578210
vt 0.196659 0.460360
vt 0.348139 0.488513
vt 0.329156 0.487103
vt 0.040121 0.449609
vt 0.063438 0.876613
vt 0.883932 0.074928
vt 0.599811 0.759633
vt 0.572023 0.731597
vt 0.470945 0.309725
vt 0.164177 0.062719
vt 0.262531 0.610463
vt 0.296807 0.575889
vt 0.143451 0.253590
vt 0.322323 0.244493
vt 0.573494 0.755343
vt 0.885463 0.100794
vt 0.868979 0.092575
vt 0.804713 0.073003
vt 0.291658 0.530168
vt 0.810547 0.900797
vt 0.160790 0.893781
vt 0.165319 0.122052
vt 0.160125 0.147208
vt 0.677680 0.554717
vt 0.659435 0.566209
vt 0.666140 0.531430
vt 0.252784 0.176167
vt 0.409582 0.502774
vt 0.534323 0.227722
vt 0.583177 0.783097
vt 0.558824 0.782850
vt 0.133137 0.337958
vt 0.591371 0.810680
vt 0.098050 0.798858
vt 0.395171 0.527759
vt 0.328419 0.463825
vt 0.071001 0.813334
vt 0.075181 0.799985
vt 0.751440 0.261009
vt 0.357832 0.661797
vt 0.469090 0.120089
vt 0.308048 0.199428
vt 0.933764 0.920338
vt 0.130131 0.669236
vt 0.145504 0.652799
vt 0.150041 0.713968
vt 0.001944 0.194600
vt 0.880184 0.757661
vt 0.863749 0.753262
vt 0.577222 0.699981
vt 0.234651 0.438674
vt 0.661708 0.770711
vt 0.388492 0.320619
vt 0.700531 0.210626
vt 0.443929 0.976334
vt 0.799428 0.852546
vt 0.730079 0.263955
vt 0.682369 0.509424
vt 0.844945 0.098341
vt 0.934528 0.441661
vt 0.676497 0.342777
vt 0.253709 0.914633
vt 0.853819 0.140019
vt 0.773178 0.147996
vt 0.783067 0.173635
vt 0.322354 0.959662
vt 0.599886 0.405984
vt 0.597308 0.435498
vt 0.488661 0.049035
vt 0.637213 0.523584
vt 0.867428 0.701692
vt 0.940379 0.598089
vt 0.439088 0.702778
vt 0.808628 0.810468
vt 0.867543 0.666967
vt 0.553409 0.261924
vt 0.742276 0.018533
vt 0.736707 0.036837
vt 0.721277 0.022641
vt 0.630491 0.182122
vt 0.758437 0.032361
vt 0.543265 0.929884
vt 0.550507 0.950963
vt 0.833671 0.134579
vt 0.068058 0.105143
vt 0.063309 0.089782
vt 0.671025 0.585026
vt 0.647181 0.585637
vt 0.871093 0.980378
vt 0.554534 0.161772
vt 0.512203 0.544110
vt 0.328898 0.669442
vt 0.171081 0.174059
vt 0.655484 0.164084
vt 0.673956 0.179170
vt 0.753852 0.196564
vt 0.595167 0.632336
vt 0.346962 0.412157
vt 0.382352 0.289393
vt 0.039017 0.097385
vt 0.010114 0.085378
vt 0.315552 0.221315
vt 0.298926 0.235237
vt 0.685342 0.911580
vt 0.704634 0.903792
vt 0.276863 0.391179
vt 0.907638 0.546277
vt 0.011259 0.235880
vt 0.881859 0.127779
vt 0.047362 0.568882
vt 0.118755 0.739293
vt 0.801077 0.319031
vt 0.801769 0.349863
vt 0.534403 0.283336
vt 0.695508 0.526354
vt 0.573502 0.468804
vt 0.254859 0.673435
vt 0.719706 0.875417
vt 0.735417 0.890939
vt 0.095365 0.172371
vt 0.074284 0.785927
vt 0.054529 0.803123
vt 0.060372 0.782366
vt 0.199470 0.002828
vt 0.112930 0.079745
vt 0.140331 0.094834
vt 0.253089 0.119190
vt 0.497801 0.029122
vt 0.023841 0.105540
vt 0.002712 0.107250
vt 0.651224 0.128764
vt 0.637301 0.108794
vt 0.678881 0.730953
vt 0.765592 0.273384
vt 0.792822 0.912928
vt 0.487187 0.383331
vt 0.067193 0.217191
vt 0.183471 0.325514
vt 0.899161 0.707297
vt 0.728479 0.333001
vt 0.791924 0.761874
vt 0.776286 0.722822
vt 0.793991 0.959052
vt 0.794375 0.942224
vt 0.237835 0.299524
vt 0.822430 0.003402
vt 0.424229 0.873496
vt 0.526917 0.958013
vt 0.095288 0.203817
vt 0.242003 0.959203
vt 0.261905 0.935227
vt 0.517400 0.299488
vt 0.262937 0.149595
vt 0.151568 0.075968
vt 0.258017 0.424413
vt 0.641781 0.153619
vt 0.463048 0.036825
vt 0.002745 0.493592
vt 0.719679 0.891686
vt 0.327428 0.204404
vt 0.343624 0.164993
vt 0.213490 0.948594
vt 0.397704 0.553461
vt 0.842314 0.154166
vt 0.782500 0.062640
vt 0.770190 0.083618
vt 0.847341 0.996764
vt 0.228245 0.215274
vt 0.414923 0.649838
vt 0.669106 0.234896
vt 0.512679 0.194389
vt 0.616462 0.097517
vt 0.591392 0.077094
vt 0.463905 0.896251
vt 0.129315 0.056214
vt 0.928174 0.412559
vt 0.922729 0.378383
vt 0.019980 0.277170
vt 0.442369 0.415469
vt 0.275233 0.539865
vt 0.530127 0.307075
vt 0.775194 0.968182
vt 0.133331 0.935410
vt 0.134705 0.072611
vt 0.771927 0.198339
vt 0.373646 0.545630
vt 0.744321 0.282712
vt 0.760094 0.289382
vt 0.741938 0.317022
vt 0.458468 0.136672
vt 0.450345 0.620367
vt 0.518562 0.647938
vt 0.854087 0.696451
vt 0.567291 0.685527
vt 0.963100 0.905241
vt 0.861214 0.157774
vt 0.735945 0.854992
vt 0.071650 0.890885
vt 0.659070 0.125231
vt 0.294237 0.495666
vt 0.680644 0.204171
vt 0.188338 0.953551
vt 0.726272 0.002578
vt 0.722213 0.305939
vt 0.948187 0.770116
vt 0.965146 0.996644
vt 0.616847 0.698763
vt 0.777222 0.668047
vt 0.480266 0.001955
s 1
usemtl M_Croissant_02a
f 665/1/1 207/2/2 653/3/3
f 624/4/4 460/5/5 626/6/6
f 243/7/7 242/8/8 237/9/9
f 105/10/10 557/11/11 397/12/12
f 447/13/13 455/14/14 451/15/15
f 293/16/16 9/17/17 292/18/18
f 720/19/19 737/20/20 744/21/21
f 722/22/22 716/23/23 720/24/19
f 201/25/24 286/26/25 496/27/26
f 4/28/27 738/29/28 750/30/29
f 634/31/30 669/32/31 621/33/32
f 582/34/33 666/35/34 578/36/35
f 883/37/36 774/38/37 864/39/38
f 596/40/39 602/41/40 604/42/41
f 473/43/42 847/44/43 890/45/44
f 515/46/45 137/47/46 383/48/47
f 540/49/48 132/50/49 175/51/50
f 131/52/51 545/53/52 548/54/53
f 489/55/54 76/56/55 374/57/56
f 171/58/57 567/59/58 882/60/59
f 429/61/60 434/62/61 428/63/62
f 228/64/63 83/65/64 384/66/65
f 222/67/66 536/68/67 126/69/68
f 42/70/69 811/71/70 814/72/71
f 411/73/72 474/74/73 80/75/74
f 188/76/75 66/77/76 192/78/77
f 116/79/78 571/80/79 88/81/80
f 836/82/81 833/83/82 303/84/83
f 303/84/83 134/85/84 827/86/85
f 29/87/86 178/88/87 269/89/88
f 96/90/89 341/91/90 123/92/91
f 672/93/92 633/94/93 671/95/94
f 539/96/95 131/52/51 548/54/53
f 549/97/96 507/98/97 408/99/98
f 257/100/99 756/101/100 909/102/101
f 471/103/102 487/104/103 472/105/104
f 54/106/105 536/68/67 539/96/95
f 813/107/106 479/108/107 20/109/108
f 118/110/109 723/111/110 199/112/111
f 870/113/112 849/114/113 856/115/114
f 914/116/115 71/117/116 900/118/117
f 616/119/118 874/120/119 866/121/120
f 115/122/121 435/123/122 908/124/123
f 389/125/124 778/126/125 777/127/126
f 116/79/78 884/128/127 866/121/120
f 366/129/128 523/130/129 96/131/89
f 272/132/130 366/129/128 96/131/89
f 358/133/131 517/134/132 537/135/133
f 595/136/134 602/41/40 596/40/39
f 225/137/135 284/138/136 393/139/137
f 122/140/138 120/141/139 57/142/140
f 13/143/141 384/66/65 561/144/142
f 772/145/143 84/146/144 773/147/145
f 407/148/146 259/149/147 316/150/148
f 716/23/23 118/110/109 725/151/149
f 161/152/150 823/153/151 396/154/152
f 10/155/153 757/156/154 764/157/155
f 46/158/156 477/159/157 468/160/158
f 484/161/159 479/108/107 909/102/101
f 245/162/160 516/163/161 528/164/162
f 497/165/163 509/166/164 502/167/165
f 208/168/166 250/169/167 191/170/168
f 68/171/169 409/172/170 408/99/98
f 80/75/74 474/74/73 569/173/171
f 245/162/160 246/174/172 519/175/173
f 339/176/174 337/177/175 333/178/176
f 318/179/177 304/180/178 321/181/179
f 72/182/180 789/183/181 795/184/182
f 157/185/183 775/186/184 899/187/185
f 132/50/49 177/188/186 176/189/187
f 596/40/39 609/190/188 650/191/189
f 15/192/190 487/104/103 466/193/191
f 307/194/192 133/195/193 124/196/194
f 118/110/109 583/197/195 582/34/33
f 570/198/196 214/199/197 549/97/96
f 402/200/198 311/201/199 2/202/200
f 18/203/201 261/204/202 29/87/86
f 466/193/191 487/104/103 471/103/102
f 870/113/112 855/205/203 849/114/113
f 149/206/204 389/125/124 777/127/126
f 21/207/205 25/208/206 16/209/207
f 120/141/139 296/210/208 59/211/209
f 570/198/196 215/212/210 214/199/197
f 86/213/211 340/214/212 486/215/213
f 446/216/214 573/217/215 893/218/216
f 199/112/111 732/219/217 585/220/218
f 478/221/219 446/222/214 893/223/216
f 277/224/220 283/225/221 281/226/222
f 172/227/223 173/228/224 150/229/225
f 460/5/5 481/230/226 632/231/227
f 542/232/228 267/233/229 87/234/230
f 482/235/231 561/144/142 384/66/65
f 761/236/232 757/156/154 758/237/233
f 73/238/234 181/239/235 750/30/29
f 459/240/236 329/241/237 444/242/238
f 869/243/239 161/152/150 396/154/152
f 273/244/240 288/245/241 285/246/242
f 636/247/243 647/248/244 639/249/245
f 352/250/246 365/251/247 345/252/248
f 180/253/249 492/254/250 262/255/251
f 697/256/252 695/257/253 694/258/254
f 190/259/255 91/260/256 559/261/257
f 477/159/157 3/262/258 8/263/259
f 747/264/260 709/265/261 714/266/262
f 36/267/263 68/171/169 408/99/98
f 549/97/96 552/268/264 507/98/97
f 415/269/265 170/270/266 842/271/267
f 337/177/175 285/246/242 520/272/268
f 339/176/174 393/139/137 284/138/136
f 26/273/269 825/274/270 822/275/271
f 838/276/272 852/277/273 856/115/114
f 252/278/274 399/279/275 409/172/170
f 694/258/254 704/280/276 697/256/252
f 247/281/277 244/282/278 293/16/16
f 311/201/199 463/283/279 2/202/200
f 48/284/280 311/285/199 50/286/281
f 93/287/282 454/288/283 386/289/284
f 103/290/285 772/145/143 776/291/286
f 118/110/109 716/23/23 723/111/110
f 558/292/287 70/293/288 563/294/289
f 594/295/290 614/296/291 579/297/292
f 470/298/293 567/59/58 301/299/294
f 168/300/295 164/301/296 159/302/297
f 829/303/298 659/304/299 830/305/300
f 87/234/230 88/81/80 571/80/79
f 46/158/156 471/103/102 469/306/301
f 32/307/302 34/308/303 33/309/304
f 684/310/305 376/311/306 864/39/38
f 129/312/307 213/313/308 668/314/309
f 153/315/310 61/316/311 193/317/312
f 178/88/87 529/318/313 265/319/314
f 385/320/315 274/321/316 285/246/242
f 440/322/317 158/323/318 156/324/319
f 422/325/320 431/326/321 432/327/322
f 792/328/323 788/329/324 784/330/325
f 723/111/110 716/23/23 722/22/22
f 31/331/326 38/332/327 70/333/288
f 320/334/328 322/335/329 328/336/330
f 275/337/331 279/338/332 276/339/333
f 332/340/334 30/341/335 554/342/336
f 172/227/223 163/343/337 166/344/338
f 178/88/87 263/345/339 255/346/340
f 909/102/101 479/108/107 917/347/341
f 283/225/221 86/213/211 486/215/213
f 71/117/116 876/348/342 918/349/343
f 714/266/262 452/350/344 706/351/345
f 884/128/127 116/79/78 699/352/346
f 141/353/347 127/354/348 136/355/349
f 36/267/263 408/99/98 507/98/97
f 419/356/350 814/72/71 812/357/351
f 725/151/149 721/358/352 716/23/23
f 590/359/353 904/360/354 592/361/355
f 867/362/356 858/363/357 869/243/239
f 194/364/358 240/365/359 152/366/360
f 297/367/361 474/74/73 191/170/168
f 73/238/234 738/29/28 762/368/362
f 432/327/322 158/323/318 440/322/317
f 184/369/363 197/370/364 41/371/365
f 66/77/76 386/289/284 63/372/366
f 44/373/367 34/374/303 56/375/368
f 190/259/255 221/376/369 375/377/370
f 203/378/371 266/379/372 331/380/373
f 37/381/374 47/382/375 34/374/303
f 96/131/89 289/383/376 272/132/130
f 249/384/377 256/385/378 251/386/379
f 261/204/202 18/203/201 25/208/206
f 58/387/380 44/373/367 56/375/368
f 116/79/78 859/388/381 571/80/79
f 71/117/116 892/389/382 876/348/342
f 287/390/383 280/391/384 272/132/130
f 400/392/385 611/393/386 607/394/387
f 269/89/88 264/395/388 270/396/389
f 891/397/390 892/398/382 889/399/391
f 56/375/368 47/382/375 114/400/392
f 28/401/393 882/60/59 567/59/58
f 443/402/394 533/403/395 453/404/396
f 613/405/397 600/406/398 603/407/399
f 7/408/400 83/65/64 228/64/63
f 838/276/272 681/409/401 852/277/273
f 75/410/402 717/411/403 727/412/404
f 9/17/17 293/16/16 311/285/199
f 658/413/405 652/414/406 661/415/407
f 497/416/163 503/417/408 509/418/164
f 678/419/409 848/420/410 850/421/411
f 397/12/12 557/11/11 297/367/361
f 617/422/412 196/423/413 188/76/75
f 323/424/414 278/425/415 260/426/416
f 890/45/44 903/427/417 845/428/418
f 153/315/310 194/364/358 155/429/419
f 814/72/71 896/430/420 900/118/117
f 161/152/150 848/420/410 823/153/151
f 49/431/421 540/49/48 175/51/50
f 181/239/235 764/157/155 751/432/422
f 327/433/423 328/336/330 322/335/329
f 869/243/239 858/363/357 870/113/112
f 540/49/48 54/106/105 539/96/95
f 608/434/424 602/435/40 595/436/134
f 418/437/425 370/438/426 372/439/427
f 582/34/33 578/36/35 667/440/428
f 786/441/429 785/442/430 807/443/431
f 418/437/425 896/430/420 419/356/350
f 294/444/432 52/445/433 60/446/434
f 283/225/221 323/424/414 86/213/211
f 129/312/307 212/447/435 213/313/308
f 773/147/145 820/448/436 839/449/437
f 179/450/438 492/254/250 180/253/249
f 58/451/380 60/446/434 55/452/439
f 275/337/331 276/339/333 277/453/220
f 365/251/247 352/250/246 354/454/440
f 319/455/441 325/456/442 322/335/329
f 907/457/443 915/458/444 897/459/445
f 192/460/77 813/107/106 525/461/446
f 658/413/405 655/462/447 412/463/448
f 338/464/449 898/465/450 890/45/44
f 132/50/49 61/316/311 177/188/186
f 332/340/334 48/284/280 30/341/335
f 542/232/228 17/466/451 15/192/190
f 77/467/452 62/468/453 487/104/103
f 307/194/192 37/381/374 41/371/365
f 471/469/102 381/470/454 508/471/455
f 295/472/456 306/473/457 304/180/178
f 239/474/458 608/434/424 593/475/459
f 751/432/422 754/476/460 753/477/461
f 185/478/462 380/479/463 683/480/464
f 808/481/465 863/482/466 846/483/467
f 251/386/379 279/338/332 231/484/468
f 52/445/433 9/17/17 311/285/199
f 222/67/66 531/485/469 530/486/470
f 452/487/344 719/488/471 436/489/472
f 480/490/473 335/491/474 483/492/475
f 349/493/476 804/494/477 872/495/478
f 200/496/479 182/497/480 388/498/481
f 146/499/482 609/190/188 610/500/483
f 500/501/484 22/502/485 15/192/190
f 801/503/486 803/504/487 872/495/478
f 579/297/292 572/505/488 575/506/489
f 368/507/490 852/277/273 850/421/411
f 299/508/491 305/509/492 306/510/457
f 61/316/311 547/511/493 544/512/494
f 519/175/173 516/163/161 245/162/160
f 636/247/243 637/513/495 647/248/244
f 405/514/496 494/515/497 64/516/498
f 22/502/485 500/501/484 14/517/499
f 888/518/500 67/519/501 882/60/59
f 568/520/502 190/259/255 559/261/257
f 464/521/503 311/285/199 293/16/16
f 153/315/310 154/522/504 173/228/224
f 96/90/89 347/523/505 341/91/90
f 704/280/276 690/524/506 691/525/507
f 382/526/508 510/527/509 536/528/67
f 752/529/510 601/530/511 748/531/512
f 704/280/276 691/525/507 377/532/513
f 831/533/514 832/534/515 834/535/516
f 633/94/93 648/536/517 219/537/518
f 877/538/519 915/458/444 907/457/443
f 491/539/520 488/540/521 498/541/522
f 675/542/523 681/409/401 851/543/524
f 378/544/525 227/545/526 397/12/12
f 764/157/155 181/239/235 763/546/527
f 405/514/496 64/516/498 504/547/528
f 35/548/529 786/549/429 784/330/325
f 728/550/530 741/551/531 739/552/532
f 170/553/266 843/554/533 513/555/534
f 674/556/535 851/543/524 838/276/272
f 415/269/265 838/276/272 849/114/113
f 87/234/230 571/80/79 81/557/536
f 162/558/537 492/254/250 169/559/538
f 194/364/358 156/324/319 155/429/419
f 26/273/269 822/275/271 819/560/539
f 329/241/237 350/561/540 334/562/541
f 192/460/77 66/563/76 65/564/542
f 400/565/385 607/566/387 761/236/232
f 376/311/306 756/101/100 257/100/99
f 819/560/539 822/275/271 832/534/515
f 297/367/361 378/544/525 397/12/12
f 474/74/73 85/567/543 208/168/166
f 38/568/327 31/569/326 36/267/263
f 368/507/490 850/421/411 848/420/410
f 444/242/238 437/570/544 433/571/545
f 270/396/389 273/244/240 274/321/316
f 308/572/546 262/255/251 492/254/250
f 92/573/547 298/574/548 195/575/549
f 134/85/84 303/84/83 833/83/82
f 437/570/544 451/15/15 433/571/545
f 194/364/358 439/576/550 240/365/359
f 599/577/551 600/406/398 613/405/397
f 275/337/331 282/578/552 391/579/553
f 368/507/490 857/580/554 161/152/150
f 548/54/53 544/512/494 547/511/493
f 436/489/472 719/488/471 717/411/403
f 446/222/214 478/221/219 774/38/37
f 377/532/513 383/48/47 137/47/46
f 116/79/78 866/121/120 859/388/381
f 793/581/555 784/330/325 786/549/429
f 251/386/379 231/484/468 241/582/556
f 131/52/51 539/96/95 530/486/470
f 491/539/520 498/541/522 499/583/557
f 170/270/266 844/584/558 843/585/533
f 819/560/539 841/586/559 820/448/436
f 806/587/560 906/588/561 901/589/562
f 203/378/371 358/133/131 357/590/563
f 111/591/564 10/155/153 764/157/155
f 367/592/565 187/593/566 180/253/249
f 745/594/567 741/551/531 743/595/568
f 193/317/312 544/512/494 543/596/569
f 19/597/570 25/208/206 21/207/205
f 279/338/332 251/386/379 256/385/378
f 18/203/201 12/598/571 16/209/207
f 256/599/378 407/148/146 260/426/416
f 565/600/572 301/299/294 567/59/58
f 48/284/280 52/445/433 311/285/199
f 339/601/174 346/602/573 394/603/574
f 56/375/368 114/400/392 57/142/140
f 277/224/220 278/425/415 283/225/221
f 591/604/575 614/296/291 593/475/459
f 725/151/149 118/110/109 581/605/576
f 441/606/577 680/607/578 675/542/523
f 660/608/579 689/609/580 685/610/581
f 216/611/582 444/242/238 327/433/423
f 239/474/458 599/577/551 615/612/583
f 346/602/573 339/601/174 333/613/176
f 148/614/584 771/615/585 111/591/564
f 336/616/586 855/205/203 862/617/587
f 839/449/437 831/533/514 836/82/81
f 860/618/588 220/619/589 886/620/590
f 827/86/85 134/85/84 830/305/300
f 178/88/87 261/204/202 529/318/313
f 548/54/53 545/53/52 544/512/494
f 887/621/591 877/538/519 885/622/592
f 752/529/510 605/623/593 601/530/511
f 361/624/594 801/503/486 794/625/595
f 515/46/45 268/626/596 271/627/597
f 131/52/51 531/485/469 533/403/395
f 806/587/560 863/482/466 906/588/561
f 454/628/283 406/629/598 388/498/481
f 454/288/283 405/630/496 386/289/284
f 411/73/72 85/567/543 474/74/73
f 133/195/193 197/370/364 127/354/348
f 67/519/501 286/26/25 171/58/57
f 401/631/599 525/461/446 813/107/106
f 88/81/80 268/626/596 515/46/45
f 35/632/529 389/633/124 782/634/600
f 730/635/601 732/219/217 733/636/602
f 470/298/293 28/401/393 567/59/58
f 28/401/393 888/518/500 882/60/59
f 301/299/294 550/637/603 470/298/293
f 421/638/604 420/639/605 426/640/606
f 418/437/425 505/641/607 493/642/608
f 24/643/609 729/644/610 735/645/611
f 315/646/612 129/312/307 668/314/309
f 302/647/613 542/232/228 22/502/485
f 46/158/156 469/306/301 477/159/157
f 444/242/238 433/571/545 455/14/14
f 847/44/43 338/464/449 890/45/44
f 918/648/343 860/618/588 797/649/614
f 141/353/347 124/196/194 127/354/348
f 877/538/519 907/457/443 880/650/615
f 219/537/518 670/651/616 660/608/579
f 201/25/24 171/58/57 286/26/25
f 471/469/102 369/652/617 475/653/618
f 446/222/214 774/38/37 883/37/36
f 459/240/236 350/561/540 329/241/237
f 255/346/340 282/578/552 366/129/128
f 285/246/242 337/177/175 385/320/315
f 103/290/285 770/654/619 772/145/143
f 203/378/371 357/590/563 266/379/372
f 738/29/28 744/21/21 742/655/620
f 383/48/47 699/352/346 515/46/45
f 417/656/621 644/657/622 645/658/623
f 739/659/532 718/660/624 728/661/530
f 669/32/31 657/662/625 621/33/32
f 597/663/626 598/664/627 603/407/399
f 553/665/628 399/279/275 252/278/274
f 451/15/15 449/666/629 447/13/13
f 154/522/504 142/667/630 150/229/225
f 745/594/567 743/595/568 746/668/631
f 68/171/169 36/267/263 31/569/326
f 654/669/632 610/500/483 826/670/633
f 5/671/634 795/184/182 796/672/635
f 216/611/582 309/673/636 421/638/604
f 809/674/637 596/40/39 672/93/92
f 126/675/68 491/539/520 499/583/557
f 642/676/638 655/462/447 644/657/622
f 444/242/238 329/241/237 327/433/423
f 290/677/639 842/678/267 513/555/534
f 230/679/640 105/10/10 397/12/12
f 243/7/7 314/680/641 242/8/8
f 892/389/382 67/519/501 888/518/500
f 169/559/538 167/681/642 162/558/537
f 164/301/296 165/682/643 151/683/644
f 225/137/135 149/206/204 702/684/645
f 58/451/380 45/685/646 44/686/367
f 624/4/4 525/461/446 401/631/599
f 662/687/647 635/688/648 641/689/649
f 204/690/650 210/691/651 85/692/543
f 710/693/652 787/694/653 788/329/324
f 227/545/526 250/169/167 232/695/654
f 180/253/249 262/255/251 367/592/565
f 809/674/637 595/136/134 596/40/39
f 590/359/353 592/361/355 595/436/134
f 634/31/30 481/230/226 669/32/31
f 219/537/518 637/513/495 670/651/616
f 184/369/363 549/97/96 214/199/197
f 780/696/655 820/448/436 773/147/145
f 146/499/482 610/500/483 654/669/632
f 262/255/251 217/697/656 218/698/657
f 684/310/305 864/39/38 774/38/37
f 434/62/61 423/699/658 428/63/62
f 46/158/156 466/193/191 471/103/102
f 24/643/609 735/645/611 733/700/602
f 921/701/659 89/702/660 189/703/661
f 183/704/662 169/705/538 179/706/438
f 184/369/363 41/371/365 552/268/264
f 804/494/477 801/503/486 872/495/478
f 747/264/260 714/266/262 740/707/663
f 324/708/664 798/709/665 802/710/666
f 145/711/667 532/712/668 27/713/669
f 201/25/24 495/714/670 506/715/671
f 419/356/350 370/438/426 418/437/425
f 37/381/374 552/268/264 41/371/365
f 326/716/672 645/658/623 646/717/673
f 649/718/674 146/499/482 651/719/675
f 595/436/134 592/361/355 593/475/459
f 376/311/306 257/100/99 901/720/562
f 855/205/203 336/616/586 844/584/558
f 282/578/552 255/346/340 263/345/339
f 302/647/613 270/396/389 271/627/597
f 145/711/667 480/490/473 535/721/676
f 767/722/677 768/723/678 770/654/619
f 374/724/56 405/725/496 182/497/480
f 20/109/108 479/108/107 759/726/679
f 64/516/498 494/515/497 78/727/680
f 566/728/681 496/27/26 564/729/682
f 312/730/683 130/731/684 431/326/321
f 295/732/456 292/18/18 299/508/491
f 199/112/111 585/220/218 586/733/685
f 209/734/686 1/735/687 250/736/167
f 446/216/214 912/737/688 573/217/215
f 697/256/252 704/280/276 705/738/689
f 207/2/2 628/739/690 653/3/3
f 262/255/251 218/698/657 367/592/565
f 560/740/691 241/582/556 230/679/640
f 627/741/692 689/609/580 670/651/616
f 184/369/363 214/199/197 197/370/364
f 15/192/190 17/466/451 511/742/693
f 815/743/694 846/483/467 863/482/466
f 808/481/465 901/589/562 906/588/561
f 757/156/154 826/670/633 755/744/695
f 412/463/448 300/745/696 658/413/405
f 488/540/521 491/539/520 485/746/697
f 242/747/8 229/748/698 237/749/9
f 213/313/308 207/750/2 665/751/1
f 606/752/699 609/190/188 604/42/41
f 776/291/286 772/145/143 773/147/145
f 415/269/265 674/556/535 838/276/272
f 652/414/406 146/499/482 654/669/632
f 848/420/410 645/658/623 816/753/700
f 368/507/490 848/420/410 857/580/554
f 223/754/701 683/755/464 290/677/639
f 152/366/360 438/756/702 442/757/703
f 339/176/174 284/138/136 337/177/175
f 145/711/667 535/721/676 532/712/668
f 607/394/387 611/393/386 612/758/704
f 106/759/705 384/66/65 13/143/141
f 482/235/231 557/11/11 561/144/142
f 673/760/706 680/607/578 441/606/577
f 621/33/32 670/651/616 637/513/495
f 42/761/69 797/649/614 798/709/665
f 464/521/503 243/7/7 236/762/707
f 60/763/434 59/211/209 296/210/208
f 806/587/560 901/589/562 895/764/708
f 219/537/518 660/608/579 633/94/93
f 159/302/297 151/683/644 140/765/709
f 794/625/595 792/328/323 793/581/555
f 218/698/657 226/766/710 367/592/565
f 482/235/231 558/292/287 563/294/289
f 635/688/648 460/5/5 632/231/227
f 626/6/6 460/5/5 631/767/711
f 309/673/636 321/181/179 304/180/178
f 101/768/712 95/769/713 98/770/714
f 809/674/637 672/93/92 619/771/715
f 368/507/490 161/152/150 854/772/716
f 414/773/717 419/356/350 812/357/351
f 811/71/70 791/774/718 807/443/431
f 791/775/718 793/581/555 786/549/429
f 824/776/719 396/154/152 825/274/270
f 123/92/91 341/91/90 343/777/720
f 895/764/708 898/465/450 899/187/185
f 627/741/692 484/161/159 689/609/580
f 739/552/532 737/20/20 736/778/721
f 478/221/219 904/779/354 809/674/637
f 291/780/722 353/781/723 490/782/724
f 225/137/135 393/139/137 389/125/124
f 372/439/427 363/783/725 371/784/726
f 401/631/599 759/726/679 657/662/625
f 513/555/534 480/490/473 290/677/639
f 185/785/462 683/755/464 315/646/612
f 401/631/599 813/107/106 20/109/108
f 203/378/371 329/241/237 334/562/541
f 108/786/727 920/787/728 109/788/729
f 804/494/477 349/493/476 800/789/730
f 511/742/693 77/467/452 15/192/190
f 839/449/437 836/82/81 840/790/731
f 913/791/732 580/792/733 435/123/122
f 839/449/437 840/790/731 773/147/145
f 23/793/734 828/794/735 646/717/673
f 521/795/736 350/561/540 458/796/737
f 200/496/479 195/575/549 202/797/738
f 570/198/196 410/798/739 221/376/369
f 134/85/84 829/303/298 830/305/300
f 197/370/364 214/199/197 215/212/210
f 197/370/364 215/212/210 135/799/740
f 429/61/60 428/63/62 427/800/741
f 379/801/742 701/802/743 703/803/744
f 130/731/684 119/804/745 117/805/746
f 895/764/708 901/589/562 902/806/747
f 469/306/301 252/807/274 551/808/748
f 100/809/749 733/636/602 732/219/217
f 584/810/750 583/197/195 585/220/218
f 344/811/751 351/812/752 356/813/753
f 252/278/274 475/653/618 553/665/628
f 919/814/754 920/787/728 99/815/755
f 465/816/756 526/817/757 535/721/676
f 733/636/602 100/809/749 731/818/758
f 745/594/567 742/655/620 741/551/531
f 860/618/588 798/709/665 797/649/614
f 326/716/672 828/794/735 834/535/516
f 91/260/256 90/819/759 559/261/257
f 479/108/107 813/107/106 871/820/760
f 815/743/694 863/482/466 806/587/560
f 536/528/67 510/527/509 126/675/68
f 364/821/761 354/822/440 355/823/762
f 367/592/565 335/491/474 187/593/566
f 699/352/346 383/48/47 691/525/507
f 329/241/237 203/378/371 331/380/373
f 326/716/672 834/535/516 817/824/763
f 782/634/600 404/825/764 781/826/765
f 577/827/766 597/663/626 594/295/290
f 259/149/147 313/828/767 317/829/768
f 204/690/650 30/341/335 48/284/280
f 824/776/719 869/243/239 396/154/152
f 239/474/458 594/295/290 599/577/551
f 162/558/537 110/830/769 112/831/770
f 668/314/309 185/785/462 315/646/612
f 309/673/636 216/611/582 321/181/179
f 485/746/697 253/832/771 524/833/772
f 846/483/467 815/743/694 435/123/122
f 429/61/60 450/834/773 434/62/61
f 108/786/727 110/830/769 160/835/774
f 258/836/775 391/579/553 265/319/314
f 126/69/68 499/837/557 527/838/776
f 429/61/60 427/800/741 432/327/322
f 710/839/652 707/840/777 787/841/653
f 154/522/504 150/229/225 173/228/224
f 752/529/510 748/531/512 753/842/461
f 270/396/389 274/321/316 271/627/597
f 300/745/696 651/719/675 146/499/482
f 264/395/388 280/391/384 287/390/383
f 239/474/458 615/612/583 608/434/424
f 105/10/10 230/679/640 258/836/775
f 476/843/778 429/61/60 432/327/322
f 8/263/259 467/844/779 468/160/158
f 372/439/427 362/845/780 363/783/725
f 363/783/725 514/846/781 371/784/726
f 298/574/548 95/769/713 102/847/782
f 120/141/139 122/140/138 125/848/783
f 435/123/122 815/743/694 868/849/784
f 500/501/484 468/160/158 467/844/779
f 727/412/404 387/850/785 913/791/732
f 299/508/491 294/444/432 305/509/492
f 54/106/105 540/49/48 546/851/786
f 277/224/220 276/852/333 278/425/415
f 744/21/21 737/20/20 742/655/620
f 240/365/359 445/853/787 438/756/702
f 129/312/307 315/646/612 217/697/656
f 632/231/227 638/854/788 641/689/649
f 686/855/789 573/217/215 580/792/733
f 624/4/4 401/631/599 669/32/31
f 267/233/229 542/232/228 302/647/613
f 487/104/103 15/192/190 77/467/452
f 461/856/790 245/162/160 462/857/791
f 152/366/360 440/322/317 156/324/319
f 186/858/792 335/491/474 923/859/793
f 424/860/794 298/574/548 97/861/795
f 35/632/529 785/442/430 786/441/429
f 753/842/461 735/645/611 729/644/610
f 277/453/220 281/862/222 366/129/128
f 253/832/771 485/746/697 491/539/520
f 192/78/77 617/422/412 188/76/75
f 446/216/214 883/863/36 912/737/688
f 66/563/76 64/516/498 65/564/542
f 39/864/796 79/865/797 32/307/302
f 338/464/449 847/44/43 818/866/798
f 622/867/799 625/868/800 620/869/801
f 795/184/182 5/671/634 72/182/180
f 509/166/164 499/583/557 498/541/522
f 638/854/788 634/31/30 640/870/802
f 451/15/15 437/570/544 434/62/61
f 668/871/309 665/1/1 664/872/803
f 809/674/637 590/873/353 595/136/134
f 637/513/495 636/247/243 640/870/802
f 209/874/686 250/169/167 208/168/166
f 193/317/312 543/596/569 439/576/550
f 103/290/285 148/614/584 111/591/564
f 361/624/594 324/708/664 802/710/666
f 617/422/412 625/875/800 196/423/413
f 320/334/328 316/150/148 322/335/329
f 367/592/565 226/766/710 483/492/475
f 509/166/164 498/541/522 502/167/165
f 692/876/804 330/877/805 436/489/472
f 100/809/749 723/111/110 731/818/758
f 113/878/806 307/194/192 124/196/194
f 788/329/324 789/183/181 783/879/807
f 525/461/446 620/869/801 617/880/412
f 618/881/808 625/868/800 622/867/799
f 361/624/594 794/625/595 791/775/718
f 836/82/81 303/84/83 837/882/809
f 889/399/391 911/883/810 891/397/390
f 230/679/640 231/484/468 258/836/775
f 330/877/805 692/876/804 698/884/811
f 618/885/808 198/886/812 625/875/800
f 89/702/660 51/887/813 93/287/282
f 406/629/598 92/573/547 195/575/549
f 653/3/3 629/888/814 664/872/803
f 53/889/815 58/451/380 55/452/439
f 482/235/231 556/890/816 557/11/11
f 227/545/526 378/544/525 250/169/167
f 189/703/661 89/702/660 196/423/413
f 307/194/192 47/382/375 37/381/374
f 608/434/424 595/436/134 593/475/459
f 52/445/433 48/284/280 332/340/334
f 26/273/269 880/650/615 907/457/443
f 69/891/817 796/672/635 790/892/818
f 13/143/141 105/10/10 19/597/570
f 514/893/781 360/894/819 518/895/820
f 877/538/519 873/896/821 885/622/592
f 318/179/177 310/897/822 295/472/456
f 100/809/749 199/112/111 723/111/110
f 523/130/129 366/129/128 281/862/222
f 128/898/823 90/819/759 91/260/256
f 171/58/57 201/25/24 567/59/58
f 164/301/296 151/683/644 159/302/297
f 387/850/785 581/605/576 580/792/733
f 693/899/824 115/122/121 696/900/825
f 830/305/300 652/414/406 656/901/826
f 580/792/733 913/791/732 387/850/785
f 914/116/115 566/728/681 564/729/682
f 246/174/172 527/838/776 503/417/408
f 914/116/115 900/118/117 566/728/681
f 338/464/449 157/185/183 899/187/185
f 693/899/824 623/902/827 115/122/121
f 597/663/626 603/407/399 600/406/398
f 320/334/328 407/148/146 316/150/148
f 282/578/552 263/345/339 391/579/553
f 233/903/828 227/545/526 232/695/654
f 583/197/195 666/35/34 582/34/33
f 259/149/147 314/904/641 313/828/767
f 320/334/328 323/424/414 407/148/146
f 493/642/608 490/782/724 566/728/681
f 675/542/523 380/479/463 534/905/829
f 792/328/323 784/330/325 793/581/555
f 678/419/409 645/658/623 848/420/410
f 233/903/828 463/906/279 235/907/830
f 24/643/609 734/908/831 729/644/610
f 435/123/122 115/122/121 623/902/827
f 342/909/832 520/272/268 289/383/376
f 792/328/323 789/183/181 788/329/324
f 169/559/538 492/254/250 179/450/438
f 390/910/833 202/797/738 375/377/370
f 484/161/159 909/102/101 756/101/100
f 121/911/834 887/621/591 220/619/589
f 248/912/835 292/18/18 295/732/456
f 845/913/418 810/914/836 74/915/837
f 672/93/92 651/719/675 633/94/93
f 19/597/570 265/319/314 25/208/206
f 307/194/192 113/878/806 114/400/392
f 287/390/383 272/132/130 288/245/241
f 4/28/27 724/916/838 738/29/28
f 295/732/456 299/508/491 306/510/457
f 908/124/123 866/121/120 874/120/119
f 678/419/409 417/656/621 645/658/623
f 465/816/756 535/721/676 480/490/473
f 404/825/764 395/917/839 392/918/840
f 410/798/739 570/198/196 399/279/275
f 453/404/396 533/403/395 462/857/791
f 706/919/345 436/489/472 330/877/805
f 643/920/841 638/854/788 640/870/802
f 387/850/785 727/412/404 726/921/842
f 861/922/843 843/585/533 844/584/558
f 752/529/510 753/842/461 749/923/844
f 230/679/640 241/582/556 231/484/468
f 845/428/418 74/924/837 890/45/44
f 584/810/750 577/925/766 666/35/34
f 86/213/211 323/424/414 331/380/373
f 4/926/27 729/644/610 734/908/831
f 801/503/486 795/184/182 794/625/595
f 519/175/173 512/927/845 516/163/161
f 501/928/846 196/423/413 198/886/812
f 28/401/393 862/929/587 888/518/500
f 599/577/551 613/405/397 615/612/583
f 29/87/86 14/517/499 18/203/201
f 15/192/190 22/502/485 542/232/228
f 539/96/95 548/54/53 541/930/847
f 787/841/653 777/127/126 778/126/125
f 208/168/166 191/170/168 474/74/73
f 315/646/612 683/755/464 223/754/701
f 541/930/847 540/49/48 539/96/95
f 241/582/556 227/545/526 233/903/828
f 131/52/51 533/403/395 545/53/52
f 488/540/521 506/715/671 498/541/522
f 21/207/205 12/598/571 11/931/848
f 652/414/406 658/413/405 146/499/482
f 309/673/636 420/639/605 421/638/604
f 353/781/723 495/714/670 490/782/724
f 696/900/825 874/120/119 694/258/254
f 241/582/556 233/903/828 229/748/698
f 344/811/751 356/813/753 355/823/762
f 501/928/846 198/886/812 205/932/849
f 584/933/750 587/934/850 598/664/627
f 475/935/618 252/807/274 469/306/301
f 19/597/570 106/759/705 13/143/141
f 75/410/402 913/791/732 623/902/827
f 414/773/717 812/357/351 811/71/70
f 683/755/464 842/678/267 290/677/639
f 26/273/269 907/457/443 897/459/445
f 597/663/626 584/933/750 598/664/627
f 113/878/806 119/804/745 122/140/138
f 367/592/565 483/492/475 335/491/474
f 449/666/629 456/936/851 457/937/852
f 358/133/131 537/135/133 357/590/563
f 117/805/746 113/878/806 124/196/194
f 399/279/275 553/665/628 410/798/739
f 26/273/269 897/459/445 824/776/719
f 807/443/431 414/773/717 811/71/70
f 230/679/640 397/12/12 560/740/691
f 21/207/205 16/209/207 12/598/571
f 374/724/56 182/497/480 373/938/853
f 358/133/131 522/939/854 517/134/132
f 921/701/659 99/815/755 51/887/813
f 75/410/402 692/876/804 717/411/403
f 221/376/369 190/259/255 568/520/502
f 290/677/639 226/766/710 223/754/701
f 243/7/7 244/282/278 247/281/277
f 531/485/469 131/52/51 530/486/470
f 216/611/582 327/433/423 325/456/442
f 496/27/26 286/26/25 564/729/682
f 172/227/223 150/229/225 163/343/337
f 101/768/712 102/847/782 95/769/713
f 18/203/201 14/517/499 12/598/571
f 404/825/764 346/602/573 413/940/855
f 382/526/508 532/712/668 535/721/676
f 307/194/192 114/400/392 47/382/375
f 566/728/681 896/430/420 493/642/608
f 222/67/66 461/856/790 531/485/469
f 71/117/116 797/941/614 900/118/117
f 377/532/513 137/47/46 700/942/856
f 723/111/110 722/22/22 731/818/758
f 402/200/198 1/735/687 209/734/686
f 584/810/750 585/220/218 587/943/850
f 515/46/45 699/352/346 88/81/80
f 414/773/717 416/944/857 419/356/350
f 176/189/187 183/704/662 49/431/421
f 8/263/259 11/931/848 12/598/571
f 139/945/858 142/667/630 154/522/504
f 576/946/859 574/947/860 905/948/861
f 897/459/445 867/362/356 824/776/719
f 467/844/779 8/263/259 12/598/571
f 24/643/609 733/700/602 734/908/831
f 159/302/297 140/765/709 144/949/862
f 469/306/301 471/103/102 475/935/618
f 576/946/859 688/950/863 574/947/860
f 473/43/42 74/924/837 62/468/453
f 25/208/206 265/319/314 529/318/313
f 253/832/771 510/527/509 524/833/772
f 894/951/864 902/806/747 257/952/99
f 524/833/772 301/299/294 485/746/697
f 641/689/649 643/920/841 673/760/706
f 436/489/472 717/411/403 692/876/804
f 920/787/728 107/953/865 109/788/729
f 76/56/55 810/914/836 871/820/760
f 25/208/206 529/318/313 261/204/202
f 452/350/344 708/954/866 719/955/471
f 363/956/725 364/821/761 359/957/867
f 402/958/198 50/286/281 311/285/199
f 461/856/790 246/174/172 245/162/160
f 874/120/119 115/122/121 908/124/123
f 814/72/71 900/118/117 797/941/614
f 240/365/359 443/402/394 445/853/787
f 91/260/256 190/259/255 94/959/868
f 796/672/635 800/789/730 790/892/818
f 512/927/845 519/175/173 503/417/408
f 495/714/670 353/781/723 497/165/163
f 754/476/460 751/432/422 764/157/155
f 290/677/639 483/492/475 226/766/710
f 106/759/705 228/64/63 384/66/65
f 553/665/628 369/652/617 390/910/833
f 430/960/869 323/424/414 320/334/328
f 382/526/508 27/713/669 532/712/668
f 567/59/58 201/25/24 565/600/572
f 123/961/91 289/383/376 96/131/89
f 84/146/144 772/145/143 765/962/870
f 168/300/295 108/963/727 160/964/774
f 269/89/88 270/396/389 302/647/613
f 134/85/84 833/83/82 829/303/298
f 312/730/683 119/804/745 130/731/684
f 601/530/511 588/965/871 748/531/512
f 8/263/259 468/160/158 477/159/157
f 344/811/751 355/823/762 348/966/872
f 196/423/413 921/701/659 189/703/661
f 675/542/523 674/556/535 676/967/873
f 335/491/474 145/711/667 27/713/669
f 260/426/416 278/425/415 276/852/333
f 336/616/586 862/617/587 865/968/874
f 855/205/203 844/584/558 849/114/113
f 478/221/219 809/674/637 619/771/715
f 368/507/490 854/772/716 852/277/273
f 519/175/173 246/174/172 503/417/408
f 463/283/279 464/969/503 234/970/875
f 316/150/148 319/455/441 322/335/329
f 121/911/834 910/971/876 916/972/877
f 589/973/878 686/855/789 576/974/859
f 589/973/878 573/217/215 686/855/789
f 658/413/405 300/745/696 146/499/482
f 680/607/578 679/975/879 681/409/401
f 300/745/696 412/463/448 647/248/244
f 892/389/382 879/976/880 67/519/501
f 729/977/610 4/28/27 750/30/29
f 596/40/39 604/42/41 609/190/188
f 520/272/268 288/245/241 289/383/376
f 896/430/420 814/72/71 419/356/350
f 118/110/109 582/34/33 581/605/576
f 461/856/790 222/67/66 527/838/776
f 459/240/236 444/242/238 455/14/14
f 295/472/456 304/180/178 318/179/177
f 69/891/817 5/671/634 796/672/635
f 454/628/283 388/498/481 405/725/496
f 312/730/683 125/848/783 122/140/138
f 510/527/509 382/526/508 535/721/676
f 452/487/344 436/489/472 706/919/345
f 464/969/503 463/283/279 311/201/199
f 86/213/211 331/380/373 266/379/372
f 674/556/535 415/269/265 842/271/267
f 449/666/629 450/834/773 429/61/60
f 449/666/629 451/15/15 450/834/773
f 286/26/25 914/116/115 564/729/682
f 190/259/255 375/377/370 202/797/738
f 198/886/812 628/978/690 205/932/849
f 83/65/64 482/235/231 384/66/65
f 505/641/607 418/437/425 372/439/427
f 324/708/664 42/761/69 798/709/665
f 271/627/597 274/321/316 137/47/46
f 324/708/664 361/624/594 791/775/718
f 185/478/462 534/905/829 380/479/463
f 223/754/701 218/698/657 217/697/656
f 780/696/655 773/147/145 84/146/144
f 340/214/212 86/213/211 266/379/372
f 808/979/465 376/311/306 901/720/562
f 69/891/817 72/182/180 5/671/634
f 256/385/378 249/384/377 254/980/881
f 106/759/705 19/597/570 21/207/205
f 780/696/655 819/560/539 820/448/436
f 922/981/882 27/713/669 538/982/883
f 58/387/380 59/211/209 60/763/434
f 143/983/884 136/355/349 139/945/858
f 895/764/708 894/951/864 898/465/450
f 514/893/781 518/895/820 353/984/723
f 74/924/837 473/43/42 890/45/44
f 500/501/484 467/844/779 14/517/499
f 614/296/291 239/474/458 593/475/459
f 520/272/268 285/246/242 288/245/241
f 457/937/852 448/985/885 447/13/13
f 465/816/756 480/490/473 513/555/534
f 755/744/695 400/565/385 761/236/232
f 476/843/778 449/666/629 429/61/60
f 66/563/76 63/986/366 64/516/498
f 142/667/630 424/860/794 150/229/225
f 379/801/742 703/803/744 777/127/126
f 816/753/700 645/658/623 817/824/763
f 149/206/204 703/803/744 702/684/645
f 247/281/277 248/912/835 295/732/456
f 597/663/626 599/577/551 594/295/290
f 178/88/87 29/87/86 261/204/202
f 312/730/683 431/326/321 422/325/320
f 308/572/546 492/254/250 162/558/537
f 687/987/886 667/440/428 575/988/489
f 459/240/236 455/14/14 448/985/885
f 855/205/203 889/399/391 862/617/587
f 814/72/71 811/71/70 812/357/351
f 515/46/45 271/627/597 137/47/46
f 396/154/152 822/275/271 825/274/270
f 760/989/887 767/722/677 770/654/619
f 224/990/888 234/991/875 238/992/889
f 149/206/204 777/127/126 703/803/744
f 262/255/251 129/312/307 217/697/656
f 536/68/67 530/486/470 539/96/95
f 389/633/124 394/603/574 395/917/839
f 629/888/814 631/767/711 635/688/648
f 35/548/529 784/330/325 778/993/125
f 10/155/153 111/591/564 771/615/585
f 390/910/833 508/471/455 381/470/454
f 712/994/890 715/995/891 714/266/262
f 522/939/854 516/163/161 518/895/820
f 227/545/526 241/582/556 560/740/691
f 872/495/478 803/504/487 805/996/892
f 712/994/890 714/266/262 706/351/345
f 675/542/523 851/543/524 674/556/535
f 836/82/81 831/533/514 829/303/298
f 547/511/493 541/930/847 548/54/53
f 98/770/714 95/769/713 92/573/547
f 489/997/54 374/724/56 373/938/853
f 225/137/135 385/320/315 284/138/136
f 603/407/399 605/623/593 612/758/704
f 236/998/707 238/999/889 234/970/875
f 142/667/630 91/260/256 424/860/794
f 178/88/87 265/319/314 263/345/339
f 23/793/734 661/415/407 659/304/299
f 298/574/548 94/959/868 190/259/255
f 522/939/854 521/795/736 516/163/161
f 506/715/671 488/540/521 565/600/572
f 302/647/613 271/627/597 267/233/229
f 224/990/888 229/748/698 233/903/828
f 702/684/645 703/803/744 377/532/513
f 522/939/854 518/895/820 517/134/132
f 814/72/71 797/941/614 42/70/69
f 253/832/771 491/539/520 126/675/68
f 920/1000/728 101/768/712 99/1001/755
f 823/153/151 848/420/410 816/753/700
f 915/458/444 877/538/519 887/621/591
f 837/882/809 840/790/731 836/82/81
f 627/741/692 670/651/616 621/33/32
f 465/816/756 470/298/293 550/637/603
f 672/93/92 649/718/674 651/719/675
f 887/621/591 885/622/592 886/620/590
f 745/594/567 746/668/631 760/989/887
f 687/987/886 686/855/789 581/605/576
f 64/516/498 78/727/680 65/564/542
f 415/269/265 844/584/558 170/270/266
f 675/542/523 680/607/578 681/409/401
f 502/167/165 498/541/522 506/715/671
f 785/442/430 35/632/529 782/634/600
f 721/358/352 739/659/532 736/1002/721
f 733/700/602 731/1003/758 734/908/831
f 880/650/615 873/896/821 877/538/519
f 554/342/336 33/309/304 43/1004/893
f 459/240/236 448/985/885 458/796/737
f 589/973/878 893/218/216 573/217/215
f 365/251/247 354/454/440 362/845/780
f 120/141/139 425/1005/894 426/640/606
f 780/696/655 800/789/730 349/493/476
f 250/169/167 463/906/279 232/695/654
f 240/365/359 439/576/550 443/402/394
f 796/672/635 804/494/477 800/789/730
f 3/262/258 477/159/157 469/306/301
f 153/315/310 155/429/419 154/522/504
f 425/1005/894 427/800/741 423/699/658
f 103/290/285 763/546/527 766/1006/895
f 26/273/269 824/776/719 825/274/270
f 194/364/358 152/366/360 156/324/319
f 835/1007/896 834/535/516 828/794/735
f 835/1007/896 828/794/735 659/304/299
f 71/117/116 914/116/115 879/976/880
f 118/110/109 199/112/111 586/733/685
f 452/350/344 714/266/262 708/954/866
f 807/443/431 413/940/855 414/773/717
f 765/962/870 790/892/818 800/789/730
f 807/443/431 799/1008/897 413/940/855
f 423/699/658 434/62/61 421/638/604
f 425/1005/894 422/325/320 427/800/741
f 91/260/256 94/959/868 424/860/794
f 55/452/439 332/340/334 53/889/815
f 54/106/105 546/851/786 538/1009/883
f 428/63/62 423/699/658 427/800/741
f 333/613/176 342/1010/832 343/1011/720
f 218/698/657 223/754/701 226/766/710
f 191/170/168 250/169/167 378/544/525
f 343/1011/720 352/250/246 333/613/176
f 326/716/672 646/717/673 828/794/735
f 775/186/184 868/849/784 815/743/694
f 839/449/437 841/586/559 831/533/514
f 562/1012/898 40/1013/899 30/341/335
f 349/493/476 873/896/821 880/650/615
f 344/811/751 348/966/872 347/523/505
f 363/956/725 360/894/819 514/893/781
f 396/154/152 823/153/151 821/1014/900
f 504/1015/528 386/289/284 405/630/496
f 17/466/451 82/1016/901 511/742/693
f 17/466/451 542/232/228 82/1016/901
f 903/427/417 257/952/99 917/1017/341
f 823/153/151 816/753/700 821/1014/900
f 62/468/453 74/924/837 472/105/104
f 756/101/100 376/311/306 484/161/159
f 838/276/272 851/543/524 681/409/401
f 103/290/285 766/1006/895 769/1018/902
f 726/921/842 725/151/149 581/605/576
f 347/523/505 96/90/89 340/214/212
f 399/279/275 408/99/98 409/172/170
f 568/520/502 570/198/196 221/376/369
f 49/431/421 183/704/662 179/706/438
f 409/1019/170 7/408/400 6/1020/903
f 117/805/746 124/196/194 138/1021/904
f 899/187/185 806/587/560 895/764/708
f 872/495/478 802/710/666 881/1022/905
f 72/182/180 715/995/891 779/1023/906
f 891/397/390 911/883/810 910/971/876
f 345/252/248 346/602/573 333/613/176
f 233/903/828 232/695/654 463/906/279
f 673/760/706 643/920/841 677/1024/907
f 837/882/809 776/291/286 840/790/731
f 390/910/833 375/377/370 221/376/369
f 361/624/594 803/504/487 801/503/486
f 832/534/515 831/533/514 841/586/559
f 363/956/725 359/957/867 360/894/819
f 252/807/274 409/1019/170 551/808/748
f 59/211/209 56/375/368 57/142/140
f 817/824/763 821/1014/900 816/753/700
f 415/269/265 849/114/113 844/584/558
f 634/31/30 637/513/495 640/870/802
f 144/949/862 102/847/782 104/1025/908
f 121/911/834 916/972/877 915/458/444
f 73/238/234 762/368/362 766/1006/895
f 500/501/484 46/158/156 468/160/158
f 298/574/548 190/259/255 195/575/549
f 764/157/155 763/546/527 111/591/564
f 472/1026/104 381/470/454 471/469/102
f 904/779/354 893/223/216 589/1027/878
f 827/86/85 826/670/633 757/156/154
f 687/987/886 575/988/489 688/1028/863
f 382/526/508 536/528/67 538/982/883
f 107/953/865 920/787/728 919/814/754
f 256/599/378 259/149/147 407/148/146
f 750/30/29 738/29/28 73/238/234
f 837/882/809 771/615/585 148/614/584
f 696/900/825 115/122/121 874/120/119
f 129/312/307 308/572/546 212/447/435
f 107/953/865 919/814/754 501/928/846
f 250/736/167 1/735/687 2/202/200
f 892/398/382 878/1029/909 876/1030/342
f 418/437/425 493/642/608 896/430/420
f 361/624/594 802/710/666 805/996/892
f 390/910/833 381/470/454 202/797/738
f 161/152/150 856/115/114 854/772/716
f 473/43/42 62/468/453 847/44/43
f 624/4/4 669/32/31 481/230/226
f 7/408/400 409/1019/170 68/1031/169
f 34/308/303 44/686/367 45/685/646
f 250/736/167 2/202/200 463/283/279
f 291/780/722 490/782/724 505/641/607
f 372/439/427 371/784/726 505/641/607
f 884/128/127 690/524/506 616/119/118
f 912/737/688 883/863/36 846/483/467
f 259/149/147 256/599/378 254/1032/881
f 591/604/575 905/948/861 574/947/860
f 878/1029/909 910/971/876 121/911/834
f 77/467/452 511/742/693 818/866/798
f 693/899/824 692/876/804 623/902/827
f 476/843/778 438/756/702 445/853/787
f 628/739/690 629/888/814 653/3/3
f 518/895/820 512/927/845 353/984/723
f 32/307/302 38/332/327 34/308/303
f 580/792/733 573/217/215 912/737/688
f 297/367/361 191/170/168 378/544/525
f 105/10/10 561/144/142 557/11/11
f 23/793/734 659/304/299 828/794/735
f 204/690/650 85/692/543 30/341/335
f 765/962/870 780/696/655 84/146/144
f 187/593/566 186/858/792 179/450/438
f 101/768/712 104/1025/908 102/847/782
f 720/19/19 736/778/721 737/20/20
f 819/560/539 832/534/515 841/586/559
f 817/824/763 832/534/515 821/1014/900
f 921/701/659 51/887/813 89/702/660
f 212/447/435 112/831/770 206/1033/910
f 108/786/727 109/788/729 110/830/769
f 71/117/116 918/349/343 797/941/614
f 527/838/776 499/837/557 509/418/164
f 876/1030/342 878/1029/909 220/619/589
f 481/230/226 638/854/788 632/231/227
f 890/45/44 898/465/450 903/427/417
f 244/282/278 464/521/503 293/16/16
f 150/229/225 424/860/794 140/765/709
f 667/1034/428 578/1035/35 579/297/292
f 903/427/417 898/465/450 894/951/864
f 188/76/75 386/289/284 66/77/76
f 903/427/417 894/951/864 257/952/99
f 591/604/575 574/947/860 572/505/488
f 9/17/17 52/445/433 294/444/432
f 187/593/566 179/450/438 180/253/249
f 769/1018/902 766/1006/895 762/368/362
f 484/161/159 759/726/679 479/108/107
f 760/989/887 770/654/619 769/1018/902
f 194/364/358 153/315/310 439/576/550
f 458/796/737 457/937/852 528/164/162
f 57/142/140 114/400/392 122/140/138
f 336/616/586 865/968/874 861/922/843
f 791/774/718 811/71/70 42/70/69
f 366/129/128 272/132/130 255/346/340
f 387/850/785 726/921/842 581/605/576
f 50/286/281 402/958/198 209/1036/686
f 660/608/579 671/95/94 633/94/93
f 662/687/647 641/689/649 673/760/706
f 379/801/742 787/841/653 707/840/777
f 404/825/764 392/918/840 346/602/573
f 633/94/93 651/719/675 648/536/517
f 570/198/196 549/97/96 408/99/98
f 26/273/269 875/1037/911 880/650/615
f 588/965/871 603/407/399 598/664/627
f 19/597/570 258/836/775 265/319/314
f 620/869/801 624/4/4 626/6/6
f 103/290/285 111/591/564 763/546/527
f 476/843/778 456/936/851 449/666/629
f 389/125/124 393/139/137 394/1038/574
f 183/704/662 176/189/187 174/1039/912
f 63/986/366 504/547/528 64/516/498
f 555/1040/913 90/819/759 135/799/740
f 464/521/503 244/282/278 243/7/7
f 343/1011/720 354/454/440 352/250/246
f 168/300/295 159/302/297 108/963/727
f 587/943/850 585/220/218 730/635/601
f 317/829/768 319/455/441 316/150/148
f 51/1041/813 92/573/547 93/1042/282
f 33/309/304 34/308/303 45/685/646
f 329/241/237 331/380/373 327/433/423
f 137/47/46 274/321/316 385/320/315
f 455/14/14 433/571/545 451/15/15
f 333/613/176 352/250/246 345/252/248
f 237/749/9 224/990/888 238/992/889
f 853/1043/914 818/866/798 81/557/536
f 347/523/505 340/214/212 344/811/751
f 236/998/707 234/970/875 464/969/503
f 591/604/575 572/505/488 614/296/291
f 740/707/663 714/266/262 715/995/891
f 817/824/763 834/535/516 832/534/515
f 674/556/535 842/271/267 676/967/873
f 712/994/890 706/351/345 711/1044/915
f 840/790/731 776/291/286 773/147/145
f 396/154/152 821/1014/900 822/275/271
f 88/81/80 87/234/230 268/626/596
f 87/234/230 81/557/536 82/1016/901
f 341/91/90 348/966/872 343/777/720
f 618/885/808 628/978/690 198/886/812
f 195/575/549 388/498/481 406/629/598
f 249/384/377 242/747/8 254/980/881
f 721/358/352 725/151/149 726/921/842
f 555/1040/913 135/799/740 215/212/210
f 721/358/352 726/921/842 718/660/624
f 853/1043/914 81/557/536 571/80/79
f 231/484/468 391/579/553 258/836/775
f 202/797/738 182/497/480 200/496/479
f 28/401/393 470/298/293 865/1045/874
f 301/299/294 524/833/772 550/637/603
f 248/912/835 247/281/277 293/16/16
f 33/309/304 45/685/646 43/1004/893
f 425/1005/894 312/730/683 422/325/320
f 747/264/260 740/707/663 768/723/678
f 843/554/533 861/1046/843 513/555/534
f 760/989/887 769/1018/902 762/368/362
f 331/380/373 323/424/414 430/960/869
f 72/182/180 779/1023/906 789/183/181
f 223/754/701 217/697/656 315/646/612
f 136/355/349 143/983/884 141/353/347
f 174/1039/912 164/301/296 168/300/295
f 105/10/10 13/143/141 561/144/142
f 613/405/397 603/407/399 612/758/704
f 525/461/446 624/4/4 620/869/801
f 612/758/704 605/623/593 607/394/387
f 537/135/133 356/813/753 357/590/563
f 690/524/506 694/258/254 616/119/118
f 140/765/709 97/861/795 102/847/782
f 107/953/865 501/928/846 205/932/849
f 255/346/340 272/132/130 280/391/384
f 720/24/19 716/23/23 721/358/352
f 754/476/460 749/1047/844 753/477/461
f 291/780/722 505/641/607 371/784/726
f 296/210/208 426/640/606 420/639/605
f 146/499/482 650/191/189 609/190/188
f 140/765/709 102/847/782 144/949/862
f 338/464/449 859/388/381 157/185/183
f 100/809/749 732/219/217 199/112/111
f 819/560/539 780/696/655 875/1037/911
f 305/1048/492 60/763/434 296/210/208
f 305/1048/492 420/639/605 309/673/636
f 781/826/765 785/442/430 782/634/600
f 390/910/833 369/652/617 508/471/455
f 55/452/439 60/446/434 52/445/433
f 620/869/801 630/1049/916 622/867/799
f 485/746/697 565/600/572 488/540/521
f 195/575/549 200/496/479 388/498/481
f 286/26/25 67/519/501 879/976/880
f 117/805/746 138/1021/904 147/1050/917
f 77/467/452 818/866/798 847/44/43
f 26/273/269 819/560/539 875/1037/911
f 440/322/317 152/366/360 442/757/703
f 117/805/746 147/1050/917 130/731/684
f 422/325/320 432/327/322 427/800/741
f 416/944/857 370/438/426 419/356/350
f 768/723/678 772/145/143 770/654/619
f 704/280/276 377/532/513 703/803/744
f 142/667/630 128/898/823 91/260/256
f 767/722/677 746/668/631 747/264/260
f 527/838/776 509/418/164 503/417/408
f 666/35/34 577/925/766 578/36/35
f 132/50/49 541/930/847 547/511/493
f 738/29/28 742/655/620 745/594/567
f 742/655/620 737/20/20 739/552/532
f 740/707/663 69/891/817 790/892/818
f 791/775/718 794/625/595 793/581/555
f 572/505/488 579/297/292 614/296/291
f 411/1051/72 79/865/797 39/864/796
f 162/558/537 212/447/435 308/572/546
f 142/667/630 139/945/858 128/898/823
f 265/319/314 391/579/553 263/345/339
f 299/508/491 292/18/18 9/17/17
f 562/1012/898 30/341/335 85/692/543
f 645/658/623 644/657/622 646/717/673
f 136/355/349 135/799/740 128/898/823
f 654/669/632 826/670/633 656/901/826
f 286/26/25 879/976/880 914/116/115
f 474/74/73 297/367/361 569/173/171
f 206/1033/910 109/788/729 107/953/865
f 554/342/336 30/341/335 40/1013/899
f 160/835/774 110/830/769 162/558/537
f 624/4/4 481/230/226 460/5/5
f 80/75/74 563/294/289 79/1052/797
f 846/483/467 435/123/122 912/737/688
f 198/886/812 196/423/413 625/875/800
f 740/707/663 715/995/891 69/891/817
f 698/884/811 696/900/825 695/257/253
f 671/95/94 619/771/715 672/93/92
f 715/995/891 712/994/890 713/1053/918
f 796/672/635 795/184/182 801/503/486
f 144/949/862 104/1025/908 108/963/727
f 754/476/460 607/566/387 749/1047/844
f 411/1051/72 39/864/796 562/1012/898
f 29/87/86 302/647/613 22/502/485
f 417/656/621 678/419/409 677/1024/907
f 587/934/850 730/1054/601 588/965/871
f 38/568/327 36/267/263 507/98/97
f 401/631/599 657/662/625 669/32/31
f 314/904/641 254/1032/881 242/1055/8
f 264/395/388 255/346/340 280/391/384
f 724/1056/838 722/1057/22 720/1058/19
f 698/884/811 693/899/824 696/900/825
f 787/694/653 778/993/125 784/330/325
f 39/864/796 32/307/302 33/309/304
f 482/235/231 563/294/289 556/890/816
f 386/289/284 89/702/660 93/287/282
f 891/397/390 910/971/876 878/1029/909
f 648/536/517 647/248/244 219/537/518
f 20/109/108 759/726/679 401/631/599
f 90/819/759 555/1040/913 559/261/257
f 715/995/891 713/1053/918 779/1023/906
f 921/701/659 919/814/754 99/815/755
f 264/395/388 287/390/383 273/244/240
f 552/268/264 37/381/374 507/98/97
f 364/821/761 355/823/762 359/957/867
f 712/994/890 711/1044/915 713/1053/918
f 222/67/66 530/486/470 536/68/67
f 553/665/628 390/910/833 398/1059/919
f 603/407/399 601/530/511 605/623/593
f 583/197/195 586/733/685 585/220/218
f 747/264/260 768/723/678 767/722/677
f 705/738/689 710/839/652 706/919/345
f 731/1003/758 724/1056/838 734/908/831
f 172/227/223 166/344/338 177/188/186
f 417/656/621 642/676/638 644/657/622
f 279/338/332 275/337/331 231/484/468
f 510/527/509 535/721/676 526/817/757
f 654/669/632 656/901/826 652/414/406
f 120/141/139 125/848/783 425/1005/894
f 260/426/416 276/852/333 279/1060/332
f 330/877/805 705/738/689 706/919/345
f 373/938/853 182/497/480 381/470/454
f 245/162/160 453/404/396 462/857/791
f 855/205/203 911/883/810 889/399/391
f 409/1019/170 6/1020/903 551/808/748
f 619/771/715 671/95/94 685/610/581
f 185/478/462 668/871/309 664/872/803
f 486/215/213 523/1061/129 281/226/222
f 580/792/733 912/737/688 435/123/122
f 126/69/68 527/838/776 222/67/66
f 862/617/587 889/399/391 892/398/382
f 328/336/330 430/960/869 320/334/328
f 717/411/403 719/488/471 718/660/624
f 336/616/586 861/922/843 844/584/558
f 71/117/116 879/976/880 892/389/382
f 132/50/49 547/511/493 61/316/311
f 699/352/346 691/525/507 884/128/127
f 152/366/360 240/365/359 438/756/702
f 140/765/709 424/860/794 97/861/795
f 239/474/458 614/296/291 594/295/290
f 830/305/300 659/304/299 652/414/406
f 243/7/7 247/281/277 314/680/641
f 481/230/226 634/31/30 638/854/788
f 745/594/567 760/989/887 762/368/362
f 860/618/588 802/710/666 798/709/665
f 49/431/421 546/851/786 540/49/48
f 661/415/407 652/414/406 659/304/299
f 827/86/85 757/156/154 10/155/153
f 872/495/478 805/996/892 802/710/666
f 119/804/745 312/730/683 122/140/138
f 354/822/440 348/966/872 355/823/762
f 416/944/857 365/251/247 370/438/426
f 679/975/879 678/419/409 850/421/411
f 403/1062/920 413/940/855 346/602/573
f 275/337/331 277/453/220 282/578/552
f 656/901/826 826/670/633 827/86/85
f 174/1039/912 168/300/295 169/705/538
f 76/56/55 871/820/760 65/564/542
f 264/395/388 269/89/88 178/88/87
f 566/728/681 490/782/724 496/27/26
f 136/355/349 128/898/823 139/945/858
f 649/718/674 596/40/39 650/191/189
f 32/307/302 79/865/797 70/333/288
f 403/1062/920 346/602/573 345/252/248
f 568/520/502 559/261/257 555/1040/913
f 374/57/56 494/515/497 405/514/496
f 837/882/809 303/84/83 771/615/585
f 641/689/649 635/688/648 632/231/227
f 711/1063/915 706/919/345 710/839/652
f 403/1062/920 345/252/248 365/251/247
f 206/1033/910 112/831/770 110/830/769
f 733/700/602 735/645/611 588/965/871
f 105/10/10 258/836/775 19/597/570
f 768/723/678 790/892/818 772/145/143
f 300/745/696 647/248/244 651/719/675
f 370/438/426 365/251/247 372/439/427
f 692/876/804 693/899/824 698/884/811
f 453/404/396 457/937/852 456/936/851
f 53/889/815 45/685/646 58/451/380
f 453/404/396 456/936/851 443/402/394
f 202/797/738 381/470/454 182/497/480
f 161/152/150 869/243/239 870/113/112
f 98/770/714 99/1001/755 101/768/712
f 685/610/581 689/609/580 684/310/305
f 553/665/628 398/1059/919 410/798/739
f 377/532/513 700/942/856 702/684/645
f 649/718/674 650/191/189 146/499/482
f 53/889/815 554/342/336 43/1004/893
f 861/1046/843 465/816/756 513/555/534
f 201/25/24 496/27/26 495/714/670
f 484/161/159 627/741/692 759/726/679
f 212/447/435 162/558/537 112/831/770
f 247/281/277 310/1064/822 314/680/641
f 353/984/723 503/417/408 497/416/163
f 852/277/273 681/409/401 679/975/879
f 709/265/261 747/264/260 743/595/568
f 728/550/530 719/955/471 708/954/866
f 183/704/662 174/1039/912 169/705/538
f 262/255/251 308/572/546 129/312/307
f 824/776/719 867/362/356 869/243/239
f 225/137/135 700/942/856 385/320/315
f 679/975/879 850/421/411 852/277/273
f 406/629/598 93/1042/282 92/573/547
f 913/791/732 435/123/122 623/902/827
f 29/87/86 269/89/88 302/647/613
f 560/740/691 397/12/12 227/545/526
f 432/327/322 440/322/317 476/843/778
f 390/910/833 221/376/369 398/1059/919
f 472/105/104 487/104/103 62/468/453
f 224/990/888 233/903/828 235/907/830
f 621/33/32 657/662/625 627/741/692
f 818/866/798 511/742/693 82/1016/901
f 860/618/588 886/620/590 802/710/666
f 683/480/464 676/967/873 842/271/267
f 32/307/302 70/333/288 38/332/327
f 212/447/435 211/1065/921 213/313/308
f 510/527/509 526/817/757 524/833/772
f 369/652/617 553/665/628 475/653/618
f 501/928/846 921/701/659 196/423/413
f 305/1048/492 296/210/208 420/639/605
f 684/310/305 689/609/580 376/311/306
f 687/987/886 682/1066/922 667/440/428
f 211/1065/921 205/932/849 207/750/2
f 29/87/86 22/502/485 14/517/499
f 871/820/760 813/107/106 65/564/542
f 454/628/283 93/1042/282 406/629/598
f 528/164/162 457/937/852 453/404/396
f 225/137/135 702/684/645 700/942/856
f 389/633/124 395/917/839 782/634/600
f 317/829/768 313/828/767 318/179/177
f 883/37/36 864/39/38 808/979/465
f 291/780/722 514/846/781 353/781/723
f 490/782/724 495/714/670 496/27/26
f 54/106/105 538/1009/883 536/68/67
f 892/398/382 891/397/390 878/1029/909
f 729/977/610 750/30/29 751/432/422
f 298/574/548 102/847/782 97/861/795
f 761/236/232 607/566/387 754/476/460
f 448/985/885 457/937/852 458/796/737
f 705/738/689 701/802/743 707/840/777
f 231/484/468 275/337/331 391/579/553
f 443/402/394 543/596/569 545/53/52
f 873/896/821 881/1022/905 885/622/592
f 121/911/834 220/619/589 878/1029/909
f 224/990/888 237/749/9 229/748/698
f 520/272/268 342/909/832 337/177/175
f 780/696/655 349/493/476 875/1037/911
f 642/676/638 639/249/245 412/463/448
f 209/874/686 208/168/166 210/1067/651
f 153/315/310 193/317/312 439/576/550
f 704/280/276 694/258/254 690/524/506
f 720/24/19 721/358/352 736/1002/721
f 915/458/444 887/621/591 121/911/834
f 896/430/420 566/728/681 900/118/117
f 211/1065/921 207/750/2 213/313/308
f 439/576/550 543/596/569 443/402/394
f 21/207/205 11/931/848 228/64/63
f 748/531/512 735/645/611 753/842/461
f 148/614/584 103/290/285 776/291/286
f 883/863/36 808/481/465 846/483/467
f 192/460/77 525/461/446 617/880/412
f 486/215/213 340/214/212 96/90/89
f 862/929/587 892/389/382 888/518/500
f 865/1045/874 862/929/587 28/401/393
f 606/1068/699 611/393/386 400/392/385
f 228/64/63 11/931/848 7/408/400
f 861/1046/843 470/298/293 465/816/756
f 775/186/184 815/743/694 806/587/560
f 594/295/290 579/297/292 578/1035/35
f 673/760/706 677/1024/907 679/975/879
f 259/149/147 254/1032/881 314/904/641
f 500/501/484 15/192/190 46/158/156
f 402/200/198 2/202/200 1/735/687
f 206/1033/910 110/830/769 109/788/729
f 188/76/75 196/423/413 89/702/660
f 424/860/794 94/959/868 298/574/548
f 483/492/475 290/677/639 480/490/473
f 457/937/852 447/13/13 449/666/629
f 765/962/870 800/789/730 780/696/655
f 451/15/15 434/62/61 450/834/773
f 646/717/673 655/462/447 23/793/734
f 486/215/213 96/90/89 523/1061/129
f 132/50/49 540/49/48 541/930/847
f 606/1068/699 608/434/424 611/393/386
f 380/479/463 675/542/523 676/967/873
f 714/266/262 709/265/261 708/954/866
f 60/446/434 305/509/492 294/444/432
f 478/221/219 893/223/216 904/779/354
f 77/467/452 847/44/43 62/468/453
f 835/1007/896 829/303/298 834/535/516
f 161/152/150 857/580/554 848/420/410
f 484/161/159 376/311/306 689/609/580
f 662/687/647 673/760/706 441/606/577
f 70/293/288 79/1052/797 563/294/289
f 215/212/210 568/520/502 555/1040/913
f 225/137/135 389/125/124 149/206/204
f 655/462/447 658/413/405 23/793/734
f 755/744/695 758/237/233 757/156/154
f 435/123/122 868/849/784 908/124/123
f 82/1016/901 542/232/228 87/234/230
f 915/458/444 916/972/877 897/459/445
f 710/693/652 783/879/807 711/1044/915
f 691/525/507 383/48/47 377/532/513
f 642/676/638 412/463/448 655/462/447
f 606/752/699 610/500/483 609/190/188
f 629/888/814 635/688/648 663/1069/923
f 301/299/294 565/600/572 485/746/697
f 895/764/708 902/806/747 894/951/864
f 781/826/765 807/443/431 785/442/430
f 168/300/295 160/964/774 167/1070/642
f 740/707/663 790/892/818 768/723/678
f 729/977/610 751/432/422 753/477/461
f 635/688/648 662/687/647 663/1069/923
f 634/31/30 621/33/32 637/513/495
f 224/990/888 235/907/830 234/991/875
f 59/211/209 57/142/140 120/141/139
f 51/1041/813 99/1001/755 98/770/714
f 497/165/163 502/167/165 495/714/670
f 31/1071/326 558/292/287 83/65/64
f 594/295/290 578/1035/35 577/827/766
f 724/916/838 744/21/21 738/29/28
f 775/186/184 806/587/560 899/187/185
f 722/1057/22 724/1056/838 731/1003/758
f 31/1071/326 70/293/288 558/292/287
f 153/315/310 173/228/224 61/316/311
f 810/914/836 76/56/55 74/915/837
f 295/732/456 310/1064/822 247/281/277
f 12/598/571 14/517/499 467/844/779
f 626/6/6 631/767/711 630/1049/916
f 554/342/336 40/1013/899 39/864/796
f 175/51/50 132/50/49 176/189/187
f 827/86/85 830/305/300 656/901/826
f 486/215/213 281/226/222 283/225/221
f 554/342/336 39/864/796 33/309/304
f 837/882/809 148/614/584 776/291/286
f 705/738/689 704/280/276 701/802/743
f 646/717/673 644/657/622 655/462/447
f 385/320/315 337/177/175 284/138/136
f 379/801/742 777/127/126 787/841/653
f 589/1072/878 576/946/859 905/948/861
f 608/434/424 615/612/583 611/393/386
f 443/402/394 545/53/52 533/403/395
f 331/380/373 430/960/869 328/336/330
f 679/975/879 677/1024/907 678/419/409
f 307/194/192 41/371/365 133/195/193
f 687/987/886 581/605/576 682/1066/922
f 379/801/742 707/840/777 701/802/743
f 361/624/594 805/996/892 803/504/487
f 147/1050/917 138/1021/904 141/353/347
f 757/156/154 761/236/232 764/157/155
f 619/771/715 685/610/581 684/310/305
f 461/856/790 527/838/776 246/174/172
f 37/381/374 34/374/303 507/98/97
f 147/1050/917 143/983/884 155/429/419
f 867/362/356 897/459/445 858/363/357
f 755/744/695 610/500/483 400/565/385
f 192/460/77 65/564/542 813/107/106
f 324/708/664 791/775/718 42/761/69
f 248/912/835 293/16/16 292/18/18
f 372/439/427 365/251/247 362/845/780
f 705/738/689 707/840/777 710/839/652
f 41/371/365 197/370/364 133/195/193
f 620/869/801 626/6/6 630/1049/916
f 215/212/210 570/198/196 568/520/502
f 735/645/611 748/531/512 588/965/871
f 514/846/781 291/780/722 371/784/726
f 913/791/732 75/410/402 727/412/404
f 708/954/866 743/595/568 741/551/531
f 682/1066/922 582/34/33 667/440/428
f 459/240/236 458/796/737 350/561/540
f 123/961/91 342/909/832 289/383/376
f 667/1034/428 579/297/292 575/506/489
f 174/1039/912 176/189/187 164/301/296
f 521/795/736 358/133/131 350/561/540
f 521/795/736 528/164/162 516/163/161
f 818/866/798 853/1043/914 338/464/449
f 113/878/806 122/140/138 114/400/392
f 845/913/418 917/347/341 810/914/836
f 642/676/638 640/870/802 639/249/245
f 619/771/715 684/310/305 774/38/37
f 708/954/866 709/265/261 743/595/568
f 754/476/460 764/157/155 761/236/232
f 761/236/232 758/237/233 755/744/695
f 309/673/636 304/180/178 306/473/457
f 145/711/667 335/491/474 480/490/473
f 660/608/579 685/610/581 671/95/94
f 127/354/348 135/799/740 136/355/349
f 808/481/465 906/588/561 863/482/466
f 570/198/196 408/99/98 399/279/275
f 588/965/871 601/530/511 603/407/399
f 635/688/648 631/767/711 460/5/5
f 257/952/99 902/806/747 901/589/562
f 104/1025/908 920/1000/728 108/963/727
f 606/752/699 604/42/41 602/41/40
f 317/829/768 321/181/179 319/455/441
f 616/119/118 694/258/254 874/120/119
f 312/730/683 425/1005/894 125/848/783
f 493/642/608 505/641/607 490/782/724
f 76/56/55 65/564/542 78/727/680
f 144/949/862 108/963/727 159/302/297
f 854/772/716 856/115/114 852/277/273
f 351/812/752 266/379/372 357/590/563
f 120/141/139 426/640/606 296/210/208
f 374/57/56 76/56/55 78/727/680
f 211/1065/921 206/1033/910 205/932/849
f 175/51/50 176/189/187 49/431/421
f 319/455/441 321/181/179 325/456/442
f 157/185/183 866/121/120 908/124/123
f 501/928/846 919/814/754 921/701/659
f 841/586/559 839/449/437 820/448/436
f 615/612/583 613/405/397 611/393/386
f 349/493/476 872/495/478 873/896/821
f 317/829/768 318/179/177 321/181/179
f 212/447/435 206/1033/910 211/1065/921
f 283/225/221 278/425/415 323/424/414
f 886/620/590 220/619/589 887/621/591
f 4/926/27 734/908/831 724/1056/838
f 872/495/478 881/1022/905 873/896/821
f 51/1041/813 98/770/714 92/573/547
f 272/132/130 289/383/376 288/245/241
f 127/354/348 197/370/364 135/799/740
f 563/294/289 569/173/171 556/890/816
f 339/176/174 394/1038/574 393/139/137
f 374/57/56 78/727/680 494/515/497
f 922/1073/882 49/431/421 179/706/438
f 795/184/182 789/183/181 792/328/323
f 829/303/298 831/533/514 834/535/516
f 528/164/162 453/404/396 245/162/160
f 512/927/845 518/895/820 516/163/161
f 504/1015/528 63/372/366 386/289/284
f 787/694/653 784/330/325 788/329/324
f 629/888/814 630/1049/916 631/767/711
f 781/826/765 799/1008/897 807/443/431
f 591/604/575 592/361/355 905/948/861
f 83/65/64 558/292/287 482/235/231
f 343/777/720 348/966/872 354/822/440
f 171/58/57 882/60/59 67/519/501
f 552/268/264 549/97/96 184/369/363
f 537/135/133 359/957/867 356/813/753
f 904/779/354 590/873/353 809/674/637
f 241/582/556 242/747/8 249/384/377
f 69/891/817 715/995/891 72/182/180
f 326/716/672 817/824/763 645/658/623
f 380/479/463 676/967/873 683/480/464
f 80/75/74 569/173/171 563/294/289
f 774/38/37 478/221/219 619/771/715
f 791/774/718 786/441/429 807/443/431
f 876/1030/342 220/619/589 918/648/343
f 704/280/276 703/803/744 701/802/743
f 665/1/1 653/3/3 664/872/803
f 338/464/449 899/187/185 898/465/450
f 531/485/469 461/856/790 462/857/791
f 38/568/327 507/98/97 34/374/303
f 328/336/330 327/433/423 331/380/373
f 818/866/798 82/1016/901 81/557/536
f 411/1051/72 562/1012/898 85/692/543
f 104/1025/908 101/768/712 920/1000/728
f 353/984/723 512/927/845 503/417/408
f 733/700/602 588/965/871 730/1054/601
f 622/867/799 630/1049/916 629/888/814
f 708/954/866 741/551/531 728/550/530
f 303/84/83 827/86/85 10/155/153
f 584/810/750 666/35/34 583/197/195
f 162/558/537 167/681/642 160/835/774
f 135/799/740 90/819/759 128/898/823
f 521/795/736 458/796/737 528/164/162
f 157/185/183 908/124/123 775/186/184
f 598/664/627 587/934/850 588/965/871
f 241/582/556 229/748/698 242/747/8
f 465/816/756 550/637/603 526/817/757
f 206/1033/910 107/953/865 205/932/849
f 471/469/102 508/471/455 369/652/617
f 698/884/811 695/257/253 697/256/252
f 10/155/153 771/615/585 303/84/83
f 597/663/626 600/406/398 599/577/551
f 35/632/529 778/1074/125 389/633/124
f 782/634/600 395/917/839 404/825/764
f 642/676/638 417/656/621 643/920/841
f 327/433/423 322/335/329 325/456/442
f 75/410/402 623/902/827 692/876/804
f 221/376/369 410/798/739 398/1059/919
f 266/379/372 351/812/752 340/214/212
f 139/945/858 154/522/504 155/429/419
f 447/13/13 448/985/885 455/14/14
f 190/259/255 202/797/738 195/575/549
f 237/9/9 238/1075/889 243/7/7
f 386/289/284 188/76/75 89/702/660
f 185/478/462 664/872/803 534/905/829
f 810/914/836 917/347/341 479/108/107
f 253/832/771 126/675/68 510/527/509
f 441/606/577 675/542/523 534/905/829
f 203/378/371 334/562/541 358/133/131
f 279/1060/332 256/599/378 260/426/416
f 68/1031/169 83/65/64 7/408/400
f 186/858/792 187/593/566 335/491/474
f 201/25/24 506/715/671 565/600/572
f 49/431/421 538/1009/883 546/851/786
f 55/452/439 52/445/433 332/340/334
f 643/920/841 417/656/621 677/1024/907
f 821/1014/900 832/534/515 822/275/271
f 61/316/311 544/512/494 193/317/312
f 628/739/690 618/881/808 622/867/799
f 264/395/388 178/88/87 255/346/340
f 842/678/267 170/553/266 513/555/534
f 853/1043/914 571/80/79 859/388/381
f 123/92/91 343/777/720 342/1076/832
f 21/207/205 228/64/63 106/759/705
f 416/944/857 403/1062/920 365/251/247
f 859/388/381 866/121/120 157/185/183
f 606/752/699 400/565/385 610/500/483
f 638/854/788 643/920/841 641/689/649
f 118/110/109 586/733/685 583/197/195
f 16/209/207 25/208/206 18/203/201
f 216/611/582 437/570/544 444/242/238
f 382/526/508 538/982/883 27/713/669
f 642/676/638 643/920/841 640/870/802
f 796/672/635 801/503/486 804/494/477
f 526/817/757 550/637/603 524/833/772
f 158/323/318 130/731/684 156/324/319
f 103/290/285 769/1018/902 770/654/619
f 721/358/352 718/660/624 739/659/532
f 636/247/243 639/249/245 640/870/802
f 742/655/620 739/552/532 741/551/531
f 53/889/815 43/1004/893 45/685/646
f 337/177/175 342/909/832 333/178/176
f 689/609/580 660/608/579 670/651/616
f 724/916/838 720/19/19 744/21/21
f 790/892/818 765/962/870 772/145/143
f 918/648/343 220/619/589 860/618/588
f 861/1046/843 865/1045/874 470/298/293
f 119/804/745 113/878/806 117/805/746
f 359/957/867 355/823/762 356/813/753
f 673/760/706 679/975/879 680/607/578
f 732/219/217 730/635/601 585/220/218
f 147/1050/917 141/353/347 143/983/884
f 531/485/469 462/857/791 533/403/395
f 31/1071/326 83/65/64 68/1031/169
f 911/883/810 916/972/877 910/971/876
f 649/718/674 672/93/92 596/40/39
f 273/244/240 287/390/383 288/245/241
f 161/152/150 870/113/112 856/115/114
f 476/843/778 445/853/787 456/936/851
f 282/578/552 277/453/220 366/129/128
f 137/47/46 385/320/315 700/942/856
f 911/883/810 858/363/357 916/972/877
f 622/867/799 629/888/814 628/739/690
f 9/17/17 294/444/432 299/508/491
f 73/238/234 766/1006/895 181/239/235
f 147/1050/917 156/324/319 130/731/684
f 79/1052/797 411/73/72 80/75/74
f 562/1012/898 39/864/796 40/1013/899
f 373/938/853 472/1026/104 489/997/54
f 130/731/684 158/323/318 431/326/321
f 699/352/346 116/79/78 88/81/80
f 665/751/1 668/314/309 213/313/308
f 140/765/709 151/683/644 165/682/643
f 235/907/830 463/906/279 234/991/875
f 138/1021/904 124/196/194 141/353/347
f 267/233/229 271/627/597 268/626/596
f 207/750/2 205/932/849 628/978/690
f 76/56/55 489/55/54 74/915/837
f 209/1036/686 210/691/651 204/690/650
f 85/567/543 210/1067/651 208/168/166
f 147/1050/917 155/429/419 156/324/319
f 124/196/194 133/195/193 127/354/348
f 388/498/481 182/497/480 405/725/496
f 163/343/337 150/229/225 165/682/643
f 204/690/650 50/286/281 209/1036/686
f 260/426/416 407/148/146 323/424/414
f 143/983/884 139/945/858 155/429/419
f 270/396/389 264/395/388 273/244/240
f 34/374/303 47/382/375 56/375/368
f 48/284/280 50/286/281 204/690/650
f 238/1075/889 236/762/707 243/7/7
f 241/582/556 249/384/377 251/386/379
f 267/233/229 268/626/596 87/234/230
f 310/897/822 313/828/767 314/904/641
f 273/244/240 285/246/242 274/321/316
f 11/931/848 8/263/259 3/262/258
f 140/765/709 165/682/643 150/229/225
f 3/262/258 469/306/301 551/808/748
f 11/931/848 3/262/258 6/1020/903
f 6/1020/903 7/408/400 11/931/848
f 173/228/224 172/227/223 61/316/311
f 551/808/748 6/1020/903 3/262/258
f 172/227/223 177/188/186 61/316/311
f 169/705/538 168/300/295 167/1070/642
f 166/344/338 165/682/643 164/301/296
f 58/387/380 56/375/368 59/211/209
f 177/188/186 166/344/338 176/189/187
f 166/344/338 163/343/337 165/682/643
f 166/344/338 164/301/296 176/189/187
f 554/342/336 53/889/815 332/340/334
f 95/769/713 298/574/548 92/573/547
f 358/133/131 334/562/541 350/561/540
f 522/939/854 358/133/131 521/795/736
f 347/523/505 348/966/872 341/91/90
f 381/470/454 472/1026/104 373/938/853
f 364/1077/761 363/783/725 362/845/780
f 394/603/574 346/602/573 392/918/840
f 556/890/816 297/367/361 557/11/11
f 340/214/212 351/812/752 344/811/751
f 325/456/442 321/181/179 216/611/582
f 421/638/604 434/62/61 216/611/582
f 413/940/855 403/1062/920 416/944/857
f 517/134/132 518/895/820 360/894/819
f 506/715/671 495/714/670 502/167/165
f 317/829/768 316/150/148 259/149/147
f 309/673/636 306/473/457 305/1048/492
f 423/699/658 421/638/604 426/640/606
f 413/940/855 799/1008/897 404/825/764
f 413/940/855 416/944/857 414/773/717
f 351/812/752 357/590/563 356/813/753
f 359/957/867 517/134/132 360/894/819
f 537/135/133 517/134/132 359/957/867
f 394/603/574 392/918/840 395/917/839
f 364/1077/761 362/845/780 354/454/440
f 310/897/822 318/179/177 313/828/767
f 781/826/765 404/825/764 799/1008/897
f 569/173/171 297/367/361 556/890/816
f 698/884/811 697/256/252 330/877/805
f 687/987/886 688/1028/863 576/974/859
f 591/604/575 593/475/459 592/361/355
f 426/640/606 425/1005/894 423/699/658
f 440/322/317 442/757/703 438/756/702
f 466/193/191 46/158/156 15/192/190
f 718/660/624 727/412/404 717/411/403
f 431/326/321 158/323/318 432/327/322
f 719/488/471 728/661/530 718/660/624
f 647/248/244 637/513/495 219/537/518
f 710/693/652 788/329/324 783/879/807
f 648/536/517 651/719/675 647/248/244
f 743/595/568 747/264/260 746/668/631
f 543/596/569 544/512/494 545/53/52
f 904/360/354 905/948/861 592/361/355
f 718/660/624 726/921/842 727/412/404
f 697/256/252 705/738/689 330/877/805
f 810/914/836 479/108/107 871/820/760
f 647/248/244 412/463/448 639/249/245
f 434/62/61 437/570/544 216/611/582
f 445/853/787 443/402/394 456/936/851
f 608/434/424 606/1068/699 602/435/40
f 440/322/317 438/756/702 476/843/778
f 582/34/33 682/1066/922 581/605/576
f 74/1078/837 489/997/54 472/1026/104
f 581/605/576 686/855/789 580/792/733
f 752/529/510 749/923/844 607/394/387 605/623/593
f 612/758/704 611/393/386 613/405/397
f 663/1069/923 664/872/803 629/888/814
f 745/594/567 762/368/362 738/29/28
f 687/987/886 576/974/859 686/855/789
f 575/506/489 574/947/860 688/950/863
f 775/186/184 908/124/123 868/849/784
f 664/872/803 663/1069/923 534/905/829
f 627/741/692 657/662/625 759/726/679
f 760/989/887 746/668/631 767/722/677
f 751/432/422 750/30/29 181/239/235
f 711/1044/915 783/879/807 779/1023/906
f 884/128/127 616/119/118 866/121/120
f 23/793/734 658/413/405 661/415/407
f 534/905/829 663/1069/923 662/687/647
f 905/948/861 904/360/354 589/1072/878
f 574/947/860 575/506/489 572/505/488
f 625/868/800 617/880/412 620/869/801
f 584/933/750 597/663/626 577/827/766
f 441/606/577 534/905/829 662/687/647
f 779/1023/906 713/1053/918 711/1044/915
f 826/670/633 610/500/483 755/744/695
f 695/257/253 696/900/825 694/258/254
f 884/128/127 691/525/507 690/524/506
f 808/979/465 864/39/38 376/311/306
f 763/546/527 181/239/235 766/1006/895
f 880/650/615 875/1037/911 349/493/476
f 795/184/182 792/328/323 794/625/595
f 802/710/666 886/620/590 881/1022/905
f 829/303/298 833/83/82 836/82/81
f 916/972/877 858/363/357 897/459/445
f 855/205/203 870/113/112 858/363/357
f 779/1023/906 783/879/807 789/183/181
f 909/102/101 917/347/341 257/100/99
f 659/304/299 829/303/298 835/1007/896
f 917/1017/341 845/428/418 903/427/417
f 858/363/357 911/883/810 855/205/203
f 853/1043/914 859/388/381 338/464/449
f 849/114/113 838/276/272 856/115/114
f 885/622/592 881/1022/905 886/620/590
f 27/713/669 922/981/882 923/859/793
f 49/431/421 922/1073/882 538/1009/883
f 186/858/792 922/981/882 179/450/438
f 922/981/882 186/858/792 923/859/793
f 335/491/474 27/713/669 923/859/793
